# 3ds Max Wavefront OBJ Exporter v0.99 - (c)2007 guruware
# File Created: 23.11.2022 12:57:52

#
# object Towers_Doors_and_Windows
#

v  -14.3118 18.2706 -12.3043
v  -14.3118 8.2397 -12.3043
v  -14.5630 8.2397 -13.1259
v  -14.5630 18.2706 -13.1259
v  -15.0558 8.2397 -13.8296
v  -15.0558 18.2706 -13.8296
v  -15.7419 8.2397 -14.3467
v  -15.7419 18.2706 -14.3467
v  -16.5542 8.2397 -14.6264
v  -16.5542 18.2706 -14.6264
v  -17.4132 8.2397 -14.6414
v  -17.4132 18.2706 -14.6414
v  -18.2348 18.2706 -14.3902
v  -18.2348 8.2397 -14.3902
v  -18.9385 8.2397 -13.8974
v  -18.9385 18.2706 -13.8974
v  -19.4555 8.2397 -13.2113
v  -19.4555 18.2706 -13.2113
v  -19.7352 8.2397 -12.3990
v  -19.7352 18.2706 -12.3990
v  -19.7502 8.2397 -11.5400
v  -19.7502 18.2706 -11.5400
v  -19.4991 8.2397 -10.7184
v  -19.4991 18.2706 -10.7184
v  -19.0063 18.2706 -10.0147
v  -19.0063 8.2397 -10.0147
v  -18.3202 18.2706 -9.4976
v  -18.3202 8.2397 -9.4976
v  -17.5079 18.2706 -9.2179
v  -17.5079 8.2397 -9.2179
v  -16.6489 8.2397 -9.2029
v  -16.6489 18.2706 -9.2029
v  -15.8273 8.2397 -9.4541
v  -15.8273 18.2706 -9.4541
v  -15.1235 8.2397 -9.9469
v  -15.1235 18.2706 -9.9469
v  -14.6065 8.2397 -10.6330
v  -14.6065 18.2706 -10.6330
v  -14.3268 8.2397 -11.4453
v  -14.3268 18.2706 -11.4453
v  -14.0399 18.2706 -12.3425
v  -14.3162 18.2706 -13.2463
v  -14.8582 18.2706 -14.0204
v  -15.6130 18.2706 -14.5891
v  -16.5065 18.2706 -14.8968
v  -17.4514 18.2706 -14.9133
v  -18.3551 18.2706 -14.6370
v  -19.1293 18.2706 -14.0949
v  -19.6980 18.2706 -13.3402
v  -20.0057 18.2706 -12.4466
v  -20.0222 18.2706 -11.5018
v  -19.7459 18.2706 -10.5980
v  -19.2038 18.2706 -9.8239
v  -18.4491 18.2706 -9.2552
v  -17.5555 18.2706 -8.9475
v  -16.6106 18.2706 -8.9310
v  -15.7069 18.2706 -9.2073
v  -14.9328 18.2706 -9.7494
v  -14.3641 18.2706 -10.5041
v  -14.0564 18.2706 -11.3976
v  -14.3162 18.5328 -13.2463
v  -14.0399 18.5328 -12.3425
v  -14.8582 18.5328 -14.0204
v  -15.6130 18.5328 -14.5891
v  -16.5065 18.5328 -14.8968
v  -17.4514 18.5328 -14.9133
v  -18.3551 18.5328 -14.6370
v  -19.1293 18.5328 -14.0949
v  -19.6980 18.5328 -13.3402
v  -20.0057 18.5328 -12.4466
v  -20.0222 18.5328 -11.5018
v  -19.7459 18.5328 -10.5980
v  -19.2038 18.5328 -9.8239
v  -18.4491 18.5328 -9.2552
v  -17.5555 18.5328 -8.9475
v  -16.6106 18.5328 -8.9310
v  -15.7069 18.5328 -9.2073
v  -14.9328 18.5328 -9.7494
v  -14.3641 18.5328 -10.5041
v  -14.0564 18.5328 -11.3976
v  -14.7234 18.5328 -13.0476
v  -14.4886 18.5328 -12.2795
v  -15.1842 18.5328 -13.7056
v  -15.8257 18.5328 -14.1891
v  -16.5852 18.5328 -14.4506
v  -17.3883 18.5328 -14.4646
v  -18.1565 18.5328 -14.2297
v  -18.8145 18.5328 -13.7690
v  -19.2980 18.5328 -13.1275
v  -19.5595 18.5328 -12.3680
v  -19.5735 18.5328 -11.5648
v  -19.3386 18.5328 -10.7966
v  -18.8779 18.5328 -10.1386
v  -18.2364 18.5328 -9.6552
v  -17.4769 18.5328 -9.3937
v  -16.6737 18.5328 -9.3797
v  -15.9055 18.5328 -9.6145
v  -15.2475 18.5328 -10.0753
v  -14.7641 18.5328 -10.7168
v  -14.5026 18.5328 -11.4763
v  -14.7234 20.1968 -13.0476
v  -14.4886 20.1968 -12.2795
v  -15.1842 20.1968 -13.7056
v  -15.8257 20.1968 -14.1891
v  -16.5852 20.1968 -14.4506
v  -17.3884 20.1968 -14.4646
v  -18.1565 20.1968 -14.2297
v  -18.8145 20.1968 -13.7690
v  -19.2980 20.1968 -13.1275
v  -19.5595 20.1968 -12.3680
v  -19.5735 20.1968 -11.5648
v  -19.3386 20.1968 -10.7966
v  -18.8779 20.1968 -10.1386
v  -18.2364 20.1968 -9.6552
v  -17.4769 20.1968 -9.3937
v  -16.6737 20.1968 -9.3797
v  -15.9055 20.1968 -9.6145
v  -15.2475 20.1968 -10.0753
v  -14.7641 20.1968 -10.7168
v  -14.5026 20.1968 -11.4763
v  -13.8953 25.3979 -12.3628
v  -14.1850 25.3979 -13.3103
v  -14.7234 25.3979 -13.0476
v  -14.4886 25.3979 -12.2795
v  -14.7532 25.3979 -14.1218
v  -15.1841 25.3979 -13.7056
v  -15.5444 25.3979 -14.7180
v  -15.8257 25.3979 -14.1891
v  -16.4812 25.3979 -15.0406
v  -16.5852 25.3979 -14.4506
v  -17.4717 25.3979 -15.0578
v  -17.3884 25.3979 -14.4646
v  -18.4191 25.3979 -14.7682
v  -18.1565 25.3979 -14.2297
v  -19.2307 25.3979 -14.1999
v  -18.8145 25.3979 -13.7690
v  -19.2980 25.3979 -13.1275
v  -19.8269 25.3979 -13.4087
v  -20.1494 25.3979 -12.4720
v  -19.5595 25.3979 -12.3680
v  -20.1667 25.3979 -11.4814
v  -19.5735 25.3979 -11.5648
v  -19.8771 25.3979 -10.5340
v  -19.3386 25.3979 -10.7966
v  -19.3088 25.3979 -9.7225
v  -18.8779 25.3979 -10.1386
v  -18.5176 25.3979 -9.1263
v  -18.2364 25.3979 -9.6552
v  -17.5809 25.3979 -8.8037
v  -17.4769 25.3979 -9.3937
v  -16.5903 25.3979 -8.7864
v  -16.6737 25.3979 -9.3797
v  -15.6429 25.3979 -9.0761
v  -15.9055 25.3979 -9.6145
v  -14.8314 25.3979 -9.6443
v  -15.2475 25.3979 -10.0753
v  -14.2352 25.3979 -10.4356
v  -14.7641 25.3979 -10.7168
v  -13.9126 25.3979 -11.3723
v  -14.5026 25.3979 -11.4763
v  -14.1850 25.7639 -13.3103
v  -13.8953 25.7639 -12.3628
v  -14.7532 25.7639 -14.1218
v  -15.5444 25.7639 -14.7180
v  -16.4812 25.7639 -15.0406
v  -17.4717 25.7639 -15.0578
v  -18.4191 25.7639 -14.7682
v  -19.2307 25.7639 -14.1999
v  -19.8269 25.7639 -13.4087
v  -20.1494 25.7639 -12.4720
v  -20.1667 25.7639 -11.4814
v  -19.8771 25.7639 -10.5340
v  -19.3088 25.7639 -9.7225
v  -18.5176 25.7639 -9.1263
v  -17.5809 25.7639 -8.8037
v  -16.5903 25.7639 -8.7864
v  -15.6429 25.7639 -9.0761
v  -14.8314 25.7639 -9.6443
v  -14.2352 25.7639 -10.4356
v  -13.9126 25.7639 -11.3723
v  -17.4769 23.9801 -9.3937
v  -16.6737 23.9801 -9.3797
v  -18.2364 23.9801 -9.6552
v  -18.8779 23.9801 -10.1386
v  -19.3386 23.9801 -10.7966
v  -19.5735 23.9801 -11.5648
v  -19.5595 23.9801 -12.3680
v  -19.2980 23.9801 -13.1275
v  -18.8145 23.9801 -13.7690
v  -18.1565 23.9801 -14.2297
v  -17.3884 23.9801 -14.4646
v  -16.5852 23.9801 -14.4506
v  -15.8257 23.9801 -14.1891
v  -15.1842 23.9801 -13.7056
v  -14.7234 23.9801 -13.0476
v  -14.4886 23.9801 -12.2795
v  -14.5026 23.9801 -11.4763
v  -14.7641 23.9801 -10.7168
v  -15.2475 23.9801 -10.0753
v  -15.9055 23.9801 -9.6145
v  -16.7337 23.9801 -9.8068
v  -17.4020 23.9801 -9.8185
v  -18.0339 23.9801 -10.0361
v  -17.9674 23.9801 -13.8420
v  -17.3283 23.9801 -14.0374
v  -16.6601 23.9801 -14.0258
v  -16.0282 23.9801 -13.8082
v  -16.0946 23.9801 -10.0022
v  -16.7337 20.1968 -9.8068
v  -17.4020 20.1968 -9.8185
v  -18.0339 20.1968 -10.0361
v  -17.9674 20.1968 -13.8420
v  -17.3283 20.1968 -14.0374
v  -16.6601 20.1968 -14.0258
v  -16.0282 20.1968 -13.8082
v  -16.0946 20.1968 -10.0022
v  -14.2811 25.7345 -13.9559
v  -15.0337 25.7345 -14.7085
v  -15.9820 25.7345 -15.1917
v  -17.0333 25.7345 -15.3582
v  -18.0846 25.7345 -15.1917
v  -19.0330 25.7345 -14.7085
v  -19.7856 25.7345 -13.9559
v  -20.2688 25.7345 -13.0075
v  -20.4353 25.7345 -11.9562
v  -20.2688 25.7345 -10.9050
v  -19.7856 25.7345 -9.9566
v  -19.0330 25.7345 -9.2040
v  -18.0846 25.7345 -8.7207
v  -17.0333 25.7345 -8.5542
v  -15.9820 25.7345 -8.7207
v  -15.0337 25.7345 -9.2040
v  -14.2811 25.7345 -9.9566
v  -13.7978 25.7345 -10.9050
v  -13.6313 25.7345 -11.9562
v  -13.7978 25.7345 -13.0075
v  -17.0333 30.8594 -11.9562
v  -15.8730 22.1265 -9.8026
v  -15.8730 24.0124 -9.8026
v  -17.0348 24.0124 -9.8026
v  -17.0348 22.1265 -9.8026
v  -17.1563 24.0124 -9.8026
v  -18.2517 24.0124 -9.8026
v  -18.2517 22.1265 -9.8026
v  -17.1563 22.1265 -9.8026
v  -17.0348 22.1265 -9.6965
v  -17.0348 24.0124 -9.6965
v  -17.1563 24.0124 -9.6965
v  -17.1563 22.1265 -9.6965
v  -18.2517 22.1265 -9.6965
v  -18.2517 22.0001 -9.6965
v  -17.1563 22.0001 -9.6965
v  -17.0348 22.0001 -9.6965
v  -15.8730 22.0001 -9.6965
v  -15.8730 22.1265 -9.6965
v  -18.2517 22.0001 -9.8026
v  -18.2517 20.1547 -9.8026
v  -17.1563 20.1547 -9.8026
v  -17.1563 22.0001 -9.8026
v  -17.1563 20.1547 -9.6965
v  -17.0348 20.1547 -9.6965
v  -15.8730 20.1547 -9.8026
v  -15.8730 22.0001 -9.8026
v  -17.0348 22.0001 -9.8026
v  -17.0348 20.1547 -9.8026
v  -17.0108 24.0124 -14.0471
v  -18.1602 24.0124 -14.0471
v  -18.1602 22.1265 -14.0471
v  -17.0108 22.1265 -14.0471
v  -15.8070 22.1265 -14.0471
v  -15.8070 24.0124 -14.0471
v  -16.8906 24.0124 -14.0471
v  -16.8906 22.1265 -14.0471
v  -16.8906 22.1265 -14.1531
v  -16.8906 24.0124 -14.1531
v  -17.0108 24.0124 -14.1531
v  -17.0108 22.1265 -14.1531
v  -15.8070 22.0001 -14.1531
v  -15.8070 22.1265 -14.1531
v  -16.8906 22.0001 -14.1531
v  -17.0108 22.0001 -14.1531
v  -18.1602 22.1265 -14.1531
v  -18.1602 22.0001 -14.1531
v  -16.8906 22.0001 -14.0471
v  -16.8906 20.1547 -14.0471
v  -15.8070 20.1547 -14.0471
v  -15.8070 22.0001 -14.0471
v  -16.8906 20.1547 -14.1531
v  -17.0108 20.1547 -14.1531
v  -17.0108 22.0001 -14.0471
v  -18.1602 22.0001 -14.0471
v  -18.1602 20.1547 -14.0471
v  -17.0108 20.1547 -14.0471
v  -6.6408 14.1500 -13.3501
v  -9.3928 14.1500 -13.3501
v  -9.3928 10.8565 -13.3501
v  -6.6408 10.8565 -13.3501
v  -8.1589 20.3534 -16.2991
v  -8.1589 17.9060 -16.2991
v  -5.9444 17.9060 -16.2991
v  -5.9444 20.3534 -16.2991
v  9.3890 17.9060 -16.2991
v  9.3890 20.3534 -16.2991
v  7.1694 20.3534 -16.2991
v  7.1694 17.9060 -16.2991
v  2.3509 20.3521 -16.1440
v  -0.9711 20.3521 -16.1440
v  -0.9711 16.1621 -16.1440
v  2.3509 16.1621 -16.1440
v  11.1077 10.8565 -13.3501
v  11.1077 14.1500 -13.3501
v  8.3557 14.1500 -13.3501
v  8.3557 10.8565 -13.3501
v  1.3549 13.2129 -13.2177
v  0.8097 13.2951 -13.2177
v  0.8097 11.6142 -13.2177
v  1.8467 12.9741 -13.2177
v  2.2369 12.6022 -13.2177
v  2.4875 12.1336 -13.2177
v  2.5739 11.6142 -13.2177
v  0.8097 8.6885 -13.2177
v  2.5739 8.6885 -13.2177
v  0.7901 13.2951 -13.2177
v  0.2450 13.2129 -13.2177
v  0.7901 11.6142 -13.2177
v  -0.2468 12.9741 -13.2177
v  -0.6371 12.6022 -13.2177
v  -0.8877 12.1336 -13.2177
v  -0.9740 11.6142 -13.2177
v  -0.9740 8.6885 -13.2177
v  0.7901 8.6885 -13.2177
v  -14.8194 5.6189 -8.5942
v  -14.3231 4.2780 -8.5942
v  -14.3231 5.6879 -8.5942
v  -15.2517 5.4186 -8.5942
v  -15.5947 5.1067 -8.5942
v  -15.8149 4.7136 -8.5942
v  -15.8908 4.2780 -8.5942
v  -15.8908 1.8240 -8.5942
v  -14.3231 1.8240 -8.5942
v  -13.8439 5.6189 -8.5942
v  -13.4117 5.4186 -8.5942
v  -13.0686 5.1067 -8.5942
v  -12.8484 4.7136 -8.5942
v  -12.7725 4.2780 -8.5942
v  -12.7725 1.8240 -8.5942
v  1.3693 5.4600 -8.4000
v  0.8100 5.5423 -8.4000
v  0.8100 3.8622 -8.4000
v  1.8738 5.2214 -8.4000
v  2.2742 4.8497 -8.4000
v  2.5313 4.3814 -8.4000
v  2.6199 3.8622 -8.4000
v  0.8100 0.9380 -8.4000
v  2.6199 0.9380 -8.4000
v  -1.0839 0.5314 -6.3288
v  -1.0839 0.0000 -6.3288
v  2.6714 0.0000 -6.3288
v  2.6714 0.5314 -6.3288
v  2.6714 0.5314 -6.6963
v  -1.0839 0.5314 -6.6963
v  2.6714 0.0000 -6.6963
v  -1.0839 0.0000 -6.6963
v  -1.0839 0.5314 -7.0749
v  -1.0839 0.0000 -7.0749
v  2.6714 0.0000 -7.0749
v  2.6714 0.5314 -7.0749
v  -1.0839 0.7234 -6.6963
v  2.6714 0.7234 -6.6963
v  2.6714 0.7234 -7.0749
v  -1.0839 0.7234 -7.0749
v  -1.0839 0.5314 -7.4078
v  -1.0839 0.0000 -7.4078
v  2.6714 0.0000 -7.4078
v  2.6714 0.5314 -7.4078
v  -1.0839 0.9321 -7.0749
v  2.6714 0.9321 -7.0749
v  2.6714 0.9321 -7.4078
v  -1.0839 0.9321 -7.4078
v  -1.0839 0.0000 -8.1762
v  -1.0839 0.5314 -8.1762
v  2.6714 0.0000 -8.1762
v  2.6714 0.5314 -8.1762
v  2.6714 0.9321 -8.5061
v  -1.0839 0.9321 -8.5061
v  2.6714 0.7234 -7.4078
v  -1.0839 0.7234 -7.4078
v  2.6714 0.7234 -8.5061
v  -1.0839 0.7234 -8.5061
v  0.7899 5.5423 -8.4000
v  0.2306 5.4600 -8.4000
v  0.7899 3.8622 -8.4000
v  -0.2739 5.2214 -8.4000
v  -0.6743 4.8497 -8.4000
v  -0.9314 4.3814 -8.4000
v  -1.0200 3.8622 -8.4000
v  -1.0200 0.9380 -8.4000
v  0.7899 0.9380 -8.4000
v  15.1231 5.6189 -8.5942
v  15.6194 4.2780 -8.5942
v  15.6194 5.6879 -8.5942
v  14.6908 5.4186 -8.5942
v  14.3478 5.1067 -8.5942
v  14.1276 4.7136 -8.5942
v  14.0517 4.2780 -8.5942
v  14.0517 1.8240 -8.5942
v  15.6194 1.8240 -8.5942
v  16.0986 5.6189 -8.5942
v  16.5308 5.4186 -8.5942
v  16.8739 5.1067 -8.5942
v  17.0941 4.7136 -8.5942
v  17.1700 4.2780 -8.5942
v  17.1700 1.8240 -8.5942
v  -0.2212 7.0728 21.3578
v  -0.2212 7.0728 21.8705
v  0.7475 7.2070 21.8705
v  0.7475 7.2070 21.3578
v  -1.0951 6.6833 21.3578
v  -1.0951 6.6833 21.8705
v  -1.7886 6.0766 21.3578
v  -1.7886 6.0766 21.8705
v  -2.2338 5.3122 21.3578
v  -2.2338 5.3122 21.8705
v  -2.3873 4.4648 21.3578
v  -2.3873 4.4648 21.8705
v  0.7475 4.4648 21.3578
v  0.7475 4.4648 21.8705
v  0.7475 0.5809 21.8705
v  0.7475 0.5809 21.3578
v  -2.3873 0.5809 21.3578
v  -2.3873 0.5809 21.8705
v  0.7855 7.2070 21.8705
v  1.7542 7.0728 21.8705
v  1.7542 7.0728 21.3578
v  0.7855 7.2070 21.3578
v  2.6280 6.6833 21.8705
v  2.6280 6.6833 21.3578
v  3.3215 6.0766 21.8705
v  3.3215 6.0766 21.3578
v  3.7668 5.3122 21.8705
v  3.7668 5.3122 21.3578
v  3.9202 4.4648 21.3578
v  3.9202 4.4648 21.8705
v  0.7855 4.4648 21.8705
v  0.7855 4.4648 21.3578
v  3.9202 0.5809 21.3578
v  0.7855 0.5809 21.3578
v  0.7855 0.5809 21.8705
v  3.9202 0.5809 21.8705
v  -2.4490 1.9119 21.7011
v  -2.4606 1.9121 21.6613
v  -2.4936 1.9123 21.6603
v  -2.4949 1.9122 21.6997
v  -2.4018 1.9116 21.6690
v  -2.4345 1.9119 21.6436
v  -2.3824 1.9116 21.6152
v  -2.4239 1.9119 21.6139
v  -2.3983 1.9119 21.5603
v  -2.4327 1.9121 21.5837
v  -2.4435 1.9123 21.5253
v  -2.4576 1.9123 21.5643
v  -2.4893 1.9127 21.5239
v  -2.4906 1.9126 21.5633
v  -2.4999 1.2301 21.6977
v  -2.4541 1.2297 21.6992
v  -2.4068 1.2295 21.6670
v  -2.3874 1.2295 21.6132
v  -2.4034 1.2298 21.5584
v  -2.4485 1.2302 21.5233
v  -2.4944 1.2305 21.5219
v  -2.4657 1.2299 21.6593
v  -2.4987 1.2302 21.6583
v  -2.4396 1.2298 21.6416
v  -2.4289 1.2298 21.6119
v  -2.4377 1.2299 21.5817
v  -2.4626 1.2302 21.5624
v  -2.4956 1.2304 21.5613
v  -2.4949 4.2348 21.6997
v  -2.4490 4.2345 21.7011
v  -2.4606 4.2347 21.6613
v  -2.4936 4.2349 21.6603
v  -2.4018 4.2342 21.6690
v  -2.4345 4.2345 21.6436
v  -2.3824 4.2342 21.6152
v  -2.4239 4.2345 21.6139
v  -2.3983 4.2345 21.5603
v  -2.4327 4.2347 21.5837
v  -2.4435 4.2349 21.5253
v  -2.4576 4.2349 21.5643
v  -2.4893 4.2353 21.5239
v  -2.4906 4.2352 21.5633
v  -2.4541 3.5524 21.6992
v  -2.4999 3.5527 21.6977
v  -2.4068 3.5521 21.6670
v  -2.3874 3.5521 21.6132
v  -2.4034 3.5524 21.5584
v  -2.4485 3.5528 21.5233
v  -2.4944 3.5532 21.5219
v  -2.4987 3.5528 21.6583
v  -2.4657 3.5526 21.6593
v  -2.4396 3.5524 21.6416
v  -2.4289 3.5524 21.6119
v  -2.4377 3.5526 21.5817
v  -2.4626 3.5528 21.5624
v  -2.4956 3.5531 21.5613
v  3.9948 4.2349 21.5234
v  4.0076 4.2349 21.5628
v  4.0406 4.2349 21.5628
v  4.0406 4.2349 21.5234
v  3.9485 4.2349 21.5570
v  3.9821 4.2349 21.5814
v  3.9309 4.2349 21.6113
v  3.9723 4.2349 21.6113
v  3.9485 4.2349 21.6657
v  3.9821 4.2349 21.6413
v  3.9948 4.2349 21.6993
v  4.0076 4.2349 21.6598
v  4.0406 4.2349 21.6993
v  4.0406 4.2349 21.6598
v  4.0406 3.5528 21.5234
v  3.9948 3.5528 21.5234
v  3.9485 3.5528 21.5570
v  3.9309 3.5528 21.6113
v  3.9485 3.5528 21.6657
v  3.9948 3.5528 21.6993
v  4.0406 3.5528 21.6993
v  4.0076 3.5528 21.5628
v  4.0406 3.5528 21.5628
v  3.9821 3.5528 21.5814
v  3.9723 3.5528 21.6113
v  3.9821 3.5528 21.6413
v  4.0076 3.5528 21.6598
v  4.0406 3.5528 21.6598
v  4.0406 1.9123 21.5234
v  3.9948 1.9123 21.5234
v  4.0076 1.9123 21.5628
v  4.0406 1.9123 21.5628
v  3.9485 1.9123 21.5570
v  3.9821 1.9123 21.5814
v  3.9309 1.9123 21.6113
v  3.9723 1.9123 21.6113
v  3.9485 1.9123 21.6657
v  3.9821 1.9123 21.6413
v  3.9948 1.9123 21.6993
v  4.0076 1.9123 21.6598
v  4.0406 1.9123 21.6993
v  4.0406 1.9123 21.6598
v  3.9948 1.2302 21.5234
v  4.0406 1.2302 21.5234
v  3.9485 1.2302 21.5570
v  3.9309 1.2302 21.6113
v  3.9485 1.2302 21.6657
v  3.9948 1.2302 21.6993
v  4.0406 1.2302 21.6993
v  4.0406 1.2302 21.5628
v  4.0076 1.2302 21.5628
v  3.9821 1.2302 21.5814
v  3.9723 1.2302 21.6113
v  3.9821 1.2302 21.6413
v  4.0076 1.2302 21.6598
v  4.0406 1.2302 21.6598
v  20.4940 8.2397 -13.1259
v  20.4940 18.2706 -13.1259
v  20.7452 18.2706 -12.3043
v  20.7452 8.2397 -12.3043
v  20.0012 18.2706 -13.8296
v  20.0012 8.2397 -13.8296
v  19.3151 8.2397 -14.3467
v  19.3151 18.2706 -14.3467
v  18.5028 8.2397 -14.6264
v  18.5028 18.2706 -14.6264
v  17.6438 8.2397 -14.6414
v  17.6438 18.2706 -14.6414
v  16.8222 8.2397 -14.3902
v  16.8222 18.2706 -14.3902
v  16.1185 8.2397 -13.8974
v  16.1185 18.2706 -13.8974
v  15.6015 8.2397 -13.2113
v  15.6015 18.2706 -13.2113
v  15.3218 8.2397 -12.3990
v  15.3218 18.2706 -12.3990
v  15.3068 8.2397 -11.5400
v  15.3068 18.2706 -11.5400
v  15.5579 8.2397 -10.7184
v  15.5579 18.2706 -10.7184
v  16.0507 8.2397 -10.0147
v  16.0507 18.2706 -10.0147
v  16.7368 8.2397 -9.4976
v  16.7368 18.2706 -9.4976
v  17.5491 8.2397 -9.2179
v  17.5491 18.2706 -9.2179
v  18.4081 8.2397 -9.2029
v  18.4081 18.2706 -9.2029
v  19.2297 8.2397 -9.4541
v  19.2297 18.2706 -9.4541
v  19.9335 8.2397 -9.9469
v  19.9335 18.2706 -9.9469
v  20.4505 8.2397 -10.6330
v  20.4505 18.2706 -10.6330
v  20.7302 8.2397 -11.4453
v  20.7302 18.2706 -11.4453
v  21.0171 18.2706 -12.3425
v  20.7408 18.2706 -13.2463
v  20.1988 18.2706 -14.0204
v  19.4440 18.2706 -14.5891
v  18.5505 18.2706 -14.8968
v  17.6056 18.2706 -14.9133
v  16.7019 18.2706 -14.6370
v  15.9277 18.2706 -14.0949
v  15.3590 18.2706 -13.3402
v  15.0513 18.2706 -12.4466
v  15.0348 18.2706 -11.5018
v  15.3111 18.2706 -10.5980
v  15.8532 18.2706 -9.8239
v  16.6079 18.2706 -9.2552
v  17.5015 18.2706 -8.9475
v  18.4464 18.2706 -8.9310
v  19.3501 18.2706 -9.2073
v  20.1242 18.2706 -9.7494
v  20.6929 18.2706 -10.5041
v  21.0006 18.2706 -11.3976
v  20.7408 18.5328 -13.2463
v  21.0171 18.5328 -12.3425
v  20.1988 18.5328 -14.0204
v  19.4440 18.5328 -14.5891
v  18.5505 18.5328 -14.8968
v  17.6056 18.5328 -14.9133
v  16.7019 18.5328 -14.6370
v  15.9277 18.5328 -14.0949
v  15.3590 18.5328 -13.3402
v  15.0513 18.5328 -12.4466
v  15.0348 18.5328 -11.5018
v  15.3111 18.5328 -10.5980
v  15.8532 18.5328 -9.8239
v  16.6079 18.5328 -9.2552
v  17.5015 18.5328 -8.9475
v  18.4464 18.5328 -8.9310
v  19.3501 18.5328 -9.2073
v  20.1242 18.5328 -9.7494
v  20.6929 18.5328 -10.5041
v  21.0006 18.5328 -11.3976
v  20.3336 18.5328 -13.0476
v  20.5684 18.5328 -12.2795
v  19.8728 18.5328 -13.7056
v  19.2313 18.5328 -14.1891
v  18.4718 18.5328 -14.4506
v  17.6686 18.5328 -14.4646
v  16.9005 18.5328 -14.2297
v  16.2425 18.5328 -13.7690
v  15.7590 18.5328 -13.1275
v  15.4975 18.5328 -12.3680
v  15.4835 18.5328 -11.5648
v  15.7184 18.5328 -10.7966
v  16.1791 18.5328 -10.1386
v  16.8206 18.5328 -9.6552
v  17.5801 18.5328 -9.3937
v  18.3833 18.5328 -9.3797
v  19.1515 18.5328 -9.6145
v  19.8095 18.5328 -10.0753
v  20.2929 18.5328 -10.7168
v  20.5544 18.5328 -11.4763
v  20.3336 20.1968 -13.0476
v  20.5684 20.1968 -12.2795
v  19.8728 20.1968 -13.7056
v  19.2313 20.1968 -14.1891
v  18.4718 20.1968 -14.4506
v  17.6686 20.1968 -14.4646
v  16.9005 20.1968 -14.2297
v  16.2425 20.1968 -13.7690
v  15.7590 20.1968 -13.1275
v  15.4975 20.1968 -12.3680
v  15.4835 20.1968 -11.5648
v  15.7184 20.1968 -10.7966
v  16.1791 20.1968 -10.1386
v  16.8206 20.1968 -9.6552
v  17.5801 20.1968 -9.3937
v  18.3833 20.1968 -9.3797
v  19.1515 20.1968 -9.6145
v  19.8095 20.1968 -10.0753
v  20.2929 20.1968 -10.7168
v  20.5544 20.1968 -11.4763
v  20.8720 25.3979 -13.3103
v  20.3336 25.3979 -13.0476
v  20.5684 25.3979 -12.2795
v  21.1617 25.3979 -12.3628
v  20.3038 25.3979 -14.1218
v  19.8729 25.3979 -13.7056
v  19.5126 25.3979 -14.7180
v  19.2313 25.3979 -14.1891
v  18.5758 25.3979 -15.0406
v  18.4718 25.3979 -14.4506
v  17.5853 25.3979 -15.0578
v  17.6686 25.3979 -14.4646
v  16.6379 25.3979 -14.7682
v  16.9005 25.3979 -14.2297
v  15.8263 25.3979 -14.1999
v  16.2425 25.3979 -13.7690
v  15.2301 25.3979 -13.4087
v  15.7590 25.3979 -13.1275
v  14.9076 25.3979 -12.4720
v  15.4975 25.3979 -12.3680
v  14.8903 25.3979 -11.4814
v  15.4835 25.3979 -11.5648
v  15.1799 25.3979 -10.5340
v  15.7184 25.3979 -10.7966
v  15.7482 25.3979 -9.7225
v  16.1791 25.3979 -10.1386
v  16.5394 25.3979 -9.1263
v  16.8206 25.3979 -9.6552
v  17.4761 25.3979 -8.8037
v  17.5801 25.3979 -9.3937
v  18.4667 25.3979 -8.7864
v  18.3833 25.3979 -9.3797
v  19.4141 25.3979 -9.0761
v  19.1515 25.3979 -9.6145
v  20.2256 25.3979 -9.6443
v  19.8095 25.3979 -10.0753
v  20.8218 25.3979 -10.4356
v  20.2929 25.3979 -10.7168
v  21.1444 25.3979 -11.3723
v  20.5544 25.3979 -11.4763
v  20.8720 25.7639 -13.3103
v  21.1617 25.7639 -12.3628
v  20.3038 25.7639 -14.1218
v  19.5126 25.7639 -14.7180
v  18.5758 25.7639 -15.0406
v  17.5853 25.7639 -15.0578
v  16.6379 25.7639 -14.7682
v  15.8263 25.7639 -14.1999
v  15.2301 25.7639 -13.4087
v  14.9076 25.7639 -12.4720
v  14.8903 25.7639 -11.4814
v  15.1799 25.7639 -10.5340
v  15.7482 25.7639 -9.7225
v  16.5394 25.7639 -9.1263
v  17.4761 25.7639 -8.8037
v  18.4667 25.7639 -8.7864
v  19.4141 25.7639 -9.0761
v  20.2256 25.7639 -9.6443
v  20.8218 25.7639 -10.4356
v  21.1444 25.7639 -11.3723
v  17.5801 23.9801 -9.3937
v  18.3833 23.9801 -9.3797
v  16.8206 23.9801 -9.6552
v  16.1791 23.9801 -10.1386
v  15.7184 23.9801 -10.7966
v  15.4835 23.9801 -11.5648
v  15.4975 23.9801 -12.3680
v  15.7590 23.9801 -13.1275
v  16.2425 23.9801 -13.7690
v  16.9005 23.9801 -14.2297
v  17.6686 23.9801 -14.4646
v  18.4718 23.9801 -14.4506
v  19.2313 23.9801 -14.1891
v  19.8728 23.9801 -13.7056
v  20.3336 23.9801 -13.0476
v  20.5684 23.9801 -12.2795
v  20.5544 23.9801 -11.4763
v  20.2929 23.9801 -10.7168
v  19.8095 23.9801 -10.0753
v  19.1515 23.9801 -9.6145
v  18.3233 23.9801 -9.8068
v  17.6550 23.9801 -9.8185
v  17.0231 23.9801 -10.0361
v  17.7287 23.9801 -14.0374
v  17.0896 23.9801 -13.8420
v  18.3969 23.9801 -14.0258
v  19.0288 23.9801 -13.8082
v  18.9624 23.9801 -10.0022
v  18.3233 20.1968 -9.8068
v  17.6550 20.1968 -9.8185
v  17.0231 20.1968 -10.0361
v  17.0896 20.1968 -13.8420
v  17.7287 20.1968 -14.0374
v  18.3969 20.1968 -14.0258
v  19.0288 20.1968 -13.8082
v  18.9624 20.1968 -10.0022
v  20.0233 25.7345 -14.7085
v  19.0750 25.7345 -15.1917
v  18.0237 25.7345 -15.3582
v  16.9724 25.7345 -15.1917
v  16.0240 25.7345 -14.7085
v  15.2714 25.7345 -13.9559
v  14.7882 25.7345 -13.0075
v  14.6217 25.7345 -11.9562
v  14.7882 25.7345 -10.9050
v  15.2714 25.7345 -9.9566
v  16.0240 25.7345 -9.2040
v  20.7759 25.7345 -13.9559
v  21.2592 25.7345 -13.0075
v  16.9724 25.7345 -8.7207
v  18.0237 25.7345 -8.5542
v  19.0749 25.7345 -8.7207
v  20.0233 25.7345 -9.2040
v  20.7759 25.7345 -9.9566
v  21.2592 25.7345 -10.9050
v  21.4257 25.7345 -11.9562
v  18.0237 30.8594 -11.9562
v  19.1840 22.1265 -9.8026
v  19.1840 24.0124 -9.8026
v  18.0222 24.0124 -9.8026
v  18.0222 22.1265 -9.8026
v  16.8053 24.0124 -9.8026
v  16.8053 22.1265 -9.8026
v  17.9007 22.1265 -9.8026
v  17.9007 24.0124 -9.8026
v  18.0222 24.0124 -9.6965
v  17.9007 24.0124 -9.6965
v  17.9007 22.1265 -9.6965
v  18.0222 22.1265 -9.6965
v  16.8053 22.0001 -9.6965
v  17.9007 22.0001 -9.6965
v  16.8053 22.1265 -9.6965
v  18.0222 22.0001 -9.6965
v  19.1840 22.1265 -9.6965
v  19.1840 22.0001 -9.6965
v  16.8053 20.1547 -9.8026
v  17.9007 20.1547 -9.8026
v  17.9007 22.0001 -9.8026
v  16.8053 22.0001 -9.8026
v  17.9007 20.1547 -9.6965
v  18.0222 20.1547 -9.6965
v  19.1840 22.0001 -9.8026
v  18.0222 22.0001 -9.8026
v  18.0222 20.1547 -9.8026
v  19.1840 20.1547 -9.8026
v  18.0462 24.0124 -14.0471
v  16.8968 24.0124 -14.0471
v  16.8968 22.1265 -14.0471
v  18.0462 22.1265 -14.0471
v  19.2500 24.0124 -14.0471
v  18.1664 24.0124 -14.0471
v  18.1664 22.1265 -14.0471
v  19.2500 22.1265 -14.0471
v  18.0462 24.0124 -14.1531
v  18.0462 22.1265 -14.1531
v  18.1664 22.1265 -14.1531
v  18.1664 24.0124 -14.1531
v  19.2500 22.1265 -14.1531
v  18.1664 22.0001 -14.1531
v  19.2500 22.0001 -14.1531
v  18.0462 22.0001 -14.1531
v  16.8968 22.1265 -14.1531
v  16.8968 22.0001 -14.1531
v  18.1664 22.0001 -14.0471
v  18.1664 20.1547 -14.0471
v  19.2500 20.1547 -14.0471
v  19.2500 22.0001 -14.0471
v  18.0462 20.1547 -14.1531
v  18.1664 20.1547 -14.1531
v  16.8968 22.0001 -14.0471
v  16.8968 20.1547 -14.0471
v  18.0462 20.1547 -14.0471
v  18.0462 22.0001 -14.0471
v  21.6290 7.7067 -28.0551
v  21.2964 7.7067 -29.1428
v  21.2964 22.1412 -29.1428
v  21.6290 22.1412 -28.0551
v  20.6440 7.7067 -30.0746
v  20.6440 22.1412 -30.0746
v  19.7355 7.7067 -30.7591
v  19.7355 22.1412 -30.7591
v  18.6600 7.7067 -31.1295
v  18.6600 22.1412 -31.1295
v  17.5227 7.7067 -31.1493
v  17.5227 22.1412 -31.1493
v  16.4350 7.7067 -30.8167
v  16.4350 22.1412 -30.8167
v  15.5032 7.7067 -30.1643
v  15.5032 22.1412 -30.1643
v  14.8187 7.7067 -29.2559
v  14.8187 22.1412 -29.2559
v  14.4483 7.7067 -28.1804
v  14.4483 22.1412 -28.1804
v  14.4285 7.7067 -27.0431
v  14.4285 22.1412 -27.0431
v  14.7610 7.7067 -25.9553
v  14.7610 22.1412 -25.9553
v  15.4135 7.7067 -25.0236
v  15.4135 22.1412 -25.0236
v  16.3219 7.7067 -24.3390
v  16.3219 22.1412 -24.3390
v  17.3974 7.7067 -23.9687
v  17.3974 22.1412 -23.9687
v  18.5347 7.7067 -23.9488
v  18.5347 22.1412 -23.9488
v  19.6225 7.7067 -24.2814
v  19.6225 22.1412 -24.2814
v  20.5542 7.7067 -24.9338
v  20.5542 22.1412 -24.9338
v  21.2388 7.7067 -25.8423
v  21.2388 22.1412 -25.8423
v  21.6091 7.7067 -26.9178
v  21.6091 22.1412 -26.9178
v  21.9890 22.1412 -28.1056
v  21.6232 22.1412 -29.3022
v  20.9055 22.1412 -30.3271
v  19.9062 22.1412 -31.0801
v  18.7232 22.1412 -31.4875
v  17.4721 22.1412 -31.5093
v  16.2756 22.1412 -31.1435
v  15.2506 22.1412 -30.4258
v  14.4976 22.1412 -29.4266
v  14.0903 22.1412 -28.2435
v  14.0685 22.1412 -26.9925
v  14.4343 22.1412 -25.7959
v  15.1519 22.1412 -24.7710
v  16.1512 22.1412 -24.0180
v  17.3343 22.1412 -23.6107
v  18.5853 22.1412 -23.5888
v  19.7818 22.1412 -23.9546
v  20.8068 22.1412 -24.6723
v  21.5598 22.1412 -25.6716
v  21.9671 22.1412 -26.8546
v  21.6232 22.5185 -29.3022
v  21.9890 22.5185 -28.1056
v  20.9055 22.5185 -30.3271
v  19.9062 22.5185 -31.0801
v  18.7232 22.5185 -31.4875
v  17.4721 22.5185 -31.5093
v  16.2756 22.5185 -31.1435
v  15.2506 22.5185 -30.4258
v  14.4976 22.5185 -29.4266
v  14.0903 22.5185 -28.2435
v  14.0685 22.5185 -26.9925
v  14.4343 22.5185 -25.7959
v  15.1519 22.5185 -24.7710
v  16.1512 22.5185 -24.0180
v  17.3343 22.5185 -23.6107
v  18.5853 22.5185 -23.5888
v  19.7818 22.5185 -23.9546
v  20.8068 22.5185 -24.6723
v  21.5598 22.5185 -25.6716
v  21.9671 22.5185 -26.8546
v  21.0840 22.5185 -29.0392
v  21.3949 22.5185 -28.0222
v  20.4740 22.5185 -29.9104
v  19.6246 22.5185 -30.5505
v  18.6190 22.5185 -30.8967
v  17.5556 22.5185 -30.9153
v  16.5386 22.5185 -30.6043
v  15.6674 22.5185 -29.9943
v  15.0273 22.5185 -29.1449
v  14.6811 22.5185 -28.1394
v  14.6625 22.5185 -27.0760
v  14.9734 22.5185 -26.0589
v  15.5835 22.5185 -25.1877
v  16.4328 22.5185 -24.5477
v  17.4384 22.5185 -24.2014
v  18.5018 22.5185 -24.1829
v  19.5189 22.5185 -24.4938
v  20.3901 22.5185 -25.1038
v  21.0301 22.5185 -25.9532
v  21.3764 22.5185 -26.9588
v  21.3949 24.9129 -28.0222
v  21.0840 24.9129 -29.0392
v  20.4740 24.9129 -29.9104
v  19.6246 24.9129 -30.5505
v  18.6190 24.9129 -30.8967
v  17.5556 24.9129 -30.9153
v  16.5386 24.9129 -30.6043
v  15.6674 24.9129 -29.9943
v  15.0273 24.9129 -29.1449
v  14.6811 24.9129 -28.1394
v  14.6625 24.9129 -27.0760
v  14.9734 24.9129 -26.0589
v  15.5835 24.9129 -25.1877
v  16.4328 24.9129 -24.5477
v  17.4384 24.9129 -24.2014
v  18.5018 24.9129 -24.1829
v  19.5189 24.9129 -24.4938
v  20.3901 24.9129 -25.1038
v  21.0301 24.9129 -25.9532
v  21.3764 24.9129 -26.9588
v  22.1804 32.3973 -28.1326
v  21.7969 32.3973 -29.3869
v  21.0840 32.3973 -29.0392
v  21.3949 32.3973 -28.0222
v  21.0445 32.3973 -30.4614
v  20.4740 32.3973 -29.9104
v  19.9970 32.3973 -31.2508
v  19.6246 32.3973 -30.5505
v  18.7567 32.3973 -31.6778
v  18.6190 32.3973 -30.8967
v  17.4452 32.3973 -31.7007
v  17.5556 32.3973 -30.9153
v  16.1908 32.3973 -31.3172
v  16.5386 32.3973 -30.6043
v  15.1164 32.3973 -30.5649
v  15.6674 32.3973 -29.9943
v  14.3270 32.3973 -29.5173
v  15.0273 32.3973 -29.1449
v  13.8999 32.3973 -28.2771
v  14.6811 32.3973 -28.1394
v  13.8770 32.3973 -26.9656
v  14.6625 32.3973 -27.0760
v  14.2605 32.3973 -25.7112
v  14.9734 32.3973 -26.0589
v  15.0129 32.3973 -24.6367
v  15.5835 32.3973 -25.1877
v  16.0605 32.3973 -23.8473
v  16.4328 32.3973 -24.5477
v  17.3007 32.3973 -23.4203
v  17.4384 32.3973 -24.2014
v  18.6122 32.3973 -23.3974
v  18.5018 32.3973 -24.1829
v  19.8666 32.3973 -23.7809
v  19.5189 32.3973 -24.4938
v  20.9411 32.3973 -24.5333
v  20.3901 32.3973 -25.1038
v  21.7304 32.3973 -25.5808
v  21.0301 32.3973 -25.9532
v  22.1575 32.3973 -26.8211
v  21.3764 32.3973 -26.9588
v  21.7969 32.9239 -29.3869
v  22.1804 32.9239 -28.1326
v  21.0445 32.9239 -30.4614
v  19.9970 32.9239 -31.2508
v  18.7567 32.9239 -31.6778
v  17.4452 32.9239 -31.7007
v  16.1908 32.9239 -31.3172
v  15.1164 32.9239 -30.5649
v  14.3270 32.9239 -29.5173
v  13.8999 32.9239 -28.2771
v  13.8770 32.9239 -26.9656
v  14.2605 32.9239 -25.7112
v  15.0129 32.9239 -24.6367
v  16.0605 32.9239 -23.8473
v  17.3007 32.9239 -23.4203
v  18.6122 32.9239 -23.3974
v  19.8666 32.9239 -23.7809
v  20.9411 32.9239 -24.5333
v  21.7304 32.9239 -25.5808
v  22.1575 32.9239 -26.8211
v  17.4384 30.3571 -24.2014
v  18.5018 30.3571 -24.1829
v  16.4328 30.3571 -24.5477
v  15.5835 30.3571 -25.1877
v  14.9734 30.3571 -26.0589
v  14.6625 30.3571 -27.0760
v  14.6811 30.3571 -28.1393
v  15.0273 30.3571 -29.1449
v  15.6674 30.3571 -29.9943
v  16.5386 30.3571 -30.6043
v  17.5556 30.3571 -30.9153
v  18.6190 30.3571 -30.8967
v  19.6246 30.3571 -30.5505
v  20.4740 30.3571 -29.9104
v  21.0840 30.3571 -29.0392
v  21.3949 30.3571 -28.0222
v  21.3764 30.3571 -26.9588
v  21.0301 30.3571 -25.9532
v  20.3901 30.3571 -25.1038
v  19.5189 30.3571 -24.4938
v  18.4223 30.3571 -24.7484
v  17.5376 30.3571 -24.7639
v  16.7010 30.3571 -25.0519
v  17.6351 30.3571 -30.3497
v  16.7889 30.3571 -30.0910
v  18.5198 30.3571 -30.3343
v  19.3565 30.3571 -30.0462
v  19.2685 30.3571 -25.0071
v  18.4223 24.9129 -24.7484
v  17.5376 24.9129 -24.7639
v  16.7010 24.9129 -25.0519
v  16.7889 24.9129 -30.0910
v  17.6351 24.9129 -30.3497
v  18.5198 24.9129 -30.3343
v  19.3565 24.9129 -30.0462
v  19.2685 24.9129 -25.0071
v  21.6697 32.8817 -30.2417
v  20.6732 32.8817 -31.2382
v  19.4176 32.8817 -31.8780
v  18.0257 32.8817 -32.0984
v  16.6338 32.8817 -31.8780
v  15.3782 32.8817 -31.2382
v  14.3817 32.8817 -30.2417
v  13.7419 32.8817 -28.9861
v  13.5214 32.8817 -27.5942
v  13.7419 32.8817 -26.2023
v  14.3817 32.8817 -24.9467
v  15.3782 32.8817 -23.9502
v  16.6338 32.8817 -23.3104
v  18.0257 32.8817 -23.0900
v  19.4176 32.8817 -23.3104
v  20.6732 32.8817 -23.9502
v  21.6697 32.8817 -24.9467
v  22.3095 32.8817 -26.2023
v  22.5299 32.8817 -27.5942
v  22.3095 32.8817 -28.9861
v  18.0257 40.2564 -27.5942
v  19.5620 27.6897 -24.7428
v  19.5620 30.4035 -24.7428
v  18.0237 30.4035 -24.7428
v  18.0237 27.6897 -24.7428
v  16.4125 30.4035 -24.7428
v  16.4125 27.6897 -24.7428
v  17.8628 27.6897 -24.7428
v  17.8628 30.4035 -24.7428
v  17.8628 30.4035 -24.6023
v  17.8628 27.6897 -24.6023
v  18.0237 27.6897 -24.6023
v  18.0237 30.4035 -24.6023
v  17.8628 27.5079 -24.6023
v  16.4125 27.6897 -24.6023
v  16.4125 27.5079 -24.6023
v  18.0237 27.5079 -24.6023
v  19.5620 27.5079 -24.6023
v  19.5620 27.6897 -24.6023
v  16.4125 24.8523 -24.7428
v  17.8628 24.8523 -24.7428
v  17.8628 27.5079 -24.7428
v  16.4125 27.5079 -24.7428
v  17.8628 24.8523 -24.6023
v  18.0237 24.8523 -24.6023
v  18.0237 24.8523 -24.7428
v  19.5620 24.8523 -24.7428
v  19.5620 27.5079 -24.7428
v  18.0237 27.5079 -24.7428
v  16.5337 27.6897 -30.3625
v  18.0555 27.6897 -30.3625
v  18.0555 30.4035 -30.3625
v  16.5337 30.4035 -30.3625
v  18.2146 27.6897 -30.3625
v  19.6493 27.6897 -30.3625
v  19.6493 30.4035 -30.3625
v  18.2146 30.4035 -30.3625
v  18.0555 30.4035 -30.5029
v  18.0555 27.6897 -30.5029
v  18.2146 27.6897 -30.5029
v  18.2146 30.4035 -30.5029
v  18.2146 27.5079 -30.5029
v  19.6493 27.5079 -30.5029
v  19.6493 27.6897 -30.5029
v  18.0555 27.5079 -30.5029
v  16.5337 27.6897 -30.5029
v  16.5337 27.5079 -30.5029
v  19.6493 27.5079 -30.3625
v  18.2146 27.5079 -30.3625
v  18.2146 24.8523 -30.3625
v  19.6493 24.8523 -30.3625
v  18.0555 24.8523 -30.5029
v  18.2146 24.8523 -30.5029
v  18.0555 24.8523 -30.3625
v  18.0555 27.5079 -30.3625
v  16.5337 27.5079 -30.3625
v  16.5337 24.8523 -30.3625
v  -13.7626 22.1412 -29.1428
v  -13.4300 22.1412 -28.0551
v  -13.4300 7.7067 -28.0551
v  -13.7626 7.7067 -29.1428
v  -14.4150 7.7067 -30.0746
v  -14.4150 22.1412 -30.0746
v  -15.3235 7.7067 -30.7591
v  -15.3235 22.1412 -30.7591
v  -16.3990 7.7067 -31.1295
v  -16.3990 22.1412 -31.1295
v  -17.5363 7.7067 -31.1493
v  -17.5363 22.1412 -31.1493
v  -18.6240 7.7067 -30.8167
v  -18.6240 22.1412 -30.8167
v  -19.5558 7.7067 -30.1643
v  -19.5558 22.1412 -30.1643
v  -20.2403 7.7067 -29.2559
v  -20.2403 22.1412 -29.2559
v  -20.6107 22.1412 -28.1804
v  -20.6107 7.7067 -28.1804
v  -20.6305 7.7067 -27.0431
v  -20.6305 22.1412 -27.0431
v  -20.2980 7.7067 -25.9553
v  -20.2980 22.1412 -25.9553
v  -19.6455 7.7067 -25.0236
v  -19.6455 22.1412 -25.0236
v  -18.7371 7.7067 -24.3390
v  -18.7371 22.1412 -24.3390
v  -17.6616 7.7067 -23.9687
v  -17.6616 22.1412 -23.9687
v  -16.5243 7.7067 -23.9488
v  -16.5243 22.1412 -23.9488
v  -15.4365 7.7067 -24.2814
v  -15.4365 22.1412 -24.2814
v  -14.5048 22.1412 -24.9338
v  -14.5048 7.7067 -24.9338
v  -13.8202 7.7067 -25.8423
v  -13.8202 22.1412 -25.8423
v  -13.4499 7.7067 -26.9178
v  -13.4499 22.1412 -26.9178
v  -13.4358 22.1412 -29.3022
v  -13.0700 22.1412 -28.1056
v  -14.1535 22.1412 -30.3271
v  -15.1528 22.1412 -31.0801
v  -16.3358 22.1412 -31.4875
v  -17.5869 22.1412 -31.5093
v  -18.7834 22.1412 -31.1435
v  -19.8084 22.1412 -30.4258
v  -20.5614 22.1412 -29.4266
v  -20.9687 22.1412 -28.2435
v  -20.9905 22.1412 -26.9925
v  -20.6247 22.1412 -25.7959
v  -19.9071 22.1412 -24.7710
v  -18.9078 22.1412 -24.0180
v  -17.7247 22.1412 -23.6107
v  -16.4737 22.1412 -23.5888
v  -15.2771 22.1412 -23.9546
v  -14.2522 22.1412 -24.6723
v  -13.4992 22.1412 -25.6716
v  -13.0919 22.1412 -26.8546
v  -13.4358 22.5185 -29.3022
v  -13.0700 22.5185 -28.1056
v  -14.1535 22.5185 -30.3271
v  -15.1528 22.5185 -31.0801
v  -16.3358 22.5185 -31.4875
v  -17.5869 22.5185 -31.5093
v  -18.7834 22.5185 -31.1435
v  -19.8084 22.5185 -30.4258
v  -20.5614 22.5185 -29.4266
v  -20.9687 22.5185 -28.2435
v  -20.9905 22.5185 -26.9925
v  -20.6247 22.5185 -25.7959
v  -19.9071 22.5185 -24.7710
v  -18.9078 22.5185 -24.0180
v  -17.7247 22.5185 -23.6107
v  -16.4737 22.5185 -23.5888
v  -15.2771 22.5185 -23.9546
v  -14.2522 22.5185 -24.6723
v  -13.4992 22.5185 -25.6716
v  -13.0919 22.5185 -26.8546
v  -13.6641 22.5185 -28.0222
v  -13.9750 22.5185 -29.0392
v  -14.5850 22.5185 -29.9104
v  -15.4344 22.5185 -30.5505
v  -16.4400 22.5185 -30.8967
v  -17.5034 22.5185 -30.9153
v  -18.5204 22.5185 -30.6043
v  -19.3916 22.5185 -29.9943
v  -20.0317 22.5185 -29.1449
v  -20.3779 22.5185 -28.1394
v  -20.3965 22.5185 -27.0760
v  -20.0856 22.5185 -26.0589
v  -19.4755 22.5185 -25.1877
v  -18.6262 22.5185 -24.5477
v  -17.6206 22.5185 -24.2014
v  -16.5572 22.5185 -24.1829
v  -15.5401 22.5185 -24.4938
v  -14.6689 22.5185 -25.1038
v  -14.0289 22.5185 -25.9532
v  -13.6826 22.5185 -26.9588
v  -13.9750 24.9129 -29.0392
v  -13.6641 24.9129 -28.0222
v  -14.5850 24.9129 -29.9104
v  -15.4344 24.9129 -30.5505
v  -16.4400 24.9129 -30.8967
v  -17.5034 24.9129 -30.9153
v  -18.5204 24.9129 -30.6043
v  -19.3916 24.9129 -29.9943
v  -20.0317 24.9129 -29.1449
v  -20.3779 24.9129 -28.1394
v  -20.3965 24.9129 -27.0760
v  -20.0856 24.9129 -26.0589
v  -19.4755 24.9129 -25.1877
v  -18.6262 24.9129 -24.5477
v  -17.6206 24.9129 -24.2014
v  -16.5572 24.9129 -24.1829
v  -15.5401 24.9129 -24.4938
v  -14.6689 24.9129 -25.1038
v  -14.0289 24.9129 -25.9532
v  -13.6826 24.9129 -26.9588
v  -13.2621 32.3973 -29.3869
v  -13.9750 32.3973 -29.0392
v  -13.6641 32.3973 -28.0222
v  -12.8786 32.3973 -28.1326
v  -14.0145 32.3973 -30.4614
v  -14.5850 32.3973 -29.9104
v  -15.0620 32.3973 -31.2508
v  -15.4344 32.3973 -30.5505
v  -16.3023 32.3973 -31.6778
v  -16.4400 32.3973 -30.8967
v  -17.6138 32.3973 -31.7007
v  -17.5034 32.3973 -30.9153
v  -18.8682 32.3973 -31.3172
v  -18.5204 32.3973 -30.6043
v  -19.9426 32.3973 -30.5649
v  -19.3916 32.3973 -29.9943
v  -20.7320 32.3973 -29.5173
v  -20.0317 32.3973 -29.1449
v  -21.1591 32.3973 -28.2771
v  -20.3779 32.3973 -28.1394
v  -21.1820 32.3973 -26.9656
v  -20.3965 32.3973 -27.0760
v  -20.7985 32.3973 -25.7112
v  -20.0856 32.3973 -26.0589
v  -20.0461 32.3973 -24.6367
v  -19.4755 32.3973 -25.1877
v  -18.9985 32.3973 -23.8473
v  -18.6262 32.3973 -24.5477
v  -17.7583 32.3973 -23.4203
v  -17.6206 32.3973 -24.2014
v  -16.4468 32.3973 -23.3974
v  -16.5572 32.3973 -24.1829
v  -15.1924 32.3973 -23.7809
v  -15.5401 32.3973 -24.4938
v  -14.1179 32.3973 -24.5333
v  -14.6689 32.3973 -25.1038
v  -13.3286 32.3973 -25.5808
v  -14.0289 32.3973 -25.9532
v  -12.9015 32.3973 -26.8211
v  -13.6826 32.3973 -26.9588
v  -13.2621 32.9239 -29.3869
v  -12.8786 32.9239 -28.1326
v  -14.0145 32.9239 -30.4614
v  -15.0620 32.9239 -31.2508
v  -16.3023 32.9239 -31.6778
v  -17.6138 32.9239 -31.7007
v  -18.8682 32.9239 -31.3172
v  -19.9426 32.9239 -30.5649
v  -20.7320 32.9239 -29.5173
v  -21.1591 32.9239 -28.2771
v  -21.1820 32.9239 -26.9656
v  -20.7985 32.9239 -25.7112
v  -20.0461 32.9239 -24.6367
v  -18.9985 32.9239 -23.8473
v  -17.7583 32.9239 -23.4203
v  -16.4468 32.9239 -23.3974
v  -15.1924 32.9239 -23.7809
v  -14.1179 32.9239 -24.5333
v  -13.3286 32.9239 -25.5808
v  -12.9015 32.9239 -26.8211
v  -17.6206 30.3571 -24.2014
v  -16.5572 30.3571 -24.1829
v  -18.6262 30.3571 -24.5477
v  -19.4755 30.3571 -25.1877
v  -20.0856 30.3571 -26.0589
v  -20.3965 30.3571 -27.0760
v  -20.3779 30.3571 -28.1393
v  -20.0317 30.3571 -29.1449
v  -19.3916 30.3571 -29.9943
v  -18.5204 30.3571 -30.6043
v  -17.5034 30.3571 -30.9153
v  -16.4400 30.3571 -30.8967
v  -15.4344 30.3571 -30.5505
v  -14.5850 30.3571 -29.9104
v  -13.9750 30.3571 -29.0392
v  -13.6641 30.3571 -28.0222
v  -13.6826 30.3571 -26.9588
v  -14.0289 30.3571 -25.9532
v  -14.6689 30.3571 -25.1038
v  -15.5401 30.3571 -24.4938
v  -16.6367 30.3571 -24.7484
v  -17.5214 30.3571 -24.7639
v  -18.3580 30.3571 -25.0519
v  -17.4239 30.3571 -30.3497
v  -18.2701 30.3571 -30.0910
v  -16.5392 30.3571 -30.3343
v  -15.7025 30.3571 -30.0462
v  -15.7905 30.3571 -25.0071
v  -16.6367 24.9129 -24.7484
v  -17.5214 24.9129 -24.7639
v  -18.3580 24.9129 -25.0519
v  -18.2701 24.9129 -30.0910
v  -17.4239 24.9129 -30.3497
v  -16.5392 24.9129 -30.3343
v  -15.7025 24.9129 -30.0462
v  -15.7905 24.9129 -25.0071
v  -12.7495 32.8817 -28.9861
v  -13.3893 32.8817 -30.2417
v  -14.3858 32.8817 -31.2382
v  -15.6414 32.8817 -31.8780
v  -17.0333 32.8817 -32.0984
v  -18.4252 32.8817 -31.8780
v  -19.6809 32.8817 -31.2382
v  -20.6773 32.8817 -30.2417
v  -21.3171 32.8817 -28.9861
v  -21.5376 32.8817 -27.5942
v  -21.3171 32.8817 -26.2023
v  -20.6773 32.8817 -24.9467
v  -19.6808 32.8817 -23.9502
v  -18.4252 32.8817 -23.3104
v  -17.0333 32.8817 -23.0900
v  -15.6414 32.8817 -23.3104
v  -14.3858 32.8817 -23.9502
v  -13.3893 32.8817 -24.9467
v  -12.7495 32.8817 -26.2023
v  -12.5291 32.8817 -27.5942
v  -17.0333 40.2564 -27.5942
v  -17.0353 30.4035 -24.7428
v  -17.0353 27.6897 -24.7428
v  -15.4970 27.6897 -24.7428
v  -15.4970 30.4035 -24.7428
v  -17.1962 30.4035 -24.7428
v  -18.6465 30.4035 -24.7428
v  -18.6465 27.6897 -24.7428
v  -17.1962 27.6897 -24.7428
v  -17.0353 30.4035 -24.6023
v  -17.1962 30.4035 -24.6023
v  -17.1962 27.6897 -24.6023
v  -17.0353 27.6897 -24.6023
v  -17.1962 27.5079 -24.6023
v  -18.6465 27.6897 -24.6023
v  -18.6465 27.5079 -24.6023
v  -17.0353 27.5079 -24.6023
v  -15.4970 27.6897 -24.6023
v  -15.4970 27.5079 -24.6023
v  -17.1962 27.5079 -24.7428
v  -18.6465 27.5079 -24.7428
v  -18.6465 24.8523 -24.7428
v  -17.1962 24.8523 -24.7428
v  -17.0353 24.8523 -24.6023
v  -17.1962 24.8523 -24.6023
v  -17.0353 24.8523 -24.7428
v  -15.4970 24.8523 -24.7428
v  -15.4970 27.5079 -24.7428
v  -17.0353 27.5079 -24.7428
v  -18.5253 27.6897 -30.3625
v  -17.0035 27.6897 -30.3625
v  -17.0035 30.4035 -30.3625
v  -18.5253 30.4035 -30.3625
v  -15.4097 30.4035 -30.3625
v  -16.8444 30.4035 -30.3625
v  -16.8444 27.6897 -30.3625
v  -15.4097 27.6897 -30.3625
v  -17.0035 30.4035 -30.5029
v  -17.0035 27.6897 -30.5029
v  -16.8444 27.6897 -30.5029
v  -16.8444 30.4035 -30.5029
v  -15.4097 27.5079 -30.5029
v  -15.4097 27.6897 -30.5029
v  -16.8444 27.5079 -30.5029
v  -17.0035 27.5079 -30.5029
v  -18.5253 27.6897 -30.5029
v  -18.5253 27.5079 -30.5029
v  -16.8444 27.5079 -30.3625
v  -16.8444 24.8523 -30.3625
v  -15.4097 24.8523 -30.3625
v  -15.4097 27.5079 -30.3625
v  -17.0035 24.8523 -30.5029
v  -16.8444 24.8523 -30.5029
v  -18.5253 27.5079 -30.3625
v  -18.5253 24.8523 -30.3625
v  -17.0035 24.8523 -30.3625
v  -17.0035 27.5079 -30.3625
# 1440 vertices

vn 0.9903 0.0000 -0.1392
vn 0.8988 0.0000 -0.4384
vn 0.7193 0.0000 -0.6947
vn 0.4695 0.0000 -0.8829
vn 0.1736 0.0000 -0.9848
vn -0.1392 0.0000 -0.9903
vn -0.4384 0.0000 -0.8988
vn -0.6947 0.0000 -0.7193
vn -0.8829 0.0000 -0.4695
vn -0.9848 0.0000 -0.1736
vn -0.9903 0.0000 0.1392
vn -0.8988 0.0000 0.4384
vn -0.7193 0.0000 0.6947
vn -0.4695 0.0000 0.8830
vn -0.1736 0.0000 0.9848
vn 0.1392 0.0000 0.9903
vn 0.4384 0.0000 0.8988
vn 0.6947 0.0000 0.7193
vn 0.8829 0.0000 0.4695
vn 0.9848 0.0000 0.1736
vn 0.0000 1.0000 -0.0000
vn 0.0000 1.0000 0.0000
vn -0.1737 0.0000 0.9848
vn 0.5154 0.0000 -0.8570
vn -0.4852 0.0000 -0.8744
vn -0.8829 -0.0000 -0.4695
vn -0.8988 -0.0000 0.4384
vn -0.7193 -0.0000 0.6947
vn -0.4695 0.0000 0.8829
vn -0.5154 -0.0000 0.8570
vn 0.4851 0.0000 0.8744
vn 0.6947 -0.0000 0.7193
vn 0.8829 -0.0000 0.4695
vn 0.9848 -0.0000 0.1736
vn -0.5154 0.0000 0.8570
vn -0.9903 -0.0000 0.1392
vn -0.9848 -0.0000 -0.1736
vn 0.0000 -1.0000 -0.0000
vn 0.7924 0.5531 -0.2575
vn 0.6740 0.5531 -0.4897
vn 0.4897 0.5531 -0.6740
vn 0.2575 0.5531 -0.7924
vn -0.0000 0.5531 -0.8331
vn -0.2575 0.5531 -0.7924
vn -0.4897 0.5531 -0.6740
vn -0.6740 0.5531 -0.4897
vn -0.7924 0.5531 -0.2575
vn -0.8331 0.5531 -0.0000
vn -0.7924 0.5531 0.2575
vn -0.6740 0.5531 0.4897
vn -0.4897 0.5531 0.6740
vn -0.2575 0.5531 0.7924
vn 0.0000 0.5531 0.8331
vn 0.2575 0.5531 0.7924
vn 0.4897 0.5531 0.6740
vn 0.6740 0.5531 0.4897
vn 0.7924 0.5531 0.2575
vn 0.8331 0.5531 0.0000
vn 0.0000 0.0000 1.0000
vn 1.0000 0.0000 -0.0000
vn -1.0000 0.0000 -0.0000
vn -0.0000 0.0000 1.0000
vn -0.2749 0.9615 -0.0000
vn -0.1372 0.9905 -0.0000
vn -0.5388 0.8424 -0.0000
vn -0.7714 0.6363 -0.0000
vn -0.9382 0.3460 -0.0000
vn -0.9960 0.0894 -0.0000
vn 0.0000 0.0000 -1.0000
vn -0.0000 0.0000 -1.0000
vn 0.1372 0.9905 -0.0000
vn 0.2749 0.9615 -0.0000
vn 0.5388 0.8424 -0.0000
vn 0.7714 0.6363 -0.0000
vn 0.9382 0.3460 -0.0000
vn 0.9960 0.0894 -0.0000
vn 0.0074 1.0000 0.0029
vn 0.0315 0.0027 -0.9995
vn -0.5620 0.0065 -0.8271
vn -0.9408 0.0079 -0.3388
vn -0.9603 0.0063 0.2790
vn -0.6130 0.0022 0.7901
vn -0.0314 -0.0027 0.9995
vn -0.5621 0.0065 -0.8271
vn 0.5878 0.0000 0.8090
vn 0.9511 0.0000 0.3090
vn 0.9511 0.0000 -0.3090
vn 0.5878 0.0000 -0.8090
vn 0.0000 -0.0000 1.0000
vn 0.5878 -0.0000 0.8090
vn -0.4851 0.0000 -0.8744
vn 0.4852 0.0000 0.8744
vn 0.9848 -0.0000 0.1737
vn 0.0000 -1.0000 0.0000
vn 0.8830 0.0000 0.4695
vn 0.9848 0.0000 0.1737
vn 0.8116 0.5212 -0.2637
vn 0.6904 0.5212 -0.5016
vn 0.5016 0.5212 -0.6904
vn 0.2637 0.5212 -0.8116
vn -0.0000 0.5212 -0.8534
vn -0.2637 0.5212 -0.8116
vn -0.5016 0.5212 -0.6904
vn -0.6904 0.5212 -0.5016
vn -0.8116 0.5212 -0.2637
vn -0.8534 0.5212 -0.0000
vn -0.8116 0.5212 0.2637
vn -0.6904 0.5212 0.5016
vn -0.5016 0.5212 0.6904
vn -0.2637 0.5212 0.8116
vn 0.0000 0.5212 0.8534
vn 0.2637 0.5212 0.8116
vn 0.5016 0.5212 0.6904
vn 0.6904 0.5212 0.5016
vn 0.8116 0.5212 0.2637
vn 0.8534 0.5212 0.0000
vn -0.6947 -0.0000 -0.7193
# 117 vertex normals

vt 0.8814 0.2476 0.0000
vt 0.8814 0.0307 0.0000
vt 0.9022 0.0307 0.0000
vt 0.9022 0.2476 0.0000
vt 0.9229 0.0307 0.0000
vt 0.9229 0.2476 0.0000
vt 0.9436 0.0307 0.0000
vt 0.9436 0.2476 0.0000
vt 0.9643 0.0307 0.0000
vt 0.9643 0.2476 0.0000
vt 0.9850 0.0307 0.0000
vt 0.9850 0.2476 0.0000
vt 0.5913 0.2476 0.0000
vt 0.5706 0.2476 0.0000
vt 0.5706 0.0307 0.0000
vt 0.5913 0.0307 0.0000
vt 0.6121 0.0307 0.0000
vt 0.6121 0.2476 0.0000
vt 0.6328 0.0307 0.0000
vt 0.6328 0.2476 0.0000
vt 0.6535 0.0307 0.0000
vt 0.6535 0.2476 0.0000
vt 0.6742 0.0307 0.0000
vt 0.6742 0.2476 0.0000
vt 0.6949 0.0307 0.0000
vt 0.6949 0.2476 0.0000
vt 0.7157 0.2476 0.0000
vt 0.7157 0.0307 0.0000
vt 0.7364 0.2476 0.0000
vt 0.7364 0.0307 0.0000
vt 0.7571 0.2476 0.0000
vt 0.7571 0.0307 0.0000
vt 0.7778 0.0307 0.0000
vt 0.7778 0.2476 0.0000
vt 0.7985 0.0307 0.0000
vt 0.7985 0.2476 0.0000
vt 0.8193 0.0307 0.0000
vt 0.8193 0.2476 0.0000
vt 0.8400 0.0307 0.0000
vt 0.8400 0.2476 0.0000
vt 0.8607 0.0307 0.0000
vt 0.8607 0.2476 0.0000
vt 0.3138 0.9371 0.0000
vt 0.3189 0.9201 0.0000
vt 0.3245 0.9209 0.0000
vt 0.3188 0.9396 0.0000
vt 0.3077 0.9555 0.0000
vt 0.3036 0.9516 0.0000
vt 0.2894 0.9623 0.0000
vt 0.2921 0.9673 0.0000
vt 0.2737 0.9736 0.0000
vt 0.2727 0.9680 0.0000
vt 0.2542 0.9739 0.0000
vt 0.2550 0.9683 0.0000
vt 0.2355 0.9682 0.0000
vt 0.2380 0.9632 0.0000
vt 0.2235 0.9530 0.0000
vt 0.2196 0.9571 0.0000
vt 0.2078 0.9415 0.0000
vt 0.2128 0.9388 0.0000
vt 0.2015 0.9231 0.0000
vt 0.2071 0.9221 0.0000
vt 0.2067 0.9044 0.0000
vt 0.2011 0.9036 0.0000
vt 0.2119 0.8874 0.0000
vt 0.2068 0.8849 0.0000
vt 0.2180 0.8690 0.0000
vt 0.2221 0.8729 0.0000
vt 0.2336 0.8572 0.0000
vt 0.2362 0.8622 0.0000
vt 0.2520 0.8509 0.0000
vt 0.2530 0.8565 0.0000
vt 0.2715 0.8505 0.0000
vt 0.2707 0.8561 0.0000
vt 0.2877 0.8613 0.0000
vt 0.2902 0.8562 0.0000
vt 0.3022 0.8715 0.0000
vt 0.3061 0.8674 0.0000
vt 0.3179 0.8830 0.0000
vt 0.3129 0.8856 0.0000
vt 0.3242 0.9014 0.0000
vt 0.3186 0.9024 0.0000
vt 0.9025 0.0087 0.0000
vt 0.9025 0.0223 0.0000
vt 0.8819 0.0223 0.0000
vt 0.8819 0.0087 0.0000
vt 0.9231 0.0087 0.0000
vt 0.9231 0.0223 0.0000
vt 0.9437 0.0223 0.0000
vt 0.9437 0.0087 0.0000
vt 0.9643 0.0087 0.0000
vt 0.9643 0.0223 0.0000
vt 0.9848 0.0223 0.0000
vt 0.9848 0.0087 0.0000
vt 0.5732 0.0223 0.0000
vt 0.5732 0.0087 0.0000
vt 0.5938 0.0087 0.0000
vt 0.5938 0.0223 0.0000
vt 0.6143 0.0087 0.0000
vt 0.6143 0.0223 0.0000
vt 0.6349 0.0087 0.0000
vt 0.6349 0.0223 0.0000
vt 0.6555 0.0087 0.0000
vt 0.6555 0.0223 0.0000
vt 0.6761 0.0087 0.0000
vt 0.6761 0.0223 0.0000
vt 0.6967 0.0087 0.0000
vt 0.6967 0.0223 0.0000
vt 0.7173 0.0223 0.0000
vt 0.7173 0.0087 0.0000
vt 0.7378 0.0087 0.0000
vt 0.7378 0.0223 0.0000
vt 0.7584 0.0087 0.0000
vt 0.7584 0.0223 0.0000
vt 0.7790 0.0087 0.0000
vt 0.7790 0.0223 0.0000
vt 0.7996 0.0087 0.0000
vt 0.7996 0.0223 0.0000
vt 0.8202 0.0223 0.0000
vt 0.8202 0.0087 0.0000
vt 0.8408 0.0223 0.0000
vt 0.8408 0.0087 0.0000
vt 0.8613 0.0087 0.0000
vt 0.8613 0.0223 0.0000
vt 0.3367 0.9479 0.0000
vt 0.3256 0.9426 0.0000
vt 0.3320 0.9217 0.0000
vt 0.3441 0.9234 0.0000
vt 0.3220 0.9689 0.0000
vt 0.3131 0.9604 0.0000
vt 0.3015 0.9843 0.0000
vt 0.2957 0.9735 0.0000
vt 0.2773 0.9927 0.0000
vt 0.2751 0.9806 0.0000
vt 0.2517 0.9931 0.0000
vt 0.2534 0.9810 0.0000
vt 0.2326 0.9746 0.0000
vt 0.2272 0.9856 0.0000
vt 0.2062 0.9709 0.0000
vt 0.2147 0.9621 0.0000
vt 0.1908 0.9505 0.0000
vt 0.2016 0.9447 0.0000
vt 0.1824 0.9263 0.0000
vt 0.1945 0.9241 0.0000
vt 0.1820 0.9007 0.0000
vt 0.1941 0.9024 0.0000
vt 0.1895 0.8762 0.0000
vt 0.2005 0.8815 0.0000
vt 0.2130 0.8637 0.0000
vt 0.2042 0.8552 0.0000
vt 0.2246 0.8398 0.0000
vt 0.2304 0.8506 0.0000
vt 0.2488 0.8314 0.0000
vt 0.2510 0.8435 0.0000
vt 0.2745 0.8310 0.0000
vt 0.2727 0.8431 0.0000
vt 0.2990 0.8385 0.0000
vt 0.2936 0.8495 0.0000
vt 0.3114 0.8620 0.0000
vt 0.3199 0.8532 0.0000
vt 0.3354 0.8736 0.0000
vt 0.3245 0.8794 0.0000
vt 0.3437 0.8978 0.0000
vt 0.3316 0.9000 0.0000
vt 0.9022 0.2575 0.0000
vt 0.9022 0.2935 0.0000
vt 0.8814 0.2935 0.0000
vt 0.8814 0.2575 0.0000
vt 0.9229 0.2575 0.0000
vt 0.9229 0.2935 0.0000
vt 0.9436 0.2575 0.0000
vt 0.9436 0.2935 0.0000
vt 0.9643 0.2575 0.0000
vt 0.9643 0.2935 0.0000
vt 0.9850 0.2575 0.0000
vt 0.9850 0.2935 0.0000
vt 0.5706 0.2935 0.0000
vt 0.5706 0.2575 0.0000
vt 0.5913 0.2575 0.0000
vt 0.5913 0.2935 0.0000
vt 0.6121 0.2935 0.0000
vt 0.6121 0.2575 0.0000
vt 0.6328 0.2575 0.0000
vt 0.6328 0.2935 0.0000
vt 0.6535 0.2935 0.0000
vt 0.6535 0.2575 0.0000
vt 0.6742 0.2575 0.0000
vt 0.6742 0.2935 0.0000
vt 0.6949 0.2575 0.0000
vt 0.6949 0.2935 0.0000
vt 0.7157 0.2575 0.0000
vt 0.7157 0.2935 0.0000
vt 0.7364 0.2575 0.0000
vt 0.7364 0.2935 0.0000
vt 0.7571 0.2575 0.0000
vt 0.7571 0.2935 0.0000
vt 0.7778 0.2575 0.0000
vt 0.7778 0.2935 0.0000
vt 0.7985 0.2575 0.0000
vt 0.7985 0.2935 0.0000
vt 0.8193 0.2575 0.0000
vt 0.8193 0.2935 0.0000
vt 0.8400 0.2575 0.0000
vt 0.8400 0.2935 0.0000
vt 0.8607 0.2575 0.0000
vt 0.8607 0.2935 0.0000
vt 0.5990 0.6655 0.0000
vt 0.5938 0.6824 0.0000
vt 0.5842 0.6777 0.0000
vt 0.5884 0.6641 0.0000
vt 0.5837 0.6969 0.0000
vt 0.5760 0.6895 0.0000
vt 0.5696 0.7075 0.0000
vt 0.5646 0.6981 0.0000
vt 0.5529 0.7132 0.0000
vt 0.5511 0.7027 0.0000
vt 0.5353 0.7135 0.0000
vt 0.5368 0.7030 0.0000
vt 0.5184 0.7084 0.0000
vt 0.5231 0.6988 0.0000
vt 0.5040 0.6983 0.0000
vt 0.5114 0.6906 0.0000
vt 0.5028 0.6792 0.0000
vt 0.4933 0.6842 0.0000
vt 0.4876 0.6675 0.0000
vt 0.4981 0.6656 0.0000
vt 0.4873 0.6499 0.0000
vt 0.4979 0.6513 0.0000
vt 0.4925 0.6330 0.0000
vt 0.5020 0.6377 0.0000
vt 0.5026 0.6185 0.0000
vt 0.5102 0.6259 0.0000
vt 0.5167 0.6079 0.0000
vt 0.5217 0.6173 0.0000
vt 0.5333 0.6022 0.0000
vt 0.5352 0.6127 0.0000
vt 0.5510 0.6019 0.0000
vt 0.5495 0.6124 0.0000
vt 0.5679 0.6070 0.0000
vt 0.5632 0.6166 0.0000
vt 0.5823 0.6171 0.0000
vt 0.5749 0.6248 0.0000
vt 0.5929 0.6312 0.0000
vt 0.5835 0.6362 0.0000
vt 0.5987 0.6479 0.0000
vt 0.5882 0.6498 0.0000
vt 0.8999 0.4276 0.0000
vt 0.8796 0.4276 0.0000
vt 0.8796 0.4176 0.0000
vt 0.8999 0.4176 0.0000
vt 0.9202 0.4276 0.0000
vt 0.9202 0.4176 0.0000
vt 0.9406 0.4276 0.0000
vt 0.9406 0.4176 0.0000
vt 0.9609 0.4176 0.0000
vt 0.9609 0.4276 0.0000
vt 0.9812 0.4176 0.0000
vt 0.9812 0.4276 0.0000
vt 0.5950 0.4176 0.0000
vt 0.5950 0.4276 0.0000
vt 0.5747 0.4276 0.0000
vt 0.5747 0.4176 0.0000
vt 0.6154 0.4176 0.0000
vt 0.6154 0.4276 0.0000
vt 0.6357 0.4176 0.0000
vt 0.6357 0.4276 0.0000
vt 0.6560 0.4176 0.0000
vt 0.6560 0.4276 0.0000
vt 0.6763 0.4176 0.0000
vt 0.6763 0.4276 0.0000
vt 0.6967 0.4176 0.0000
vt 0.6967 0.4276 0.0000
vt 0.7170 0.4176 0.0000
vt 0.7170 0.4276 0.0000
vt 0.7373 0.4176 0.0000
vt 0.7373 0.4276 0.0000
vt 0.7576 0.4176 0.0000
vt 0.7576 0.4276 0.0000
vt 0.7780 0.4176 0.0000
vt 0.7780 0.4276 0.0000
vt 0.7983 0.4276 0.0000
vt 0.7983 0.4176 0.0000
vt 0.8186 0.4176 0.0000
vt 0.8186 0.4276 0.0000
vt 0.8389 0.4276 0.0000
vt 0.8389 0.4176 0.0000
vt 0.8593 0.4176 0.0000
vt 0.8593 0.4276 0.0000
vt 0.7571 0.4060 0.0000
vt 0.7571 0.3753 0.0000
vt 0.7778 0.3753 0.0000
vt 0.7778 0.4060 0.0000
vt 0.7364 0.4060 0.0000
vt 0.7364 0.3753 0.0000
vt 0.7157 0.4060 0.0000
vt 0.7157 0.3753 0.0000
vt 0.6949 0.4060 0.0000
vt 0.6949 0.3753 0.0000
vt 0.6742 0.4060 0.0000
vt 0.6742 0.3753 0.0000
vt 0.6535 0.3753 0.0000
vt 0.6535 0.4060 0.0000
vt 0.6328 0.4060 0.0000
vt 0.6328 0.3753 0.0000
vt 0.6121 0.3753 0.0000
vt 0.6121 0.4060 0.0000
vt 0.5913 0.4060 0.0000
vt 0.5913 0.3753 0.0000
vt 0.5706 0.3753 0.0000
vt 0.5706 0.4060 0.0000
vt 0.9850 0.4060 0.0000
vt 0.9643 0.4060 0.0000
vt 0.9643 0.3753 0.0000
vt 0.9850 0.3753 0.0000
vt 0.9436 0.4060 0.0000
vt 0.9436 0.3753 0.0000
vt 0.9229 0.3753 0.0000
vt 0.9229 0.4060 0.0000
vt 0.9022 0.3753 0.0000
vt 0.9022 0.4060 0.0000
vt 0.8814 0.3753 0.0000
vt 0.8814 0.4060 0.0000
vt 0.8607 0.4060 0.0000
vt 0.8607 0.3753 0.0000
vt 0.8400 0.3753 0.0000
vt 0.8400 0.4060 0.0000
vt 0.8193 0.4060 0.0000
vt 0.8193 0.3753 0.0000
vt 0.7985 0.4060 0.0000
vt 0.7985 0.3753 0.0000
vt 0.5230 0.2833 0.0000
vt 0.5201 0.3037 0.0000
vt 0.4882 0.3043 0.0000
vt 0.4846 0.2840 0.0000
vt 0.4579 0.3147 0.0000
vt 0.4483 0.2965 0.0000
vt 0.5598 0.2945 0.0000
vt 0.5507 0.3131 0.0000
vt 0.5232 0.2833 0.0000
vt 0.5203 0.3037 0.0000
vt 0.4884 0.3043 0.0000
vt 0.4848 0.2839 0.0000
vt 0.5096 0.2733 0.0000
vt 0.4983 0.2733 0.0000
vt 0.4983 0.1618 0.0000
vt 0.5096 0.1618 0.0000
vt 0.4581 0.3147 0.0000
vt 0.4485 0.2965 0.0000
vt 0.5097 0.2733 0.0000
vt 0.5097 0.1618 0.0000
vt 0.5509 0.3131 0.0000
vt 0.5600 0.2945 0.0000
vt 0.4551 0.8108 0.0000
vt 0.4357 0.8302 0.0000
vt 0.4113 0.8427 0.0000
vt 0.3841 0.8470 0.0000
vt 0.3570 0.8427 0.0000
vt 0.3326 0.8302 0.0000
vt 0.3132 0.8108 0.0000
vt 0.3007 0.7863 0.0000
vt 0.2964 0.7592 0.0000
vt 0.3007 0.7321 0.0000
vt 0.3132 0.7076 0.0000
vt 0.3326 0.6882 0.0000
vt 0.3570 0.6758 0.0000
vt 0.3841 0.6715 0.0000
vt 0.4113 0.6758 0.0000
vt 0.4357 0.6882 0.0000
vt 0.4551 0.7076 0.0000
vt 0.4676 0.7321 0.0000
vt 0.4719 0.7592 0.0000
vt 0.4676 0.7863 0.0000
vt 0.4812 0.7906 0.0000
vt 0.4667 0.8189 0.0000
vt 0.3845 0.7592 0.0000
vt 0.4443 0.8414 0.0000
vt 0.4159 0.8558 0.0000
vt 0.3845 0.8608 0.0000
vt 0.3531 0.8558 0.0000
vt 0.3248 0.8414 0.0000
vt 0.3023 0.8189 0.0000
vt 0.2879 0.7906 0.0000
vt 0.2829 0.7592 0.0000
vt 0.2879 0.7278 0.0000
vt 0.3023 0.6995 0.0000
vt 0.3248 0.6770 0.0000
vt 0.3531 0.6626 0.0000
vt 0.3845 0.6576 0.0000
vt 0.4159 0.6626 0.0000
vt 0.4443 0.6770 0.0000
vt 0.4667 0.6995 0.0000
vt 0.4812 0.7278 0.0000
vt 0.4862 0.7592 0.0000
vt 0.9154 0.9240 0.0000
vt 0.9154 0.9825 0.0000
vt 0.8795 0.9825 0.0000
vt 0.8795 0.9240 0.0000
vt 0.8757 0.9825 0.0000
vt 0.8418 0.9825 0.0000
vt 0.8418 0.9240 0.0000
vt 0.8757 0.9240 0.0000
vt 0.8418 0.9201 0.0000
vt 0.8757 0.9201 0.0000
vt 0.8795 0.9201 0.0000
vt 0.9154 0.9201 0.0000
vt 0.8418 0.8630 0.0000
vt 0.8757 0.8630 0.0000
vt 0.8795 0.8630 0.0000
vt 0.9154 0.8630 0.0000
vt 0.9565 0.9823 0.0000
vt 0.9212 0.9823 0.0000
vt 0.9212 0.9244 0.0000
vt 0.9565 0.9244 0.0000
vt 0.9934 0.9244 0.0000
vt 0.9934 0.9823 0.0000
vt 0.9602 0.9823 0.0000
vt 0.9602 0.9244 0.0000
vt 0.9934 0.9206 0.0000
vt 0.9602 0.9206 0.0000
vt 0.9565 0.9206 0.0000
vt 0.9212 0.9206 0.0000
vt 0.9602 0.8639 0.0000
vt 0.9934 0.8639 0.0000
vt 0.9565 0.8639 0.0000
vt 0.9212 0.8639 0.0000
vt 0.7126 0.8088 0.0000
vt 0.6032 0.8088 0.0000
vt 0.6032 0.6778 0.0000
vt 0.7126 0.6778 0.0000
vt 0.4464 0.4450 0.0000
vt 0.4464 0.3225 0.0000
vt 0.5573 0.3225 0.0000
vt 0.5573 0.4450 0.0000
vt 0.5574 0.3225 0.0000
vt 0.5574 0.4450 0.0000
vt 0.4463 0.4450 0.0000
vt 0.4463 0.3225 0.0000
vt 0.7946 0.6712 0.0000
vt 0.6086 0.6712 0.0000
vt 0.6086 0.4367 0.0000
vt 0.7946 0.4367 0.0000
vt 0.7126 0.8087 0.0000
vt 0.6032 0.8087 0.0000
vt 0.9268 0.6732 0.0000
vt 0.8982 0.6775 0.0000
vt 0.8982 0.5893 0.0000
vt 0.9526 0.6606 0.0000
vt 0.9731 0.6411 0.0000
vt 0.9862 0.6165 0.0000
vt 0.9908 0.5893 0.0000
vt 0.8982 0.4358 0.0000
vt 0.9908 0.4358 0.0000
vt 0.8972 0.6775 0.0000
vt 0.8686 0.6732 0.0000
vt 0.8972 0.5893 0.0000
vt 0.8428 0.6606 0.0000
vt 0.8223 0.6411 0.0000
vt 0.8092 0.6165 0.0000
vt 0.8046 0.5893 0.0000
vt 0.8046 0.4358 0.0000
vt 0.8972 0.4358 0.0000
vt 0.7641 0.8438 0.0000
vt 0.7854 0.7862 0.0000
vt 0.7854 0.8467 0.0000
vt 0.7456 0.8352 0.0000
vt 0.7309 0.8218 0.0000
vt 0.7215 0.8049 0.0000
vt 0.7182 0.7862 0.0000
vt 0.7182 0.6810 0.0000
vt 0.7854 0.6810 0.0000
vt 0.8060 0.8438 0.0000
vt 0.8245 0.8352 0.0000
vt 0.8392 0.8218 0.0000
vt 0.8487 0.8049 0.0000
vt 0.8519 0.7862 0.0000
vt 0.8519 0.6810 0.0000
vt 0.9463 0.8434 0.0000
vt 0.9262 0.8464 0.0000
vt 0.9262 0.7859 0.0000
vt 0.9644 0.8348 0.0000
vt 0.9789 0.8214 0.0000
vt 0.9881 0.8046 0.0000
vt 0.9913 0.7859 0.0000
vt 0.9262 0.6807 0.0000
vt 0.9913 0.6807 0.0000
vt 0.2888 0.5297 0.0000
vt 0.2888 0.5073 0.0000
vt 0.4469 0.5073 0.0000
vt 0.4469 0.5297 0.0000
vt 0.4507 0.4549 0.0000
vt 0.4507 0.4712 0.0000
vt 0.2845 0.4712 0.0000
vt 0.2845 0.4549 0.0000
vt 0.3170 0.5575 0.0000
vt 0.3170 0.6054 0.0000
vt 0.2838 0.6054 0.0000
vt 0.2838 0.5575 0.0000
vt 0.2838 0.5574 0.0000
vt 0.3169 0.5574 0.0000
vt 0.3169 0.6053 0.0000
vt 0.2838 0.6053 0.0000
vt 0.3511 0.6053 0.0000
vt 0.3511 0.5574 0.0000
vt 0.3511 0.5575 0.0000
vt 0.3511 0.6054 0.0000
vt 0.4507 0.4879 0.0000
vt 0.2845 0.4879 0.0000
vt 0.3811 0.6053 0.0000
vt 0.3811 0.5574 0.0000
vt 0.3811 0.5575 0.0000
vt 0.3811 0.6054 0.0000
vt 0.4507 0.5027 0.0000
vt 0.2845 0.5027 0.0000
vt 0.4504 0.5574 0.0000
vt 0.4504 0.6053 0.0000
vt 0.4504 0.5575 0.0000
vt 0.4504 0.6054 0.0000
vt 0.4507 0.5513 0.0000
vt 0.2845 0.5513 0.0000
vt 0.4469 0.5378 0.0000
vt 0.2888 0.5378 0.0000
vt 0.3511 0.6227 0.0000
vt 0.3170 0.6227 0.0000
vt 0.3169 0.6226 0.0000
vt 0.3511 0.6226 0.0000
vt 0.3811 0.6227 0.0000
vt 0.3811 0.6226 0.0000
vt 0.4802 0.6252 0.0000
vt 0.4801 0.6251 0.0000
vt 0.4469 0.5466 0.0000
vt 0.2888 0.5466 0.0000
vt 0.3811 0.6415 0.0000
vt 0.3511 0.6415 0.0000
vt 0.3811 0.6414 0.0000
vt 0.3511 0.6414 0.0000
vt 0.4802 0.6415 0.0000
vt 0.4801 0.6414 0.0000
vt 0.9254 0.8464 0.0000
vt 0.9053 0.8434 0.0000
vt 0.9254 0.7859 0.0000
vt 0.8871 0.8348 0.0000
vt 0.8727 0.8214 0.0000
vt 0.8635 0.8046 0.0000
vt 0.8603 0.7859 0.0000
vt 0.8603 0.6807 0.0000
vt 0.9254 0.6807 0.0000
vt 0.7642 0.8437 0.0000
vt 0.7855 0.7862 0.0000
vt 0.7855 0.8467 0.0000
vt 0.7457 0.8351 0.0000
vt 0.7855 0.6810 0.0000
vt 0.8060 0.8437 0.0000
vt 0.8246 0.8351 0.0000
vt 0.8393 0.8218 0.0000
vt 0.8520 0.7862 0.0000
vt 0.8520 0.6810 0.0000
vt 0.0512 0.8404 0.0000
vt 0.0787 0.8404 0.0000
vt 0.0789 0.8770 0.0000
vt 0.0513 0.8771 0.0000
vt 0.0510 0.7958 0.0000
vt 0.0785 0.7957 0.0000
vt 0.0509 0.7474 0.0000
vt 0.0784 0.7474 0.0000
vt 0.0508 0.7002 0.0000
vt 0.0783 0.7001 0.0000
vt 0.0508 0.6586 0.0000
vt 0.0783 0.6586 0.0000
vt 0.1460 0.8695 0.0000
vt 0.0895 0.8773 0.0000
vt 0.0895 0.7173 0.0000
vt 0.1970 0.8468 0.0000
vt 0.2374 0.8114 0.0000
vt 0.2634 0.7668 0.0000
vt 0.2724 0.7173 0.0000
vt 0.0134 0.4787 0.0000
vt 0.0134 0.4365 0.0000
vt 0.2712 0.4365 0.0000
vt 0.2712 0.4787 0.0000
vt 0.2724 0.4907 0.0000
vt 0.0895 0.4907 0.0000
vt 0.0508 0.4905 0.0000
vt 0.0783 0.4905 0.0000
vt 0.0400 0.8770 0.0000
vt 0.0101 0.8770 0.0000
vt 0.0101 0.7170 0.0000
vt 0.0400 0.7170 0.0000
vt 0.0101 0.4904 0.0000
vt 0.0400 0.4904 0.0000
vt 0.5874 0.8119 0.0000
vt 0.5687 0.8058 0.0000
vt 0.5688 0.7902 0.0000
vt 0.5874 0.7902 0.0000
vt 0.5715 0.8337 0.0000
vt 0.5600 0.8178 0.0000
vt 0.5457 0.8420 0.0000
vt 0.5458 0.8224 0.0000
vt 0.5200 0.8336 0.0000
vt 0.5316 0.8178 0.0000
vt 0.5042 0.8117 0.0000
vt 0.5229 0.8057 0.0000
vt 0.5042 0.7901 0.0000
vt 0.5229 0.7901 0.0000
vt 0.5561 0.7227 0.0000
vt 0.5561 0.8059 0.0000
vt 0.5520 0.8059 0.0000
vt 0.5520 0.7227 0.0000
vt 0.5454 0.8059 0.0000
vt 0.5454 0.7227 0.0000
vt 0.5388 0.8059 0.0000
vt 0.5388 0.7227 0.0000
vt 0.5347 0.8059 0.0000
vt 0.5347 0.7227 0.0000
vt 0.5687 0.8057 0.0000
vt 0.5687 0.7901 0.0000
vt 0.5873 0.7901 0.0000
vt 0.5874 0.8118 0.0000
vt 0.5599 0.8178 0.0000
vt 0.5458 0.8420 0.0000
vt 0.5201 0.8337 0.0000
vt 0.5042 0.8118 0.0000
vt 0.5228 0.8057 0.0000
vt 0.5228 0.7901 0.0000
vt 0.5041 0.7901 0.0000
vt 0.3400 0.0308 0.0000
vt 0.3400 0.2478 0.0000
vt 0.3193 0.2478 0.0000
vt 0.3193 0.0308 0.0000
vt 0.3607 0.2478 0.0000
vt 0.3607 0.0308 0.0000
vt 0.3814 0.0308 0.0000
vt 0.3814 0.2478 0.0000
vt 0.4022 0.0308 0.0000
vt 0.4022 0.2478 0.0000
vt 0.4229 0.0308 0.0000
vt 0.4229 0.2478 0.0000
vt 0.0290 0.0308 0.0000
vt 0.0290 0.2478 0.0000
vt 0.0083 0.2478 0.0000
vt 0.0083 0.0308 0.0000
vt 0.0497 0.0308 0.0000
vt 0.0497 0.2478 0.0000
vt 0.0705 0.0308 0.0000
vt 0.0705 0.2478 0.0000
vt 0.0912 0.0308 0.0000
vt 0.0912 0.2478 0.0000
vt 0.1119 0.0308 0.0000
vt 0.1119 0.2478 0.0000
vt 0.1327 0.0308 0.0000
vt 0.1327 0.2478 0.0000
vt 0.1534 0.0308 0.0000
vt 0.1534 0.2478 0.0000
vt 0.1741 0.0308 0.0000
vt 0.1741 0.2478 0.0000
vt 0.1949 0.0308 0.0000
vt 0.1949 0.2478 0.0000
vt 0.2156 0.0308 0.0000
vt 0.2156 0.2478 0.0000
vt 0.2363 0.0308 0.0000
vt 0.2363 0.2478 0.0000
vt 0.2571 0.0308 0.0000
vt 0.2571 0.2478 0.0000
vt 0.2778 0.0308 0.0000
vt 0.2778 0.2478 0.0000
vt 0.2985 0.0308 0.0000
vt 0.2985 0.2478 0.0000
vt 0.5773 0.5298 0.0000
vt 0.5820 0.5304 0.0000
vt 0.5772 0.5460 0.0000
vt 0.5729 0.5440 0.0000
vt 0.5678 0.5594 0.0000
vt 0.5644 0.5561 0.0000
vt 0.5548 0.5692 0.0000
vt 0.5526 0.5650 0.0000
vt 0.5394 0.5746 0.0000
vt 0.5385 0.5699 0.0000
vt 0.5230 0.5748 0.0000
vt 0.5237 0.5701 0.0000
vt 0.5074 0.5701 0.0000
vt 0.5095 0.5658 0.0000
vt 0.4940 0.5607 0.0000
vt 0.4973 0.5573 0.0000
vt 0.4842 0.5477 0.0000
vt 0.4884 0.5454 0.0000
vt 0.4789 0.5322 0.0000
vt 0.4836 0.5314 0.0000
vt 0.4786 0.5159 0.0000
vt 0.4833 0.5166 0.0000
vt 0.4834 0.5003 0.0000
vt 0.4877 0.5024 0.0000
vt 0.4928 0.4869 0.0000
vt 0.4962 0.4902 0.0000
vt 0.5058 0.4771 0.0000
vt 0.5080 0.4813 0.0000
vt 0.5212 0.4718 0.0000
vt 0.5221 0.4764 0.0000
vt 0.5376 0.4715 0.0000
vt 0.5369 0.4762 0.0000
vt 0.5532 0.4763 0.0000
vt 0.5511 0.4805 0.0000
vt 0.5665 0.4856 0.0000
vt 0.5632 0.4890 0.0000
vt 0.5764 0.4987 0.0000
vt 0.5722 0.5009 0.0000
vt 0.5817 0.5141 0.0000
vt 0.5770 0.5149 0.0000
vt 0.3403 0.0088 0.0000
vt 0.3403 0.0224 0.0000
vt 0.3197 0.0224 0.0000
vt 0.3197 0.0088 0.0000
vt 0.3609 0.0088 0.0000
vt 0.3609 0.0224 0.0000
vt 0.3815 0.0088 0.0000
vt 0.3815 0.0224 0.0000
vt 0.4021 0.0088 0.0000
vt 0.4021 0.0224 0.0000
vt 0.4227 0.0088 0.0000
vt 0.4227 0.0224 0.0000
vt 0.0314 0.0088 0.0000
vt 0.0314 0.0224 0.0000
vt 0.0109 0.0224 0.0000
vt 0.0109 0.0088 0.0000
vt 0.0520 0.0224 0.0000
vt 0.0520 0.0088 0.0000
vt 0.0726 0.0088 0.0000
vt 0.0726 0.0224 0.0000
vt 0.0932 0.0088 0.0000
vt 0.0932 0.0224 0.0000
vt 0.1138 0.0088 0.0000
vt 0.1138 0.0224 0.0000
vt 0.1344 0.0088 0.0000
vt 0.1344 0.0224 0.0000
vt 0.1550 0.0088 0.0000
vt 0.1550 0.0224 0.0000
vt 0.1756 0.0088 0.0000
vt 0.1756 0.0224 0.0000
vt 0.1962 0.0088 0.0000
vt 0.1962 0.0224 0.0000
vt 0.2168 0.0088 0.0000
vt 0.2168 0.0224 0.0000
vt 0.2374 0.0088 0.0000
vt 0.2374 0.0224 0.0000
vt 0.2580 0.0088 0.0000
vt 0.2580 0.0224 0.0000
vt 0.2786 0.0224 0.0000
vt 0.2786 0.0088 0.0000
vt 0.2992 0.0088 0.0000
vt 0.2992 0.0224 0.0000
vt 0.5984 0.5325 0.0000
vt 0.5921 0.5531 0.0000
vt 0.5829 0.5486 0.0000
vt 0.5882 0.5311 0.0000
vt 0.5798 0.5706 0.0000
vt 0.5724 0.5635 0.0000
vt 0.5627 0.5835 0.0000
vt 0.5578 0.5745 0.0000
vt 0.5424 0.5905 0.0000
vt 0.5406 0.5804 0.0000
vt 0.5209 0.5909 0.0000
vt 0.5224 0.5807 0.0000
vt 0.5004 0.5846 0.0000
vt 0.5049 0.5754 0.0000
vt 0.4828 0.5723 0.0000
vt 0.4900 0.5649 0.0000
vt 0.4699 0.5552 0.0000
vt 0.4790 0.5504 0.0000
vt 0.4629 0.5349 0.0000
vt 0.4731 0.5331 0.0000
vt 0.4626 0.5135 0.0000
vt 0.4728 0.5149 0.0000
vt 0.4688 0.4929 0.0000
vt 0.4781 0.4975 0.0000
vt 0.4885 0.4825 0.0000
vt 0.4812 0.4754 0.0000
vt 0.5031 0.4715 0.0000
vt 0.4983 0.4625 0.0000
vt 0.5204 0.4656 0.0000
vt 0.5186 0.4555 0.0000
vt 0.5400 0.4551 0.0000
vt 0.5386 0.4653 0.0000
vt 0.5605 0.4614 0.0000
vt 0.5560 0.4706 0.0000
vt 0.5781 0.4737 0.0000
vt 0.5710 0.4811 0.0000
vt 0.5910 0.4908 0.0000
vt 0.5819 0.4956 0.0000
vt 0.5980 0.5111 0.0000
vt 0.5879 0.5129 0.0000
vt 0.3400 0.2937 0.0000
vt 0.3193 0.2937 0.0000
vt 0.3193 0.2577 0.0000
vt 0.3400 0.2577 0.0000
vt 0.3607 0.2577 0.0000
vt 0.3607 0.2937 0.0000
vt 0.3814 0.2577 0.0000
vt 0.3814 0.2937 0.0000
vt 0.4022 0.2577 0.0000
vt 0.4022 0.2937 0.0000
vt 0.4229 0.2577 0.0000
vt 0.4229 0.2937 0.0000
vt 0.0083 0.2577 0.0000
vt 0.0290 0.2577 0.0000
vt 0.0290 0.2937 0.0000
vt 0.0083 0.2937 0.0000
vt 0.0497 0.2577 0.0000
vt 0.0497 0.2937 0.0000
vt 0.0705 0.2577 0.0000
vt 0.0705 0.2937 0.0000
vt 0.0912 0.2577 0.0000
vt 0.0912 0.2937 0.0000
vt 0.1119 0.2577 0.0000
vt 0.1119 0.2937 0.0000
vt 0.1327 0.2577 0.0000
vt 0.1327 0.2937 0.0000
vt 0.1534 0.2577 0.0000
vt 0.1534 0.2937 0.0000
vt 0.1741 0.2577 0.0000
vt 0.1741 0.2937 0.0000
vt 0.1949 0.2577 0.0000
vt 0.1949 0.2937 0.0000
vt 0.2156 0.2577 0.0000
vt 0.2156 0.2937 0.0000
vt 0.2363 0.2937 0.0000
vt 0.2363 0.2577 0.0000
vt 0.2571 0.2577 0.0000
vt 0.2571 0.2937 0.0000
vt 0.2778 0.2577 0.0000
vt 0.2778 0.2937 0.0000
vt 0.2985 0.2577 0.0000
vt 0.2985 0.2937 0.0000
vt 0.5842 0.6778 0.0000
vt 0.5990 0.6656 0.0000
vt 0.5529 0.7133 0.0000
vt 0.5353 0.7136 0.0000
vt 0.4934 0.6842 0.0000
vt 0.4981 0.6657 0.0000
vt 0.4979 0.6514 0.0000
vt 0.5021 0.6377 0.0000
vt 0.5026 0.6186 0.0000
vt 0.5103 0.6260 0.0000
vt 0.5217 0.6174 0.0000
vt 0.5334 0.6022 0.0000
vt 0.5823 0.6172 0.0000
vt 0.5835 0.6363 0.0000
vt 0.3377 0.4279 0.0000
vt 0.3174 0.4279 0.0000
vt 0.3174 0.4179 0.0000
vt 0.3377 0.4179 0.0000
vt 0.3581 0.4279 0.0000
vt 0.3581 0.4179 0.0000
vt 0.3784 0.4179 0.0000
vt 0.3784 0.4279 0.0000
vt 0.3987 0.4179 0.0000
vt 0.3987 0.4279 0.0000
vt 0.4191 0.4179 0.0000
vt 0.4191 0.4279 0.0000
vt 0.0124 0.4179 0.0000
vt 0.0327 0.4179 0.0000
vt 0.0327 0.4279 0.0000
vt 0.0124 0.4279 0.0000
vt 0.0531 0.4179 0.0000
vt 0.0531 0.4279 0.0000
vt 0.0734 0.4279 0.0000
vt 0.0734 0.4179 0.0000
vt 0.0937 0.4279 0.0000
vt 0.0937 0.4179 0.0000
vt 0.1141 0.4279 0.0000
vt 0.1141 0.4179 0.0000
vt 0.1344 0.4179 0.0000
vt 0.1344 0.4279 0.0000
vt 0.1547 0.4179 0.0000
vt 0.1547 0.4279 0.0000
vt 0.1751 0.4179 0.0000
vt 0.1751 0.4279 0.0000
vt 0.1954 0.4179 0.0000
vt 0.1954 0.4279 0.0000
vt 0.2157 0.4179 0.0000
vt 0.2157 0.4279 0.0000
vt 0.2361 0.4279 0.0000
vt 0.2361 0.4179 0.0000
vt 0.2564 0.4279 0.0000
vt 0.2564 0.4179 0.0000
vt 0.2767 0.4279 0.0000
vt 0.2767 0.4179 0.0000
vt 0.2971 0.4179 0.0000
vt 0.2971 0.4279 0.0000
vt 0.1949 0.3756 0.0000
vt 0.2156 0.3756 0.0000
vt 0.2156 0.4063 0.0000
vt 0.1949 0.4063 0.0000
vt 0.1741 0.4063 0.0000
vt 0.1741 0.3756 0.0000
vt 0.1534 0.4063 0.0000
vt 0.1534 0.3756 0.0000
vt 0.1327 0.4063 0.0000
vt 0.1327 0.3756 0.0000
vt 0.1119 0.3756 0.0000
vt 0.1119 0.4063 0.0000
vt 0.0912 0.4063 0.0000
vt 0.0912 0.3756 0.0000
vt 0.0705 0.3756 0.0000
vt 0.0705 0.4063 0.0000
vt 0.0497 0.4063 0.0000
vt 0.0497 0.3756 0.0000
vt 0.0290 0.4063 0.0000
vt 0.0290 0.3756 0.0000
vt 0.0083 0.4063 0.0000
vt 0.0083 0.3756 0.0000
vt 0.4229 0.3756 0.0000
vt 0.4229 0.4063 0.0000
vt 0.4022 0.4063 0.0000
vt 0.4022 0.3756 0.0000
vt 0.3814 0.4063 0.0000
vt 0.3814 0.3756 0.0000
vt 0.3607 0.3756 0.0000
vt 0.3607 0.4063 0.0000
vt 0.3400 0.4063 0.0000
vt 0.3400 0.3756 0.0000
vt 0.3193 0.3756 0.0000
vt 0.3193 0.4063 0.0000
vt 0.2985 0.4063 0.0000
vt 0.2985 0.3756 0.0000
vt 0.2778 0.3756 0.0000
vt 0.2778 0.4063 0.0000
vt 0.2571 0.4063 0.0000
vt 0.2571 0.3756 0.0000
vt 0.2363 0.4063 0.0000
vt 0.2363 0.3756 0.0000
vt 0.4844 0.1278 0.0000
vt 0.5214 0.1271 0.0000
vt 0.5186 0.1468 0.0000
vt 0.4879 0.1473 0.0000
vt 0.4588 0.1573 0.0000
vt 0.4495 0.1398 0.0000
vt 0.5567 0.1379 0.0000
vt 0.5480 0.1558 0.0000
vt 0.5188 0.1467 0.0000
vt 0.4881 0.1473 0.0000
vt 0.4846 0.1277 0.0000
vt 0.5216 0.1271 0.0000
vt 0.5085 0.1175 0.0000
vt 0.4977 0.1175 0.0000
vt 0.4977 0.0103 0.0000
vt 0.5085 0.0103 0.0000
vt 0.4590 0.1573 0.0000
vt 0.4497 0.1398 0.0000
vt 0.5086 0.1175 0.0000
vt 0.4976 0.1175 0.0000
vt 0.4976 0.0103 0.0000
vt 0.5086 0.0103 0.0000
vt 0.5569 0.1379 0.0000
vt 0.5482 0.1557 0.0000
vt 0.4356 0.8301 0.0000
vt 0.4112 0.8425 0.0000
vt 0.3842 0.8468 0.0000
vt 0.3571 0.8425 0.0000
vt 0.3327 0.8301 0.0000
vt 0.3133 0.8107 0.0000
vt 0.3008 0.7863 0.0000
vt 0.2966 0.7592 0.0000
vt 0.3008 0.7321 0.0000
vt 0.3133 0.7077 0.0000
vt 0.3327 0.6883 0.0000
vt 0.4550 0.8107 0.0000
vt 0.4675 0.7863 0.0000
vt 0.3571 0.6759 0.0000
vt 0.3842 0.6716 0.0000
vt 0.4112 0.6759 0.0000
vt 0.4356 0.6883 0.0000
vt 0.4550 0.7077 0.0000
vt 0.4675 0.7321 0.0000
vt 0.4718 0.7592 0.0000
vt 0.4810 0.7905 0.0000
vt 0.4666 0.8188 0.0000
vt 0.4442 0.8413 0.0000
vt 0.4159 0.8557 0.0000
vt 0.3845 0.8606 0.0000
vt 0.3532 0.8557 0.0000
vt 0.3249 0.8413 0.0000
vt 0.3025 0.8188 0.0000
vt 0.2881 0.7905 0.0000
vt 0.2831 0.7592 0.0000
vt 0.2881 0.7278 0.0000
vt 0.3025 0.6995 0.0000
vt 0.3249 0.6771 0.0000
vt 0.3532 0.6627 0.0000
vt 0.3845 0.6577 0.0000
vt 0.4159 0.6627 0.0000
vt 0.4442 0.6771 0.0000
vt 0.4666 0.6995 0.0000
vt 0.4810 0.7278 0.0000
vt 0.4860 0.7592 0.0000
vt 0.7611 0.9231 0.0000
vt 0.7611 0.9806 0.0000
vt 0.7257 0.9806 0.0000
vt 0.7257 0.9231 0.0000
vt 0.6886 0.9806 0.0000
vt 0.6886 0.9231 0.0000
vt 0.7220 0.9231 0.0000
vt 0.7220 0.9806 0.0000
vt 0.6886 0.9192 0.0000
vt 0.7220 0.9192 0.0000
vt 0.7257 0.9192 0.0000
vt 0.7611 0.9192 0.0000
vt 0.6886 0.8630 0.0000
vt 0.7220 0.8630 0.0000
vt 0.7257 0.8630 0.0000
vt 0.7611 0.8630 0.0000
vt 0.5717 0.9810 0.0000
vt 0.5364 0.9810 0.0000
vt 0.5364 0.9231 0.0000
vt 0.5717 0.9231 0.0000
vt 0.6087 0.9810 0.0000
vt 0.5754 0.9810 0.0000
vt 0.5754 0.9231 0.0000
vt 0.6087 0.9231 0.0000
vt 0.5754 0.9192 0.0000
vt 0.6087 0.9192 0.0000
vt 0.5717 0.9192 0.0000
vt 0.5364 0.9192 0.0000
vt 0.5754 0.8625 0.0000
vt 0.6087 0.8625 0.0000
vt 0.5717 0.8625 0.0000
vt 0.5364 0.8625 0.0000
vt 0.8345 0.9233 0.0000
vt 0.8345 0.9808 0.0000
vt 0.8019 0.9808 0.0000
vt 0.8019 0.9233 0.0000
vt 0.7677 0.9808 0.0000
vt 0.7677 0.9233 0.0000
vt 0.7985 0.9233 0.0000
vt 0.7985 0.9808 0.0000
vt 0.7985 0.9194 0.0000
vt 0.7677 0.9194 0.0000
vt 0.8019 0.9194 0.0000
vt 0.8345 0.9194 0.0000
vt 0.7677 0.8631 0.0000
vt 0.7985 0.8631 0.0000
vt 0.8019 0.8631 0.0000
vt 0.8345 0.8631 0.0000
vt 0.6151 0.9230 0.0000
vt 0.6478 0.9230 0.0000
vt 0.6478 0.9814 0.0000
vt 0.6151 0.9814 0.0000
vt 0.6512 0.9230 0.0000
vt 0.6821 0.9230 0.0000
vt 0.6821 0.9814 0.0000
vt 0.6512 0.9814 0.0000
vt 0.6512 0.9191 0.0000
vt 0.6821 0.9191 0.0000
vt 0.6478 0.9191 0.0000
vt 0.6151 0.9191 0.0000
vt 0.6512 0.8620 0.0000
vt 0.6821 0.8620 0.0000
vt 0.6478 0.8620 0.0000
vt 0.6151 0.8620 0.0000
vt 0.8346 0.9233 0.0000
vt 0.8346 0.9808 0.0000
vt 0.7678 0.9808 0.0000
vt 0.7678 0.9233 0.0000
vt 0.7678 0.9194 0.0000
vt 0.8346 0.9194 0.0000
vt 0.7678 0.8631 0.0000
vt 0.8346 0.8631 0.0000
# 1064 texture coords

o Towers_Doors_and_Windows
g Towers_Doors_and_Windows
f 1/1/1 2/2/1 3/3/2 
f 3/3/2 4/4/2 1/1/1 
f 5/5/3 6/6/3 4/4/2 
f 4/4/2 3/3/2 5/5/3 
f 5/5/3 7/7/4 8/8/4 
f 8/8/4 6/6/3 5/5/3 
f 8/8/4 7/7/4 9/9/5 
f 9/9/5 10/10/5 8/8/4 
f 11/11/6 12/12/6 10/10/5 
f 10/10/5 9/9/5 11/11/6 
f 13/13/7 12/14/6 11/15/6 
f 11/15/6 14/16/7 13/13/7 
f 13/13/7 14/16/7 15/17/8 
f 15/17/8 16/18/8 13/13/7 
f 16/18/8 15/17/8 17/19/9 
f 17/19/9 18/20/9 16/18/8 
f 19/21/10 20/22/10 18/20/9 
f 18/20/9 17/19/9 19/21/10 
f 21/23/11 22/24/11 20/22/10 
f 20/22/10 19/21/10 21/23/11 
f 23/25/12 24/26/12 22/24/11 
f 22/24/11 21/23/11 23/25/12 
f 25/27/13 24/26/12 23/25/12 
f 23/25/12 26/28/13 25/27/13 
f 27/29/14 25/27/13 26/28/13 
f 26/28/13 28/30/14 27/29/14 
f 29/31/15 27/29/14 28/30/14 
f 28/30/14 30/32/15 29/31/15 
f 31/33/16 32/34/16 29/31/15 
f 29/31/15 30/32/15 31/33/16 
f 32/34/16 31/33/16 33/35/17 
f 33/35/17 34/36/17 32/34/16 
f 35/37/18 36/38/18 34/36/17 
f 34/36/17 33/35/17 35/37/18 
f 36/38/18 35/37/18 37/39/19 
f 37/39/19 38/40/19 36/38/18 
f 38/40/19 37/39/19 39/41/20 
f 39/41/20 40/42/20 38/40/19 
f 40/42/20 39/41/20 2/2/1 
f 2/2/1 1/1/1 40/42/20 
f 4/43/21 1/44/22 41/45/22 
f 41/45/22 42/46/21 4/43/21 
f 43/47/21 6/48/21 4/43/21 
f 4/43/21 42/46/21 43/47/21 
f 8/49/21 6/48/21 43/47/21 
f 43/47/21 44/50/21 8/49/21 
f 44/50/21 45/51/21 10/52/21 
f 10/52/21 8/49/21 44/50/21 
f 46/53/22 12/54/22 10/52/21 
f 10/52/21 45/51/21 46/53/22 
f 46/53/22 47/55/22 13/56/22 
f 13/56/22 12/54/22 46/53/22 
f 16/57/21 13/56/22 47/55/22 
f 47/55/22 48/58/21 16/57/21 
f 16/57/21 48/58/21 49/59/22 
f 49/59/22 18/60/22 16/57/21 
f 18/60/22 49/59/22 50/61/22 
f 50/61/22 20/62/22 18/60/22 
f 22/63/21 20/62/22 50/61/22 
f 50/61/22 51/64/21 22/63/21 
f 24/65/21 22/63/21 51/64/21 
f 51/64/21 52/66/21 24/65/21 
f 52/66/21 53/67/21 25/68/21 
f 25/68/21 24/65/21 52/66/21 
f 25/68/21 53/67/21 54/69/22 
f 54/69/22 27/70/22 25/68/21 
f 55/71/21 29/72/21 27/70/22 
f 27/70/22 54/69/22 55/71/21 
f 56/73/21 32/74/21 29/72/21 
f 29/72/21 55/71/21 56/73/21 
f 34/75/21 32/74/21 56/73/21 
f 56/73/21 57/76/21 34/75/21 
f 36/77/21 34/75/21 57/76/21 
f 57/76/21 58/78/21 36/77/21 
f 58/78/21 59/79/21 38/80/21 
f 38/80/21 36/77/21 58/78/21 
f 59/79/21 60/81/22 40/82/22 
f 40/82/22 38/80/21 59/79/21 
f 40/82/22 60/81/22 41/45/22 
f 41/45/22 1/44/22 40/82/22 
f 42/83/2 61/84/2 62/85/1 
f 62/85/1 41/86/1 42/83/2 
f 61/84/2 42/83/2 43/87/3 
f 43/87/3 63/88/3 61/84/2 
f 64/89/4 63/88/3 43/87/3 
f 43/87/3 44/90/4 64/89/4 
f 45/91/5 65/92/5 64/89/4 
f 64/89/4 44/90/4 45/91/5 
f 66/93/6 65/92/5 45/91/5 
f 45/91/5 46/94/6 66/93/6 
f 66/95/6 46/96/6 47/97/7 
f 47/97/7 67/98/7 66/95/6 
f 48/99/8 68/100/8 67/98/7 
f 67/98/7 47/97/7 48/99/8 
f 68/100/8 48/99/8 49/101/9 
f 49/101/9 69/102/9 68/100/8 
f 50/103/10 70/104/10 69/102/9 
f 69/102/9 49/101/9 50/103/10 
f 50/103/10 51/105/11 71/106/11 
f 71/106/11 70/104/10 50/103/10 
f 51/105/11 52/107/12 72/108/12 
f 72/108/12 71/106/11 51/105/11 
f 73/109/13 72/108/12 52/107/12 
f 52/107/12 53/110/13 73/109/13 
f 53/110/13 54/111/14 74/112/14 
f 74/112/14 73/109/13 53/110/13 
f 74/112/14 54/111/14 55/113/23 
f 55/113/23 75/114/23 74/112/14 
f 56/115/16 76/116/16 75/114/23 
f 75/114/23 55/113/23 56/115/16 
f 57/117/17 77/118/17 76/116/16 
f 76/116/16 56/115/16 57/117/17 
f 78/119/18 77/118/17 57/117/17 
f 57/117/17 58/120/18 78/119/18 
f 79/121/19 78/119/18 58/120/18 
f 58/120/18 59/122/19 79/121/19 
f 60/123/20 80/124/20 79/121/19 
f 79/121/19 59/122/19 60/123/20 
f 62/85/1 80/124/20 60/123/20 
f 60/123/20 41/86/1 62/85/1 
f 61/125/21 81/126/21 82/127/21 
f 82/127/21 62/128/21 61/125/21 
f 81/126/21 61/125/21 63/129/21 
f 63/129/21 83/130/21 81/126/21 
f 83/130/21 63/129/21 64/131/22 
f 64/131/22 84/132/22 83/130/21 
f 65/133/22 85/134/22 84/132/22 
f 84/132/22 64/131/22 65/133/22 
f 85/134/22 65/133/22 66/135/22 
f 66/135/22 86/136/22 85/134/22 
f 87/137/22 86/136/22 66/135/22 
f 66/135/22 67/138/22 87/137/22 
f 87/137/22 67/138/22 68/139/22 
f 68/139/22 88/140/22 87/137/22 
f 69/141/21 89/142/21 88/140/22 
f 88/140/22 68/139/22 69/141/21 
f 89/142/21 69/141/21 70/143/21 
f 70/143/21 90/144/21 89/142/21 
f 71/145/21 91/146/21 90/144/21 
f 90/144/21 70/143/21 71/145/21 
f 91/146/21 71/145/21 72/147/22 
f 72/147/22 92/148/22 91/146/21 
f 93/149/21 92/148/22 72/147/22 
f 72/147/22 73/150/21 93/149/21 
f 93/149/21 73/150/21 74/151/21 
f 74/151/21 94/152/21 93/149/21 
f 94/152/21 74/151/21 75/153/22 
f 75/153/22 95/154/22 94/152/21 
f 76/155/21 96/156/21 95/154/22 
f 95/154/22 75/153/22 76/155/21 
f 96/156/21 76/155/21 77/157/21 
f 77/157/21 97/158/21 96/156/21 
f 98/159/21 97/158/21 77/157/21 
f 77/157/21 78/160/21 98/159/21 
f 78/160/21 79/161/21 99/162/21 
f 99/162/21 98/159/21 78/160/21 
f 80/163/21 100/164/21 99/162/21 
f 99/162/21 79/161/21 80/163/21 
f 82/127/21 100/164/21 80/163/21 
f 80/163/21 62/128/21 82/127/21 
f 81/165/2 101/166/2 102/167/1 
f 102/167/1 82/168/1 81/165/2 
f 83/169/3 103/170/3 101/166/2 
f 101/166/2 81/165/2 83/169/3 
f 84/171/4 104/172/24 103/170/3 
f 103/170/3 83/169/3 84/171/4 
f 85/173/5 105/174/5 104/172/24 
f 104/172/24 84/171/4 85/173/5 
f 85/173/5 86/175/6 106/176/6 
f 106/176/6 105/174/5 85/173/5 
f 106/177/6 86/178/6 87/179/7 
f 87/179/7 107/180/25 106/177/6 
f 108/181/8 107/180/25 87/179/7 
f 87/179/7 88/182/8 108/181/8 
f 89/183/26 109/184/9 108/181/8 
f 108/181/8 88/182/8 89/183/26 
f 110/185/10 109/184/9 89/183/26 
f 89/183/26 90/186/10 110/185/10 
f 110/185/10 90/186/10 91/187/11 
f 91/187/11 111/188/11 110/185/10 
f 92/189/27 112/190/27 111/188/11 
f 111/188/11 91/187/11 92/189/27 
f 92/189/27 93/191/28 113/192/28 
f 113/192/28 112/190/27 92/189/27 
f 93/191/28 94/193/29 114/194/30 
f 114/194/30 113/192/28 93/191/28 
f 94/193/29 95/195/15 115/196/15 
f 115/196/15 114/194/30 94/193/29 
f 95/195/15 96/197/16 116/198/16 
f 116/198/16 115/196/15 95/195/15 
f 97/199/17 117/200/31 116/198/16 
f 116/198/16 96/197/16 97/199/17 
f 97/199/17 98/201/32 118/202/18 
f 118/202/18 117/200/31 97/199/17 
f 118/202/18 98/201/32 99/203/33 
f 99/203/33 119/204/19 118/202/18 
f 119/204/19 99/203/33 100/205/34 
f 100/205/34 120/206/20 119/204/19 
f 120/206/20 100/205/34 82/168/1 
f 82/168/1 102/167/1 120/206/20 
f 121/207/21 122/208/21 123/209/21 
f 123/209/21 124/210/21 121/207/21 
f 122/208/21 125/211/21 126/212/21 
f 126/212/21 123/209/21 122/208/21 
f 125/211/21 127/213/21 128/214/21 
f 128/214/21 126/212/21 125/211/21 
f 127/213/21 129/215/21 130/216/21 
f 130/216/21 128/214/21 127/213/21 
f 129/215/21 131/217/21 132/218/21 
f 132/218/21 130/216/21 129/215/21 
f 131/217/21 133/219/22 134/220/22 
f 134/220/22 132/218/21 131/217/21 
f 133/219/22 135/221/22 136/222/22 
f 136/222/22 134/220/22 133/219/22 
f 137/223/21 136/222/22 135/221/22 
f 135/221/22 138/224/21 137/223/21 
f 137/223/21 138/224/21 139/225/21 
f 139/225/21 140/226/21 137/223/21 
f 140/226/21 139/225/21 141/227/21 
f 141/227/21 142/228/21 140/226/21 
f 142/228/21 141/227/21 143/229/21 
f 143/229/21 144/230/21 142/228/21 
f 144/230/21 143/229/21 145/231/21 
f 145/231/21 146/232/21 144/230/21 
f 146/232/21 145/231/21 147/233/21 
f 147/233/21 148/234/21 146/232/21 
f 148/234/21 147/233/21 149/235/21 
f 149/235/21 150/236/21 148/234/21 
f 150/236/21 149/235/21 151/237/22 
f 151/237/22 152/238/22 150/236/21 
f 152/238/22 151/237/22 153/239/22 
f 153/239/22 154/240/22 152/238/22 
f 154/240/22 153/239/22 155/241/22 
f 155/241/22 156/242/22 154/240/22 
f 156/242/22 155/241/22 157/243/21 
f 157/243/21 158/244/21 156/242/22 
f 158/244/21 157/243/21 159/245/21 
f 159/245/21 160/246/21 158/244/21 
f 121/207/21 124/210/21 160/246/21 
f 160/246/21 159/245/21 121/207/21 
f 161/247/2 162/248/1 121/249/1 
f 121/249/1 122/250/2 161/247/2 
f 163/251/3 161/247/2 122/250/2 
f 122/250/2 125/252/3 163/251/3 
f 164/253/4 163/251/3 125/252/3 
f 125/252/3 127/254/4 164/253/4 
f 164/253/4 127/254/4 129/255/5 
f 129/255/5 165/256/5 164/253/4 
f 131/257/6 166/258/6 165/256/5 
f 165/256/5 129/255/5 131/257/6 
f 133/259/7 167/260/7 166/261/6 
f 166/261/6 131/262/6 133/259/7 
f 135/263/8 168/264/8 167/260/7 
f 167/260/7 133/259/7 135/263/8 
f 138/265/9 169/266/9 168/264/8 
f 168/264/8 135/263/8 138/265/9 
f 139/267/10 170/268/10 169/266/9 
f 169/266/9 138/265/9 139/267/10 
f 141/269/11 171/270/11 170/268/10 
f 170/268/10 139/267/10 141/269/11 
f 143/271/12 172/272/12 171/270/11 
f 171/270/11 141/269/11 143/271/12 
f 145/273/13 173/274/13 172/272/12 
f 172/272/12 143/271/12 145/273/13 
f 147/275/29 174/276/29 173/274/13 
f 173/274/13 145/273/13 147/275/29 
f 149/277/15 175/278/15 174/276/29 
f 174/276/29 147/275/29 149/277/15 
f 151/279/16 176/280/16 175/278/15 
f 175/278/15 149/277/15 151/279/16 
f 177/281/17 176/280/16 151/279/16 
f 151/279/16 153/282/17 177/281/17 
f 155/283/18 178/284/18 177/281/17 
f 177/281/17 153/282/17 155/283/18 
f 179/285/19 178/284/18 155/283/18 
f 155/283/18 157/286/19 179/285/19 
f 159/287/20 180/288/20 179/285/19 
f 179/285/19 157/286/19 159/287/20 
f 162/248/1 180/288/20 159/287/20 
f 159/287/20 121/249/1 162/248/1 
f 150/289/15 181/290/15 182/291/16 
f 182/291/16 152/292/16 150/289/15 
f 148/293/14 183/294/35 181/290/15 
f 181/290/15 150/289/15 148/293/14 
f 183/294/35 148/293/14 146/295/13 
f 146/295/13 184/296/13 183/294/35 
f 144/297/12 185/298/12 184/296/13 
f 184/296/13 146/295/13 144/297/12 
f 142/299/36 186/300/36 185/298/12 
f 185/298/12 144/297/12 142/299/36 
f 187/301/37 186/300/36 142/299/36 
f 142/299/36 140/302/37 187/301/37 
f 137/303/9 188/304/9 187/301/37 
f 187/301/37 140/302/37 137/303/9 
f 189/305/8 188/304/9 137/303/9 
f 137/303/9 136/306/8 189/305/8 
f 134/307/7 190/308/25 189/305/8 
f 189/305/8 136/306/8 134/307/7 
f 191/309/6 190/308/25 134/307/7 
f 134/307/7 132/310/6 191/309/6 
f 132/311/6 130/312/5 192/313/5 
f 192/313/5 191/314/6 132/311/6 
f 130/312/5 128/315/4 193/316/24 
f 193/316/24 192/313/5 130/312/5 
f 194/317/3 193/316/24 128/315/4 
f 128/315/4 126/318/3 194/317/3 
f 195/319/2 194/317/3 126/318/3 
f 126/318/3 123/320/2 195/319/2 
f 196/321/1 195/319/2 123/320/2 
f 123/320/2 124/322/1 196/321/1 
f 124/322/1 160/323/20 197/324/20 
f 197/324/20 196/321/1 124/322/1 
f 198/325/19 197/324/20 160/323/20 
f 160/323/20 158/326/19 198/325/19 
f 156/327/18 199/328/18 198/325/19 
f 198/325/19 158/326/19 156/327/18 
f 154/329/17 200/330/31 199/328/18 
f 199/328/18 156/327/18 154/329/17 
f 182/291/16 200/330/31 154/329/17 
f 154/329/17 152/292/16 182/291/16 
f 184/296/13 113/192/28 114/194/30 
f 114/194/30 183/294/35 184/296/13 
f 113/192/28 184/296/13 185/298/12 
f 185/298/12 112/190/27 113/192/28 
f 185/298/12 186/300/36 111/188/11 
f 111/188/11 112/190/27 185/298/12 
f 186/300/36 187/301/37 110/185/10 
f 110/185/10 111/188/11 186/300/36 
f 109/184/9 110/185/10 187/301/37 
f 187/301/37 188/304/9 109/184/9 
f 109/184/9 188/304/9 189/305/8 
f 189/305/8 108/181/8 109/184/9 
f 189/305/8 190/308/25 107/180/25 
f 107/180/25 108/181/8 189/305/8 
f 104/172/24 193/316/24 194/317/3 
f 194/317/3 103/170/3 104/172/24 
f 103/170/3 194/317/3 195/319/2 
f 195/319/2 101/166/2 103/170/3 
f 101/166/2 195/319/2 196/321/1 
f 196/321/1 102/167/1 101/166/2 
f 102/167/1 196/321/1 197/324/20 
f 197/324/20 120/206/20 102/167/1 
f 120/206/20 197/324/20 198/325/19 
f 198/325/19 119/204/19 120/206/20 
f 119/204/19 198/325/19 199/328/18 
f 199/328/18 118/202/18 119/204/19 
f 118/202/18 199/328/18 200/330/31 
f 200/330/31 117/200/31 118/202/18 
f 182/331/21 201/332/21 202/333/21 
f 202/333/21 181/334/21 182/331/21 
f 203/335/21 183/336/21 181/334/21 
f 181/334/21 202/333/21 203/335/21 
f 204/308/38 190/308/38 191/309/38 
f 191/309/38 205/309/38 204/308/38 
f 206/313/38 205/314/38 191/314/38 
f 191/314/38 192/313/38 206/313/38 
f 206/313/38 192/313/38 193/316/38 
f 193/316/38 207/316/38 206/313/38 
f 200/337/21 208/338/21 201/332/21 
f 201/332/21 182/331/21 200/337/21 
f 116/339/21 209/340/21 210/341/21 
f 210/341/21 115/342/21 116/339/21 
f 203/343/19 183/344/19 114/345/19 
f 114/345/19 211/346/19 203/343/19 
f 115/342/21 210/341/21 211/347/21 
f 211/347/21 114/348/21 115/342/21 
f 204/308/2 212/180/2 107/180/2 
f 107/180/2 190/308/2 204/308/2 
f 212/180/21 213/177/21 106/177/21 
f 106/177/21 107/180/21 212/180/21 
f 213/176/21 214/174/21 105/174/21 
f 105/174/21 106/176/21 213/176/21 
f 104/172/9 215/172/9 207/316/9 
f 207/316/9 193/316/9 104/172/9 
f 214/174/21 215/172/22 104/172/22 
f 104/172/22 105/174/21 214/174/21 
f 208/349/2 200/344/2 117/345/2 
f 117/345/2 216/350/2 208/349/2 
f 216/351/21 209/340/21 116/339/21 
f 116/339/21 117/352/21 216/351/21 
f 217/353/21 218/354/21 219/355/21 
f 219/355/21 220/356/21 221/357/21 
f 221/357/21 222/358/21 223/359/21 
f 219/355/21 221/357/21 223/359/21 
f 223/359/21 224/360/21 225/361/21 
f 225/361/21 226/362/21 227/363/21 
f 223/359/21 225/361/21 227/363/21 
f 227/363/21 228/364/21 229/365/21 
f 229/365/21 230/366/21 231/367/21 
f 227/363/21 229/365/21 231/367/21 
f 231/367/21 232/368/21 233/369/21 
f 233/369/21 234/370/21 235/371/21 
f 231/367/21 233/369/21 235/371/21 
f 227/363/21 231/367/21 235/371/21 
f 223/359/21 227/363/21 235/371/21 
f 219/355/21 223/359/21 235/371/21 
f 217/353/21 219/355/21 235/371/21 
f 236/372/21 217/353/21 235/371/21 
f 236/373/39 217/374/40 237/375/21 
f 217/374/40 218/376/41 237/375/21 
f 218/376/41 219/377/42 237/375/21 
f 219/377/42 220/378/43 237/375/21 
f 220/378/43 221/379/44 237/375/21 
f 221/379/44 222/380/45 237/375/21 
f 222/380/45 223/381/46 237/375/21 
f 223/381/46 224/382/47 237/375/21 
f 224/382/47 225/383/48 237/375/21 
f 225/383/48 226/384/49 237/375/21 
f 226/384/49 227/385/50 237/375/21 
f 227/385/50 228/386/51 237/375/21 
f 228/386/51 229/387/52 237/375/21 
f 229/387/52 230/388/53 237/375/21 
f 230/388/53 231/389/54 237/375/21 
f 231/389/54 232/390/55 237/375/21 
f 232/390/55 233/391/56 237/375/21 
f 233/391/56 234/392/57 237/375/21 
f 234/392/57 235/393/58 237/375/21 
f 235/393/58 236/373/39 237/375/21 
f 238/394/59 239/395/59 240/396/59 
f 240/396/59 241/397/59 238/394/59 
f 242/398/59 243/399/59 244/400/59 
f 244/400/59 245/401/59 242/398/59 
f 246/397/59 247/396/59 248/398/59 
f 248/398/59 249/401/59 246/397/59 
f 249/401/59 250/400/59 251/402/59 
f 251/402/59 252/403/59 249/401/59 
f 249/401/59 252/403/59 253/404/59 
f 253/404/59 246/397/59 249/401/59 
f 253/404/59 254/405/59 255/394/59 
f 255/394/59 246/397/59 253/404/59 
f 256/402/59 257/406/59 258/407/59 
f 258/407/59 259/403/59 256/402/59 
f 253/404/59 252/403/59 260/407/59 
f 260/407/59 261/408/59 253/404/59 
f 262/409/59 263/405/59 264/404/59 
f 264/404/59 265/408/59 262/409/59 
f 240/396/60 247/396/60 246/397/60 
f 246/397/60 241/397/60 240/396/60 
f 242/398/61 245/401/61 249/401/61 
f 249/401/61 248/398/61 242/398/61 
f 251/402/38 256/402/38 259/403/38 
f 259/403/38 252/403/38 251/402/38 
f 245/401/21 244/400/21 250/400/21 
f 250/400/21 249/401/21 245/401/21 
f 254/405/38 253/404/38 264/404/38 
f 264/404/38 263/405/38 254/405/38 
f 246/397/21 255/394/21 238/394/21 
f 238/394/21 241/397/21 246/397/21 
f 261/408/60 265/408/60 264/404/60 
f 264/404/60 253/404/60 261/408/60 
f 252/403/61 259/403/61 258/407/61 
f 258/407/61 260/407/61 252/403/61 
f 266/410/59 267/411/59 268/412/59 
f 268/412/59 269/413/59 266/410/59 
f 270/414/59 271/415/59 272/416/59 
f 272/416/59 273/417/59 270/414/59 
f 274/417/59 275/416/59 276/410/59 
f 276/410/59 277/413/59 274/417/59 
f 278/418/59 279/414/59 274/417/59 
f 274/417/59 280/419/59 278/418/59 
f 277/413/59 281/420/59 280/419/59 
f 280/419/59 274/417/59 277/413/59 
f 281/420/59 277/413/59 282/412/59 
f 282/412/59 283/421/59 281/420/59 
f 284/419/59 285/422/59 286/423/59 
f 286/423/59 287/418/59 284/419/59 
f 288/422/59 280/419/59 281/420/59 
f 281/420/59 289/424/59 288/422/59 
f 290/420/59 291/421/59 292/425/59 
f 292/425/59 293/424/59 290/420/59 
f 277/413/60 276/410/60 266/410/60 
f 266/410/60 269/413/60 277/413/60 
f 272/416/61 275/416/61 274/417/61 
f 274/417/61 273/417/61 272/416/61 
f 280/419/21 284/419/21 287/418/21 
f 287/418/21 278/418/21 280/419/21 
f 273/417/38 274/417/38 279/414/38 
f 279/414/38 270/414/38 273/417/38 
f 290/420/21 281/420/21 283/421/21 
f 283/421/21 291/421/21 290/420/21 
f 268/412/38 282/412/38 277/413/38 
f 277/413/38 269/413/38 268/412/38 
f 281/420/60 290/420/60 293/424/60 
f 293/424/60 289/424/60 281/420/60 
f 288/422/61 285/422/61 284/419/61 
f 284/419/61 280/419/61 288/422/61 
f 294/426/59 295/427/59 296/428/59 
f 296/428/59 297/429/59 294/426/59 
f 298/430/59 299/431/59 300/432/59 
f 300/432/59 301/433/59 298/430/59 
f 302/434/59 303/435/59 304/436/59 
f 304/436/59 305/437/59 302/434/59 
f 306/438/59 307/439/59 308/440/59 
f 308/440/59 309/441/59 306/438/59 
f 310/429/59 311/442/59 312/443/59 
f 312/443/59 313/428/59 310/429/59 
f 314/444/59 315/445/59 316/446/59 
f 317/447/59 314/444/59 316/446/59 
f 318/448/59 317/447/59 316/446/59 
f 319/449/62 318/448/59 316/446/59 
f 320/450/59 319/449/62 316/446/59 
f 316/446/59 321/451/59 322/452/59 
f 322/452/59 320/450/59 316/446/59 
f 323/453/59 324/454/59 325/455/59 
f 324/454/59 326/456/59 325/455/59 
f 326/456/59 327/457/59 325/455/59 
f 327/457/59 328/458/59 325/455/59 
f 328/458/59 329/459/59 325/455/59 
f 330/460/59 331/461/59 325/455/59 
f 325/455/59 329/459/59 330/460/59 
f 332/462/59 333/463/59 334/464/59 
f 335/465/59 333/463/59 332/462/59 
f 336/466/59 333/463/59 335/465/59 
f 337/467/59 333/463/59 336/466/59 
f 338/468/59 333/463/59 337/467/59 
f 339/469/59 340/470/59 333/463/59 
f 333/463/59 338/468/59 339/469/59 
f 334/464/59 333/463/59 341/471/59 
f 341/471/59 333/463/59 342/472/59 
f 342/472/59 333/463/59 343/473/59 
f 343/473/59 333/463/59 344/474/59 
f 344/474/59 333/463/59 345/475/59 
f 346/476/59 345/475/59 333/463/59 
f 333/463/59 340/470/59 346/476/59 
f 347/477/62 348/478/59 349/479/59 
f 350/480/62 347/477/62 349/479/59 
f 351/481/59 350/480/62 349/479/59 
f 352/482/59 351/481/59 349/479/59 
f 353/483/59 352/482/59 349/479/59 
f 349/479/59 354/484/59 355/485/59 
f 355/485/59 353/483/59 349/479/59 
f 356/486/59 357/487/59 358/488/59 
f 358/488/59 359/489/59 356/486/59 
f 359/490/21 360/491/21 361/492/21 
f 361/492/21 356/493/21 359/490/21 
f 362/494/60 360/495/60 359/496/60 
f 359/496/60 358/497/60 362/494/60 
f 357/498/60 363/499/60 361/500/60 
f 361/500/60 356/501/60 357/498/60 
f 364/502/60 361/500/60 363/499/60 
f 363/499/60 365/503/60 364/502/60 
f 362/494/60 366/504/60 367/505/60 
f 367/505/60 360/495/60 362/494/60 
f 368/492/21 369/491/21 370/506/21 
f 370/506/21 371/507/21 368/492/21 
f 372/508/60 364/502/60 365/503/60 
f 365/503/60 373/509/60 372/508/60 
f 367/505/60 366/504/60 374/510/60 
f 374/510/60 375/511/60 367/505/60 
f 376/507/21 377/506/21 378/512/21 
f 378/512/21 379/513/21 376/507/21 
f 380/514/60 381/515/60 372/508/60 
f 372/508/60 373/509/60 380/514/60 
f 374/510/60 382/516/60 383/517/60 
f 383/517/60 375/511/60 374/510/60 
f 384/518/21 385/519/21 379/513/21 
f 379/513/21 378/512/21 384/518/21 
f 360/489/59 369/520/59 368/521/59 
f 368/521/59 361/486/59 360/489/59 
f 360/495/60 367/505/60 370/522/60 
f 370/522/60 369/523/60 360/495/60 
f 368/524/60 361/500/60 364/502/60 
f 364/502/60 371/525/60 368/524/60 
f 386/526/60 370/522/60 367/505/60 
f 367/505/60 375/511/60 386/526/60 
f 371/525/60 364/502/60 372/508/60 
f 372/508/60 387/527/60 371/525/60 
f 386/526/60 375/511/60 383/517/60 
f 383/517/60 388/528/60 386/526/60 
f 389/529/60 387/527/60 372/508/60 
f 372/508/60 381/515/60 389/529/60 
f 371/521/59 370/520/59 377/530/59 
f 377/530/59 376/531/59 371/521/59 
f 370/522/60 386/526/60 378/532/60 
f 378/532/60 377/533/60 370/522/60 
f 371/525/60 387/527/60 379/534/60 
f 379/534/60 376/535/60 371/525/60 
f 384/536/60 378/532/60 386/526/60 
f 386/526/60 388/528/60 384/536/60 
f 389/529/60 385/537/60 379/534/60 
f 379/534/60 387/527/60 389/529/60 
f 390/538/59 391/539/59 392/540/59 
f 391/539/59 393/541/59 392/540/59 
f 393/541/59 394/542/59 392/540/59 
f 394/542/59 395/543/59 392/540/59 
f 395/543/59 396/544/59 392/540/59 
f 397/545/59 398/546/59 392/540/59 
f 392/540/59 396/544/59 397/545/59 
f 399/547/59 400/548/59 401/549/59 
f 402/550/59 400/548/59 399/547/59 
f 403/466/59 400/548/59 402/550/59 
f 404/467/59 400/548/59 403/466/59 
f 405/468/59 400/548/59 404/467/59 
f 406/469/59 407/551/59 400/548/59 
f 400/548/59 405/468/59 406/469/59 
f 401/549/59 400/548/59 408/552/59 
f 408/552/59 400/548/59 409/553/59 
f 409/553/59 400/548/59 410/554/59 
f 410/554/59 400/548/59 411/474/59 
f 411/474/59 400/548/59 412/555/59 
f 413/556/59 412/555/59 400/548/59 
f 400/548/59 407/551/59 413/556/59 
f 414/557/63 415/558/63 416/559/64 
f 416/559/64 417/560/64 414/557/63 
f 414/557/63 418/561/65 419/562/65 
f 419/562/65 415/558/63 414/557/63 
f 420/563/66 421/564/66 419/562/65 
f 419/562/65 418/561/65 420/563/66 
f 420/563/66 422/565/67 423/566/67 
f 423/566/67 421/564/66 420/563/66 
f 424/567/68 425/568/68 423/566/67 
f 423/566/67 422/565/67 424/567/68 
f 414/569/69 417/570/69 426/571/69 
f 418/572/69 414/569/69 426/571/69 
f 420/573/70 418/572/69 426/571/69 
f 422/574/70 420/573/70 426/571/69 
f 424/575/69 422/574/70 426/571/69 
f 416/570/69 427/571/69 415/569/69 
f 415/569/69 427/571/69 419/572/69 
f 419/572/69 427/571/69 421/573/69 
f 421/573/69 427/571/69 423/574/70 
f 423/574/70 427/571/69 425/575/69 
f 428/576/21 429/577/21 430/578/21 
f 430/578/21 431/579/21 428/576/21 
f 431/580/69 425/575/69 427/571/69 
f 427/571/69 428/581/69 431/580/69 
f 425/568/68 424/567/68 430/582/61 
f 430/582/61 431/583/61 425/568/68 
f 426/571/69 429/581/69 430/580/69 
f 430/580/69 424/575/69 426/571/69 
f 416/584/61 417/585/61 426/586/61 
f 426/586/61 427/587/61 416/584/61 
f 427/587/61 426/586/61 429/588/61 
f 429/588/61 428/589/61 427/587/61 
f 432/560/71 433/557/72 434/558/72 
f 434/558/72 435/559/71 432/560/71 
f 434/558/72 433/557/72 436/561/73 
f 436/561/73 437/562/73 434/558/72 
f 436/561/73 438/563/74 439/564/74 
f 439/564/74 437/562/73 436/561/73 
f 439/564/74 438/563/74 440/565/75 
f 440/565/75 441/566/75 439/564/74 
f 442/568/76 441/566/75 440/565/75 
f 440/565/75 443/567/76 442/568/76 
f 433/569/59 432/570/59 444/571/59 
f 436/572/59 433/569/59 444/571/59 
f 438/573/62 436/572/59 444/571/59 
f 440/574/62 438/573/62 444/571/59 
f 443/575/59 440/574/62 444/571/59 
f 435/570/59 445/571/59 434/569/59 
f 434/569/59 445/571/59 437/572/59 
f 437/572/59 445/571/59 439/573/59 
f 439/573/59 445/571/59 441/574/59 
f 441/574/59 445/571/59 442/575/59 
f 446/579/21 447/576/21 448/577/21 
f 448/577/21 449/578/21 446/579/21 
f 447/581/59 446/580/59 442/575/59 
f 442/575/59 445/571/59 447/581/59 
f 442/568/76 443/567/76 449/582/60 
f 449/582/60 446/583/60 442/568/76 
f 444/571/59 448/581/59 449/580/59 
f 449/580/59 443/575/59 444/571/59 
f 435/584/60 432/585/60 444/586/60 
f 444/586/60 445/587/60 435/584/60 
f 445/587/60 444/586/60 448/588/60 
f 448/588/60 447/589/60 445/587/60 
f 450/590/77 451/591/77 452/592/77 
f 452/592/77 453/593/77 450/590/77 
f 454/594/77 455/595/77 451/591/77 
f 451/591/77 450/590/77 454/594/77 
f 456/596/77 457/597/77 455/595/77 
f 455/595/77 454/594/77 456/596/77 
f 458/598/77 459/599/77 457/597/77 
f 457/597/77 456/596/77 458/598/77 
f 458/598/77 460/600/77 461/601/77 
f 461/601/77 459/599/77 458/598/77 
f 462/602/77 463/603/77 461/601/77 
f 461/601/77 460/600/77 462/602/77 
f 464/604/78 453/605/78 450/605/78 
f 450/605/78 465/604/78 464/604/78 
f 450/605/79 454/606/79 466/607/79 
f 466/607/79 465/604/79 450/605/79 
f 454/606/80 456/608/80 467/609/80 
f 467/609/80 466/607/80 454/606/80 
f 456/608/81 458/610/81 468/611/81 
f 468/611/81 467/609/81 456/608/81 
f 458/610/82 460/612/82 469/613/82 
f 469/613/82 468/611/82 458/610/82 
f 462/612/83 470/613/83 469/613/83 
f 469/613/83 460/612/83 462/612/83 
f 471/614/77 472/615/77 464/616/77 
f 464/616/77 465/617/77 471/614/77 
f 466/594/77 473/618/77 471/614/77 
f 471/614/77 465/617/77 466/594/77 
f 474/597/77 473/618/77 466/594/77 
f 466/594/77 467/619/77 474/597/77 
f 475/599/77 474/597/77 467/619/77 
f 467/619/77 468/620/77 475/599/77 
f 475/599/77 468/620/77 469/621/77 
f 469/621/77 476/622/77 475/599/77 
f 477/623/77 476/622/77 469/621/77 
f 469/621/77 470/624/77 477/623/77 
f 478/593/77 479/590/77 480/591/77 
f 480/591/77 481/592/77 478/593/77 
f 482/594/77 483/595/77 480/591/77 
f 480/591/77 479/590/77 482/594/77 
f 484/596/77 485/597/77 483/595/77 
f 483/595/77 482/594/77 484/596/77 
f 486/598/77 487/599/77 485/597/77 
f 485/597/77 484/596/77 486/598/77 
f 488/600/77 489/601/77 487/599/77 
f 487/599/77 486/598/77 488/600/77 
f 490/602/77 491/603/77 489/601/77 
f 489/601/77 488/600/77 490/602/77 
f 478/605/78 479/605/78 492/604/78 
f 492/604/78 493/604/78 478/605/78 
f 482/606/84 494/607/84 492/604/84 
f 492/604/84 479/605/84 482/606/84 
f 482/606/80 484/608/80 495/609/80 
f 495/609/80 494/607/80 482/606/80 
f 484/608/81 486/610/81 496/611/81 
f 496/611/81 495/609/81 484/608/81 
f 496/611/82 486/610/82 488/612/82 
f 488/612/82 497/613/82 496/611/82 
f 488/612/83 490/612/83 498/613/83 
f 498/613/83 497/613/83 488/612/83 
f 499/615/77 493/616/77 492/617/77 
f 492/617/77 500/614/77 499/615/77 
f 501/618/77 500/614/77 492/617/77 
f 492/617/77 494/594/77 501/618/77 
f 494/594/77 495/619/77 502/597/77 
f 502/597/77 501/618/77 494/594/77 
f 496/620/77 503/599/77 502/597/77 
f 502/597/77 495/619/77 496/620/77 
f 504/622/77 503/599/77 496/620/77 
f 496/620/77 497/621/77 504/622/77 
f 498/624/77 505/623/77 504/622/77 
f 504/622/77 497/621/77 498/624/77 
f 506/590/21 507/591/21 508/592/21 
f 508/592/21 509/593/21 506/590/21 
f 510/594/21 511/595/21 507/591/21 
f 507/591/21 506/590/21 510/594/21 
f 512/596/21 513/597/21 511/595/21 
f 511/595/21 510/594/21 512/596/21 
f 514/598/22 515/599/22 513/597/21 
f 513/597/21 512/596/21 514/598/22 
f 514/598/22 516/600/22 517/601/22 
f 517/601/22 515/599/22 514/598/22 
f 518/602/22 519/603/22 517/601/22 
f 517/601/22 516/600/22 518/602/22 
f 520/604/59 509/605/59 506/605/59 
f 506/605/59 521/604/59 520/604/59 
f 506/605/85 510/606/85 522/607/85 
f 522/607/85 521/604/85 506/605/85 
f 510/606/86 512/608/86 523/609/86 
f 523/609/86 522/607/86 510/606/86 
f 512/608/87 514/610/87 524/611/87 
f 524/611/87 523/609/87 512/608/87 
f 514/610/88 516/612/88 525/613/88 
f 525/613/88 524/611/88 514/610/88 
f 518/612/69 526/613/69 525/613/69 
f 525/613/69 516/612/69 518/612/69 
f 527/614/22 528/615/22 520/616/22 
f 520/616/22 521/617/22 527/614/22 
f 522/594/21 529/618/21 527/614/22 
f 527/614/22 521/617/22 522/594/21 
f 530/597/21 529/618/21 522/594/21 
f 522/594/21 523/619/21 530/597/21 
f 531/599/21 530/597/21 523/619/21 
f 523/619/21 524/620/21 531/599/21 
f 531/599/21 524/620/21 525/621/21 
f 525/621/21 532/622/21 531/599/21 
f 533/623/21 532/622/21 525/621/21 
f 525/621/21 526/624/21 533/623/21 
f 534/593/21 535/590/21 536/591/21 
f 536/591/21 537/592/21 534/593/21 
f 538/594/21 539/595/21 536/591/21 
f 536/591/21 535/590/21 538/594/21 
f 540/596/21 541/597/21 539/595/21 
f 539/595/21 538/594/21 540/596/21 
f 542/598/21 543/599/21 541/597/21 
f 541/597/21 540/596/21 542/598/21 
f 544/600/21 545/601/21 543/599/21 
f 543/599/21 542/598/21 544/600/21 
f 546/602/22 547/603/22 545/601/21 
f 545/601/21 544/600/21 546/602/22 
f 534/605/89 535/605/89 548/604/89 
f 548/604/89 549/604/89 534/605/89 
f 538/606/90 550/607/90 548/604/90 
f 548/604/90 535/605/90 538/606/90 
f 538/606/86 540/608/86 551/609/86 
f 551/609/86 550/607/86 538/606/86 
f 540/608/87 542/610/87 552/611/87 
f 552/611/87 551/609/87 540/608/87 
f 552/611/88 542/610/88 544/612/88 
f 544/612/88 553/613/88 552/611/88 
f 544/612/69 546/612/69 554/613/69 
f 554/613/69 553/613/69 544/612/69 
f 555/615/21 549/616/21 548/617/22 
f 548/617/22 556/614/22 555/615/21 
f 557/618/22 556/614/22 548/617/22 
f 548/617/22 550/594/22 557/618/22 
f 550/594/22 551/619/22 558/597/22 
f 558/597/22 557/618/22 550/594/22 
f 552/620/21 559/599/21 558/597/22 
f 558/597/22 551/619/22 552/620/21 
f 560/622/21 559/599/21 552/620/21 
f 552/620/21 553/621/21 560/622/21 
f 554/624/21 561/623/21 560/622/21 
f 560/622/21 553/621/21 554/624/21 
f 562/625/2 563/626/2 564/627/1 
f 564/627/1 565/628/1 562/625/2 
f 566/629/3 563/626/2 562/625/2 
f 562/625/2 567/630/3 566/629/3 
f 566/629/3 567/630/3 568/631/4 
f 568/631/4 569/632/4 566/629/3 
f 570/633/5 571/634/5 569/632/4 
f 569/632/4 568/631/4 570/633/5 
f 572/635/6 573/636/6 571/634/5 
f 571/634/5 570/633/5 572/635/6 
f 574/637/7 575/638/7 573/639/6 
f 573/639/6 572/640/6 574/637/7 
f 576/641/8 577/642/8 575/638/7 
f 575/638/7 574/637/7 576/641/8 
f 578/643/9 579/644/9 577/642/8 
f 577/642/8 576/641/8 578/643/9 
f 580/645/10 581/646/10 579/644/9 
f 579/644/9 578/643/9 580/645/10 
f 582/647/11 583/648/11 581/646/10 
f 581/646/10 580/645/10 582/647/11 
f 584/649/12 585/650/12 583/648/11 
f 583/648/11 582/647/11 584/649/12 
f 586/651/13 587/652/13 585/650/12 
f 585/650/12 584/649/12 586/651/13 
f 588/653/14 589/654/14 587/652/13 
f 587/652/13 586/651/13 588/653/14 
f 590/655/15 591/656/15 589/654/14 
f 589/654/14 588/653/14 590/655/15 
f 592/657/16 593/658/16 591/656/15 
f 591/656/15 590/655/15 592/657/16 
f 594/659/17 595/660/17 593/658/16 
f 593/658/16 592/657/16 594/659/17 
f 596/661/18 597/662/18 595/660/17 
f 595/660/17 594/659/17 596/661/18 
f 598/663/19 599/664/19 597/662/18 
f 597/662/18 596/661/18 598/663/19 
f 599/664/19 598/663/19 600/665/20 
f 600/665/20 601/666/20 599/664/19 
f 564/627/1 601/666/20 600/665/20 
f 600/665/20 565/628/1 564/627/1 
f 564/667/21 602/668/21 603/669/22 
f 603/669/22 563/670/22 564/667/21 
f 563/670/22 603/669/22 604/671/22 
f 604/671/22 566/672/22 563/670/22 
f 566/672/22 604/671/22 605/673/21 
f 605/673/21 569/674/21 566/672/22 
f 569/674/21 605/673/21 606/675/21 
f 606/675/21 571/676/21 569/674/21 
f 571/676/21 606/675/21 607/677/22 
f 607/677/22 573/678/22 571/676/21 
f 573/678/22 607/677/22 608/679/22 
f 608/679/22 575/680/22 573/678/22 
f 575/680/22 608/679/22 609/681/21 
f 609/681/21 577/682/21 575/680/22 
f 577/682/21 609/681/21 610/683/21 
f 610/683/21 579/684/21 577/682/21 
f 579/684/21 610/683/21 611/685/21 
f 611/685/21 581/686/21 579/684/21 
f 581/686/21 611/685/21 612/687/22 
f 612/687/22 583/688/22 581/686/21 
f 583/688/22 612/687/22 613/689/22 
f 613/689/22 585/690/22 583/688/22 
f 585/690/22 613/689/22 614/691/21 
f 614/691/21 587/692/21 585/690/22 
f 587/692/21 614/691/21 615/693/21 
f 615/693/21 589/694/21 587/692/21 
f 589/694/21 615/693/21 616/695/21 
f 616/695/21 591/696/21 589/694/21 
f 617/697/21 593/698/21 591/696/21 
f 591/696/21 616/695/21 617/697/21 
f 617/697/21 618/699/21 595/700/21 
f 595/700/21 593/698/21 617/697/21 
f 618/699/21 619/701/22 597/702/22 
f 597/702/22 595/700/21 618/699/21 
f 619/701/22 620/703/22 599/704/22 
f 599/704/22 597/702/22 619/701/22 
f 620/703/22 621/705/22 601/706/22 
f 601/706/22 599/704/22 620/703/22 
f 601/706/22 621/705/22 602/668/21 
f 602/668/21 564/667/21 601/706/22 
f 603/707/2 622/708/2 623/709/1 
f 623/709/1 602/710/1 603/707/2 
f 604/711/3 624/712/3 622/708/2 
f 622/708/2 603/707/2 604/711/3 
f 605/713/4 625/714/4 624/712/3 
f 624/712/3 604/711/3 605/713/4 
f 606/715/5 626/716/5 625/714/4 
f 625/714/4 605/713/4 606/715/5 
f 607/717/6 627/718/6 626/716/5 
f 626/716/5 606/715/5 607/717/6 
f 608/719/7 628/720/7 627/721/6 
f 627/721/6 607/722/6 608/719/7 
f 629/723/8 628/720/7 608/719/7 
f 608/719/7 609/724/8 629/723/8 
f 629/723/8 609/724/8 610/725/9 
f 610/725/9 630/726/9 629/723/8 
f 611/727/10 631/728/10 630/726/9 
f 630/726/9 610/725/9 611/727/10 
f 631/728/10 611/727/10 612/729/11 
f 612/729/11 632/730/11 631/728/10 
f 612/729/11 613/731/12 633/732/12 
f 633/732/12 632/730/11 612/729/11 
f 633/732/12 613/731/12 614/733/13 
f 614/733/13 634/734/13 633/732/12 
f 615/735/29 635/736/29 634/734/13 
f 634/734/13 614/733/13 615/735/29 
f 635/736/29 615/735/29 616/737/15 
f 616/737/15 636/738/15 635/736/29 
f 616/737/15 617/739/16 637/740/16 
f 637/740/16 636/738/15 616/737/15 
f 618/741/17 638/742/17 637/740/16 
f 637/740/16 617/739/16 618/741/17 
f 618/741/17 619/743/18 639/744/18 
f 639/744/18 638/742/17 618/741/17 
f 640/745/19 639/744/18 619/743/18 
f 619/743/18 620/746/19 640/745/19 
f 620/746/19 621/747/20 641/748/20 
f 641/748/20 640/745/19 620/746/19 
f 623/709/1 641/748/20 621/747/20 
f 621/747/20 602/710/1 623/709/1 
f 623/749/21 622/750/21 642/751/21 
f 642/751/21 643/752/21 623/749/21 
f 642/751/21 622/750/21 624/753/21 
f 624/753/21 644/754/21 642/751/21 
f 625/755/21 645/756/21 644/754/21 
f 644/754/21 624/753/21 625/755/21 
f 645/756/21 625/755/21 626/757/21 
f 626/757/21 646/758/21 645/756/21 
f 627/759/21 647/760/21 646/758/21 
f 646/758/21 626/757/21 627/759/21 
f 647/760/21 627/759/21 628/761/22 
f 628/761/22 648/762/22 647/760/21 
f 648/762/22 628/761/22 629/763/22 
f 629/763/22 649/764/22 648/762/22 
f 629/763/22 630/765/21 650/766/21 
f 650/766/21 649/764/22 629/763/22 
f 650/766/21 630/765/21 631/767/21 
f 631/767/21 651/768/21 650/766/21 
f 631/767/21 632/769/21 652/770/21 
f 652/770/21 651/768/21 631/767/21 
f 633/771/22 653/772/22 652/770/21 
f 652/770/21 632/769/21 633/771/22 
f 654/773/22 653/772/22 633/771/22 
f 633/771/22 634/774/22 654/773/22 
f 655/775/22 654/773/22 634/774/22 
f 634/774/22 635/776/22 655/775/22 
f 656/777/22 655/775/22 635/776/22 
f 635/776/22 636/778/22 656/777/22 
f 656/777/22 636/778/22 637/779/22 
f 637/779/22 657/780/22 656/777/22 
f 637/779/22 638/781/22 658/782/22 
f 658/782/22 657/780/22 637/779/22 
f 658/782/22 638/781/22 639/783/21 
f 639/783/21 659/784/21 658/782/22 
f 639/783/21 640/785/21 660/786/21 
f 660/786/21 659/784/21 639/783/21 
f 641/787/21 661/788/21 660/786/21 
f 660/786/21 640/785/21 641/787/21 
f 641/787/21 623/749/21 643/752/21 
f 643/752/21 661/788/21 641/787/21 
f 662/789/2 663/790/1 643/791/1 
f 643/791/1 642/792/2 662/789/2 
f 644/793/3 664/794/3 662/789/2 
f 662/789/2 642/792/2 644/793/3 
f 644/793/3 645/795/4 665/796/24 
f 665/796/24 664/794/3 644/793/3 
f 645/795/4 646/797/5 666/798/5 
f 666/798/5 665/796/24 645/795/4 
f 666/798/5 646/797/5 647/799/6 
f 647/799/6 667/800/6 666/798/5 
f 647/801/6 648/802/7 668/803/91 
f 668/803/91 667/804/6 647/801/6 
f 649/805/8 669/806/8 668/803/91 
f 668/803/91 648/802/7 649/805/8 
f 650/807/26 670/808/9 669/806/8 
f 669/806/8 649/805/8 650/807/26 
f 651/809/10 671/810/10 670/808/9 
f 670/808/9 650/807/26 651/809/10 
f 651/809/10 652/811/11 672/812/11 
f 672/812/11 671/810/10 651/809/10 
f 652/811/11 653/813/27 673/814/27 
f 673/814/27 672/812/11 652/811/11 
f 653/813/27 654/815/28 674/816/28 
f 674/816/28 673/814/27 653/813/27 
f 655/817/29 675/818/35 674/816/28 
f 674/816/28 654/815/28 655/817/29 
f 656/819/15 676/820/15 675/818/35 
f 675/818/35 655/817/29 656/819/15 
f 657/821/16 677/822/16 676/820/15 
f 676/820/15 656/819/15 657/821/16 
f 678/823/92 677/822/16 657/821/16 
f 657/821/16 658/824/17 678/823/92 
f 658/824/17 659/825/18 679/826/18 
f 679/826/18 678/823/92 658/824/17 
f 679/826/18 659/825/18 660/827/19 
f 660/827/19 680/828/19 679/826/18 
f 660/827/19 661/829/93 681/830/20 
f 681/830/20 680/828/19 660/827/19 
f 681/830/20 661/829/93 643/791/1 
f 643/791/1 663/790/1 681/830/20 
f 682/208/21 683/831/21 684/210/21 
f 684/210/21 685/832/21 682/208/21 
f 683/831/21 682/208/21 686/211/22 
f 686/211/22 687/212/22 683/831/21 
f 686/211/22 688/213/21 689/214/21 
f 689/214/21 687/212/22 686/211/22 
f 689/214/21 688/213/21 690/833/21 
f 690/833/21 691/216/21 689/214/21 
f 691/216/21 690/833/21 692/834/21 
f 692/834/21 693/218/21 691/216/21 
f 693/218/21 692/834/21 694/219/21 
f 694/219/21 695/220/21 693/218/21 
f 696/221/21 697/222/21 695/220/21 
f 695/220/21 694/219/21 696/221/21 
f 697/222/21 696/221/21 698/835/21 
f 698/835/21 699/223/21 697/222/21 
f 700/225/22 701/836/22 699/223/21 
f 699/223/21 698/835/21 700/225/22 
f 701/836/22 700/225/22 702/227/21 
f 702/227/21 703/837/21 701/836/22 
f 702/227/21 704/229/21 705/838/21 
f 705/838/21 703/837/21 702/227/21 
f 705/838/21 704/229/21 706/839/21 
f 706/839/21 707/840/21 705/838/21 
f 707/840/21 706/839/21 708/233/21 
f 708/233/21 709/841/21 707/840/21 
f 709/841/21 708/233/21 710/842/21 
f 710/842/21 711/236/21 709/841/21 
f 712/237/22 713/238/22 711/236/21 
f 711/236/21 710/842/21 712/237/22 
f 713/238/22 712/237/22 714/239/22 
f 714/239/22 715/240/22 713/238/22 
f 716/843/22 717/242/22 715/240/22 
f 715/240/22 714/239/22 716/843/22 
f 717/242/22 716/843/22 718/243/21 
f 718/243/21 719/844/21 717/242/22 
f 718/243/21 720/245/21 721/246/21 
f 721/246/21 719/844/21 718/243/21 
f 684/210/21 721/246/21 720/245/21 
f 720/245/21 685/832/21 684/210/21 
f 722/845/2 723/846/1 685/847/1 
f 685/847/1 682/848/2 722/845/2 
f 724/849/3 722/845/2 682/848/2 
f 682/848/2 686/850/3 724/849/3 
f 724/849/3 686/850/3 688/851/4 
f 688/851/4 725/852/4 724/849/3 
f 688/851/4 690/853/5 726/854/5 
f 726/854/5 725/852/4 688/851/4 
f 726/854/5 690/853/5 692/855/6 
f 692/855/6 727/856/6 726/854/5 
f 692/857/6 694/858/7 728/859/7 
f 728/859/7 727/860/6 692/857/6 
f 696/861/8 729/862/8 728/859/7 
f 728/859/7 694/858/7 696/861/8 
f 730/863/9 729/862/8 696/861/8 
f 696/861/8 698/864/9 730/863/9 
f 731/865/10 730/863/9 698/864/9 
f 698/864/9 700/866/10 731/865/10 
f 732/867/11 731/865/10 700/866/10 
f 700/866/10 702/868/11 732/867/11 
f 732/867/11 702/868/11 704/869/12 
f 704/869/12 733/870/12 732/867/11 
f 704/869/12 706/871/13 734/872/13 
f 734/872/13 733/870/12 704/869/12 
f 734/872/13 706/871/13 708/873/29 
f 708/873/29 735/874/29 734/872/13 
f 708/873/29 710/875/15 736/876/15 
f 736/876/15 735/874/29 708/873/29 
f 712/877/16 737/878/16 736/876/15 
f 736/876/15 710/875/15 712/877/16 
f 738/879/17 737/878/16 712/877/16 
f 712/877/16 714/880/17 738/879/17 
f 739/881/18 738/879/17 714/880/17 
f 714/880/17 716/882/18 739/881/18 
f 740/883/19 739/881/18 716/882/18 
f 716/882/18 718/884/19 740/883/19 
f 740/883/19 718/884/19 720/885/20 
f 720/885/20 741/886/20 740/883/19 
f 720/885/20 685/847/1 723/846/1 
f 723/846/1 741/886/20 720/885/20 
f 742/887/15 743/888/16 713/889/16 
f 713/889/16 711/890/15 742/887/15 
f 742/887/15 711/890/15 709/891/14 
f 709/891/14 744/892/35 742/887/15 
f 744/892/35 709/891/14 707/893/13 
f 707/893/13 745/894/28 744/892/35 
f 745/894/28 707/893/13 705/895/27 
f 705/895/27 746/896/27 745/894/28 
f 747/897/36 746/896/27 705/895/27 
f 705/895/27 703/898/36 747/897/36 
f 747/897/36 703/898/36 701/899/37 
f 701/899/37 748/900/37 747/897/36 
f 749/901/9 748/900/37 701/899/37 
f 701/899/37 699/902/9 749/901/9 
f 749/901/9 699/902/9 697/903/8 
f 697/903/8 750/904/8 749/901/9 
f 750/904/8 697/903/8 695/905/7 
f 695/905/7 751/906/91 750/904/8 
f 751/906/91 695/905/7 693/907/6 
f 693/907/6 752/908/6 751/906/91 
f 752/909/6 693/910/6 691/911/5 
f 691/911/5 753/912/5 752/909/6 
f 753/912/5 691/911/5 689/913/4 
f 689/913/4 754/914/24 753/912/5 
f 755/915/3 754/914/24 689/913/4 
f 689/913/4 687/916/3 755/915/3 
f 755/915/3 687/916/3 683/917/2 
f 683/917/2 756/918/2 755/915/3 
f 757/919/1 756/918/2 683/917/2 
f 683/917/2 684/920/1 757/919/1 
f 757/919/1 684/920/1 721/921/20 
f 721/921/20 758/922/20 757/919/1 
f 759/923/19 758/922/20 721/921/20 
f 721/921/20 719/924/19 759/923/19 
f 759/923/19 719/924/19 717/925/18 
f 717/925/18 760/926/18 759/923/19 
f 760/926/18 717/925/18 715/927/17 
f 715/927/17 761/928/31 760/926/18 
f 743/888/16 761/928/31 715/927/17 
f 715/927/17 713/889/16 743/888/16 
f 744/892/35 745/894/28 674/816/28 
f 674/816/28 675/818/35 744/892/35 
f 673/814/27 674/816/28 745/894/28 
f 745/894/28 746/896/27 673/814/27 
f 746/896/27 747/897/36 672/812/11 
f 672/812/11 673/814/27 746/896/27 
f 671/810/10 672/812/11 747/897/36 
f 747/897/36 748/900/37 671/810/10 
f 671/810/10 748/900/37 749/901/9 
f 749/901/9 670/808/9 671/810/10 
f 750/904/8 669/806/8 670/808/9 
f 670/808/9 749/901/9 750/904/8 
f 751/906/91 668/803/91 669/806/8 
f 669/806/8 750/904/8 751/906/91 
f 754/914/24 755/915/3 664/794/3 
f 664/794/3 665/796/24 754/914/24 
f 662/789/2 664/794/3 755/915/3 
f 755/915/3 756/918/2 662/789/2 
f 757/919/1 663/790/1 662/789/2 
f 662/789/2 756/918/2 757/919/1 
f 758/922/20 681/830/20 663/790/1 
f 663/790/1 757/919/1 758/922/20 
f 759/923/19 680/828/19 681/830/20 
f 681/830/20 758/922/20 759/923/19 
f 679/826/18 680/828/19 759/923/19 
f 759/923/19 760/926/18 679/826/18 
f 678/823/92 679/826/18 760/926/18 
f 760/926/18 761/928/31 678/823/92 
f 742/929/21 743/930/21 762/931/21 
f 762/931/21 763/932/21 742/929/21 
f 764/933/21 744/934/21 742/929/21 
f 742/929/21 763/932/21 764/933/21 
f 751/906/38 752/908/94 765/908/94 
f 765/908/94 766/906/38 751/906/38 
f 752/909/94 753/912/38 767/912/38 
f 767/912/38 765/909/94 752/909/94 
f 753/912/38 754/914/38 768/914/38 
f 768/914/38 767/912/38 753/912/38 
f 762/931/21 743/930/21 761/935/21 
f 761/935/21 769/936/21 762/931/21 
f 770/937/22 771/938/22 676/939/22 
f 676/939/22 677/940/22 770/937/22 
f 764/941/95 744/942/95 675/943/95 
f 675/943/95 772/944/95 764/941/95 
f 771/938/22 772/945/21 675/946/21 
f 675/946/21 676/939/22 771/938/22 
f 751/906/2 766/906/2 773/803/2 
f 773/803/2 668/803/2 751/906/2 
f 668/803/22 773/803/22 774/804/22 
f 774/804/22 667/804/22 668/803/22 
f 666/798/22 667/800/22 774/800/22 
f 774/800/22 775/798/22 666/798/22 
f 754/914/9 665/796/9 776/796/9 
f 776/796/9 768/914/9 754/914/9 
f 776/796/22 665/796/22 666/798/22 
f 666/798/22 775/798/22 776/796/22 
f 769/947/2 761/948/2 678/949/2 
f 678/949/2 777/950/2 769/947/2 
f 770/937/22 677/940/22 678/951/22 
f 678/951/22 777/952/22 770/937/22 
f 778/953/21 779/954/21 780/955/21 
f 780/955/21 781/956/21 782/957/21 
f 778/953/21 780/955/21 782/957/21 
f 782/957/21 783/958/21 784/959/21 
f 782/957/21 784/959/21 785/960/21 
f 785/960/21 786/961/21 787/962/21 
f 782/957/21 785/960/21 787/962/21 
f 778/953/21 782/957/21 787/962/21 
f 778/953/21 787/962/21 788/963/21 
f 789/964/21 778/953/21 788/963/21 
f 790/965/21 789/964/21 788/963/21 
f 788/963/21 791/966/21 792/967/21 
f 792/967/21 793/968/21 794/969/21 
f 788/963/21 792/967/21 794/969/21 
f 790/965/21 788/963/21 794/969/21 
f 790/965/21 794/969/21 795/970/21 
f 790/965/21 795/970/21 796/971/21 
f 790/965/21 796/971/21 797/972/21 
f 790/973/39 789/974/40 798/375/21 
f 789/974/40 778/975/41 798/375/21 
f 778/975/41 779/976/42 798/375/21 
f 779/976/42 780/977/43 798/375/21 
f 780/977/43 781/978/44 798/375/21 
f 781/978/44 782/979/45 798/375/21 
f 782/979/45 783/980/46 798/375/21 
f 783/980/46 784/981/47 798/375/21 
f 784/981/47 785/982/48 798/375/21 
f 785/982/48 786/983/49 798/375/21 
f 786/983/49 787/984/50 798/375/21 
f 787/984/50 788/985/51 798/375/21 
f 788/985/51 791/986/52 798/375/21 
f 791/986/52 792/987/53 798/375/21 
f 792/987/53 793/988/54 798/375/21 
f 793/988/54 794/989/55 798/375/21 
f 794/989/55 795/990/56 798/375/21 
f 795/990/56 796/991/57 798/375/21 
f 796/991/57 797/992/58 798/375/21 
f 797/992/58 790/973/39 798/375/21 
f 799/993/59 800/994/59 801/995/59 
f 801/995/59 802/996/59 799/993/59 
f 803/997/59 804/998/59 805/999/59 
f 805/999/59 806/1000/59 803/997/59 
f 807/995/59 808/1000/59 809/999/59 
f 809/999/59 810/996/59 807/995/59 
f 811/1001/59 812/1002/59 809/999/59 
f 809/999/59 813/998/59 811/1001/59 
f 809/999/59 812/1002/59 814/1003/59 
f 814/1003/59 810/996/59 809/999/59 
f 815/993/59 810/996/59 814/1003/59 
f 814/1003/59 816/1004/59 815/993/59 
f 817/1005/59 818/1006/59 819/1002/59 
f 819/1002/59 820/1001/59 817/1005/59 
f 814/1003/59 812/1002/59 821/1006/59 
f 821/1006/59 822/1007/59 814/1003/59 
f 823/1004/59 824/1003/59 825/1007/59 
f 825/1007/59 826/1008/59 823/1004/59 
f 810/996/60 802/996/60 801/995/60 
f 801/995/60 807/995/60 810/996/60 
f 805/999/61 809/999/61 808/1000/61 
f 808/1000/61 806/1000/61 805/999/61 
f 820/1001/38 819/1002/38 812/1002/38 
f 812/1002/38 811/1001/38 820/1001/38 
f 809/999/21 805/999/21 804/998/21 
f 804/998/21 813/998/21 809/999/21 
f 816/1004/38 814/1003/38 824/1003/38 
f 824/1003/38 823/1004/38 816/1004/38 
f 810/996/21 815/993/21 799/993/21 
f 799/993/21 802/996/21 810/996/21 
f 822/1007/60 825/1007/60 824/1003/60 
f 824/1003/60 814/1003/60 822/1007/60 
f 818/1006/61 821/1006/61 812/1002/61 
f 812/1002/61 819/1002/61 818/1006/61 
f 827/1009/59 828/1010/59 829/1011/59 
f 829/1011/59 830/1012/59 827/1009/59 
f 831/1013/59 832/1014/59 833/1015/59 
f 833/1015/59 834/1016/59 831/1013/59 
f 835/1009/59 836/1012/59 837/1015/59 
f 837/1015/59 838/1014/59 835/1009/59 
f 839/1016/59 837/1015/59 840/1017/59 
f 840/1017/59 841/1018/59 839/1016/59 
f 837/1015/59 836/1012/59 842/1019/59 
f 842/1019/59 840/1017/59 837/1015/59 
f 843/1011/59 844/1020/59 842/1019/59 
f 842/1019/59 836/1012/59 843/1011/59 
f 845/1017/59 846/1021/59 847/1022/59 
f 847/1022/59 848/1018/59 845/1017/59 
f 840/1017/59 842/1019/59 849/1023/59 
f 849/1023/59 850/1021/59 840/1017/59 
f 851/1020/59 852/1024/59 853/1023/59 
f 853/1023/59 854/1019/59 851/1020/59 
f 835/1009/60 827/1009/60 830/1012/60 
f 830/1012/60 836/1012/60 835/1009/60 
f 832/1014/61 838/1014/61 837/1015/61 
f 837/1015/61 833/1015/61 832/1014/61 
f 848/1018/21 841/1018/21 840/1017/21 
f 840/1017/21 845/1017/21 848/1018/21 
f 834/1016/38 833/1015/38 837/1015/38 
f 837/1015/38 839/1016/38 834/1016/38 
f 844/1020/21 851/1020/21 854/1019/21 
f 854/1019/21 842/1019/21 844/1020/21 
f 829/1011/38 843/1011/38 836/1012/38 
f 836/1012/38 830/1012/38 829/1011/38 
f 849/1023/60 842/1019/60 854/1019/60 
f 854/1019/60 853/1023/60 849/1023/60 
f 850/1021/61 846/1021/61 845/1017/61 
f 845/1017/61 840/1017/61 850/1021/61 
f 855/628/1 856/625/2 857/626/2 
f 857/626/2 858/627/1 855/628/1 
f 859/630/3 860/629/3 857/626/2 
f 857/626/2 856/625/2 859/630/3 
f 859/630/3 861/631/4 862/632/4 
f 862/632/4 860/629/3 859/630/3 
f 863/633/5 864/634/5 862/632/4 
f 862/632/4 861/631/4 863/633/5 
f 863/633/5 865/635/6 866/636/6 
f 866/636/6 864/634/5 863/633/5 
f 867/637/7 868/638/7 866/639/6 
f 866/639/6 865/640/6 867/637/7 
f 867/637/7 869/641/8 870/642/8 
f 870/642/8 868/638/7 867/637/7 
f 871/643/9 872/644/9 870/642/8 
f 870/642/8 869/641/8 871/643/9 
f 871/643/9 873/645/10 874/646/10 
f 874/646/10 872/644/9 871/643/9 
f 875/647/11 876/648/11 874/646/10 
f 874/646/10 873/645/10 875/647/11 
f 875/647/11 877/649/12 878/650/12 
f 878/650/12 876/648/11 875/647/11 
f 879/651/13 880/652/13 878/650/12 
f 878/650/12 877/649/12 879/651/13 
f 879/651/13 881/653/14 882/654/14 
f 882/654/14 880/652/13 879/651/13 
f 883/655/15 884/656/15 882/654/14 
f 882/654/14 881/653/14 883/655/15 
f 883/655/15 885/657/16 886/658/16 
f 886/658/16 884/656/15 883/655/15 
f 887/659/17 888/660/17 886/658/16 
f 886/658/16 885/657/16 887/659/17 
f 887/659/17 889/661/18 890/662/18 
f 890/662/18 888/660/17 887/659/17 
f 891/663/19 892/664/19 890/662/18 
f 890/662/18 889/661/18 891/663/19 
f 891/663/19 893/665/96 894/666/96 
f 894/666/96 892/664/19 891/663/19 
f 893/665/96 855/628/1 858/627/1 
f 858/627/1 894/666/96 893/665/96 
f 858/667/21 895/668/21 896/669/22 
f 896/669/22 857/670/22 858/667/21 
f 896/669/22 897/671/21 860/672/21 
f 860/672/21 857/670/22 896/669/22 
f 860/672/21 897/671/21 898/673/22 
f 898/673/22 862/674/22 860/672/21 
f 898/673/22 899/675/21 864/676/21 
f 864/676/21 862/674/22 898/673/22 
f 864/676/21 899/675/21 900/677/21 
f 900/677/21 866/678/21 864/676/21 
f 900/677/21 901/679/21 868/680/21 
f 868/680/21 866/678/21 900/677/21 
f 868/680/21 901/679/21 902/681/21 
f 902/681/21 870/682/21 868/680/21 
f 902/681/21 903/683/22 872/684/22 
f 872/684/22 870/682/21 902/681/21 
f 872/684/22 903/683/22 904/685/21 
f 904/685/21 874/686/21 872/684/22 
f 904/685/21 905/687/21 876/688/21 
f 876/688/21 874/686/21 904/685/21 
f 876/688/21 905/687/21 906/689/22 
f 906/689/22 878/690/22 876/688/21 
f 906/689/22 907/691/21 880/692/21 
f 880/692/21 878/690/22 906/689/22 
f 880/692/21 907/691/21 908/693/21 
f 908/693/21 882/694/21 880/692/21 
f 908/693/21 909/695/21 884/696/21 
f 884/696/21 882/694/21 908/693/21 
f 884/696/21 909/695/21 910/697/22 
f 910/697/22 886/698/22 884/696/21 
f 910/697/22 911/699/21 888/700/21 
f 888/700/21 886/698/22 910/697/22 
f 888/700/21 911/699/21 912/701/21 
f 912/701/21 890/702/21 888/700/21 
f 912/701/21 913/703/21 892/704/21 
f 892/704/21 890/702/21 912/701/21 
f 892/704/21 913/703/21 914/705/21 
f 914/705/21 894/706/21 892/704/21 
f 894/706/21 914/705/21 895/668/21 
f 895/668/21 858/667/21 894/706/21 
f 895/710/1 896/707/2 915/708/2 
f 915/708/2 916/709/1 895/710/1 
f 897/711/3 917/712/3 915/708/2 
f 915/708/2 896/707/2 897/711/3 
f 897/711/3 898/713/4 918/714/4 
f 918/714/4 917/712/3 897/711/3 
f 899/715/5 919/716/5 918/714/4 
f 918/714/4 898/713/4 899/715/5 
f 899/715/5 900/717/6 920/718/6 
f 920/718/6 919/716/5 899/715/5 
f 901/719/7 921/720/7 920/721/6 
f 920/721/6 900/722/6 901/719/7 
f 901/719/7 902/724/8 922/723/8 
f 922/723/8 921/720/7 901/719/7 
f 903/725/9 923/726/9 922/723/8 
f 922/723/8 902/724/8 903/725/9 
f 903/725/9 904/727/10 924/728/10 
f 924/728/10 923/726/9 903/725/9 
f 905/729/11 925/730/11 924/728/10 
f 924/728/10 904/727/10 905/729/11 
f 905/729/11 906/731/12 926/732/12 
f 926/732/12 925/730/11 905/729/11 
f 907/733/13 927/734/13 926/732/12 
f 926/732/12 906/731/12 907/733/13 
f 907/733/13 908/735/29 928/736/29 
f 928/736/29 927/734/13 907/733/13 
f 909/737/15 929/738/15 928/736/29 
f 928/736/29 908/735/29 909/737/15 
f 909/737/15 910/739/16 930/740/16 
f 930/740/16 929/738/15 909/737/15 
f 911/741/17 931/742/17 930/740/16 
f 930/740/16 910/739/16 911/741/17 
f 911/741/17 912/743/18 932/744/18 
f 932/744/18 931/742/17 911/741/17 
f 913/746/19 933/745/19 932/744/18 
f 932/744/18 912/743/18 913/746/19 
f 913/746/19 914/747/20 934/748/20 
f 934/748/20 933/745/19 913/746/19 
f 914/747/20 895/710/1 916/709/1 
f 916/709/1 934/748/20 914/747/20 
f 916/749/22 915/750/21 935/751/21 
f 935/751/21 936/752/22 916/749/22 
f 917/753/21 937/754/21 935/751/21 
f 935/751/21 915/750/21 917/753/21 
f 917/753/21 918/755/21 938/756/21 
f 938/756/21 937/754/21 917/753/21 
f 919/757/22 939/758/22 938/756/21 
f 938/756/21 918/755/21 919/757/22 
f 919/757/22 920/759/22 940/760/22 
f 940/760/22 939/758/22 919/757/22 
f 921/761/22 941/762/22 940/760/22 
f 940/760/22 920/759/22 921/761/22 
f 921/761/22 922/763/22 942/764/22 
f 942/764/22 941/762/22 921/761/22 
f 923/765/22 943/766/22 942/764/22 
f 942/764/22 922/763/22 923/765/22 
f 923/765/22 924/767/21 944/768/21 
f 944/768/21 943/766/22 923/765/22 
f 925/769/21 945/770/21 944/768/21 
f 944/768/21 924/767/21 925/769/21 
f 925/769/21 926/771/21 946/772/21 
f 946/772/21 945/770/21 925/769/21 
f 927/774/21 947/773/21 946/772/21 
f 946/772/21 926/771/21 927/774/21 
f 927/774/21 928/776/22 948/775/22 
f 948/775/22 947/773/21 927/774/21 
f 929/778/22 949/777/22 948/775/22 
f 948/775/22 928/776/22 929/778/22 
f 929/778/22 930/779/22 950/780/22 
f 950/780/22 949/777/22 929/778/22 
f 931/781/21 951/782/21 950/780/22 
f 950/780/22 930/779/22 931/781/21 
f 931/781/21 932/783/21 952/784/21 
f 952/784/21 951/782/21 931/781/21 
f 933/785/21 953/786/21 952/784/21 
f 952/784/21 932/783/21 933/785/21 
f 933/785/21 934/787/21 954/788/21 
f 954/788/21 953/786/21 933/785/21 
f 934/787/21 916/749/22 936/752/22 
f 936/752/22 954/788/21 934/787/21 
f 955/790/1 936/791/1 935/792/2 
f 935/792/2 956/789/2 955/790/1 
f 956/789/2 935/792/2 937/793/3 
f 937/793/3 957/794/3 956/789/2 
f 957/794/3 937/793/3 938/795/4 
f 938/795/4 958/796/24 957/794/3 
f 939/797/5 959/798/5 958/796/24 
f 958/796/24 938/795/4 939/797/5 
f 959/798/5 939/797/5 940/799/6 
f 940/799/6 960/800/6 959/798/5 
f 960/804/6 940/801/6 941/802/7 
f 941/802/7 961/803/25 960/804/6 
f 962/806/8 961/803/25 941/802/7 
f 941/802/7 942/805/8 962/806/8 
f 943/807/9 963/808/9 962/806/8 
f 962/806/8 942/805/8 943/807/9 
f 964/810/10 963/808/9 943/807/9 
f 943/807/9 944/809/10 964/810/10 
f 965/812/11 964/810/10 944/809/10 
f 944/809/10 945/811/11 965/812/11 
f 966/814/27 965/812/11 945/811/11 
f 945/811/11 946/813/27 966/814/27 
f 947/815/28 967/816/28 966/814/27 
f 966/814/27 946/813/27 947/815/28 
f 968/818/35 967/816/28 947/815/28 
f 947/815/28 948/817/29 968/818/35 
f 968/818/35 948/817/29 949/819/15 
f 949/819/15 969/820/15 968/818/35 
f 969/820/15 949/819/15 950/821/16 
f 950/821/16 970/822/16 969/820/15 
f 951/824/17 971/823/31 970/822/16 
f 970/822/16 950/821/16 951/824/17 
f 972/826/18 971/823/31 951/824/17 
f 951/824/17 952/825/18 972/826/18 
f 952/825/18 953/827/19 973/828/19 
f 973/828/19 972/826/18 952/825/18 
f 973/828/19 953/827/19 954/829/20 
f 954/829/20 974/830/20 973/828/19 
f 974/830/20 954/829/20 936/791/1 
f 936/791/1 955/790/1 974/830/20 
f 975/832/22 976/208/21 977/831/21 
f 977/831/21 978/210/22 975/832/22 
f 979/211/21 980/212/21 977/831/21 
f 977/831/21 976/208/21 979/211/21 
f 979/211/21 981/213/21 982/214/21 
f 982/214/21 980/212/21 979/211/21 
f 982/214/21 981/213/21 983/833/21 
f 983/833/21 984/216/21 982/214/21 
f 983/833/21 985/834/21 986/218/21 
f 986/218/21 984/216/21 983/833/21 
f 987/219/21 988/220/21 986/218/21 
f 986/218/21 985/834/21 987/219/21 
f 987/219/21 989/221/21 990/222/21 
f 990/222/21 988/220/21 987/219/21 
f 990/222/21 989/221/21 991/835/21 
f 991/835/21 992/223/21 990/222/21 
f 991/835/21 993/225/21 994/836/21 
f 994/836/21 992/223/21 991/835/21 
f 994/836/21 993/225/21 995/227/21 
f 995/227/21 996/837/21 994/836/21 
f 995/227/21 997/229/21 998/838/21 
f 998/838/21 996/837/21 995/227/21 
f 998/838/21 997/229/21 999/839/21 
f 999/839/21 1000/840/21 998/838/21 
f 999/839/21 1001/233/21 1002/841/21 
f 1002/841/21 1000/840/21 999/839/21 
f 1003/842/22 1004/236/22 1002/841/21 
f 1002/841/21 1001/233/21 1003/842/22 
f 1003/842/22 1005/237/21 1006/238/21 
f 1006/238/21 1004/236/22 1003/842/22 
f 1006/238/21 1005/237/21 1007/239/21 
f 1007/239/21 1008/240/21 1006/238/21 
f 1007/239/21 1009/843/21 1010/242/21 
f 1010/242/21 1008/240/21 1007/239/21 
f 1010/242/21 1009/843/21 1011/243/22 
f 1011/243/22 1012/844/22 1010/242/21 
f 1011/243/22 1013/245/21 1014/246/21 
f 1014/246/21 1012/844/22 1011/243/22 
f 1014/246/21 1013/245/21 975/832/22 
f 975/832/22 978/210/22 1014/246/21 
f 976/848/2 1015/845/2 1016/846/1 
f 1016/846/1 975/847/1 976/848/2 
f 1015/845/2 976/848/2 979/850/3 
f 979/850/3 1017/849/3 1015/845/2 
f 981/851/4 1018/852/4 1017/849/3 
f 1017/849/3 979/850/3 981/851/4 
f 981/851/4 983/853/5 1019/854/5 
f 1019/854/5 1018/852/4 981/851/4 
f 985/855/6 1020/856/6 1019/854/5 
f 1019/854/5 983/853/5 985/855/6 
f 1021/859/7 1020/860/6 985/857/6 
f 985/857/6 987/858/7 1021/859/7 
f 989/861/8 1022/862/8 1021/859/7 
f 1021/859/7 987/858/7 989/861/8 
f 989/861/8 991/864/9 1023/863/9 
f 1023/863/9 1022/862/8 989/861/8 
f 993/866/10 1024/865/10 1023/863/9 
f 1023/863/9 991/864/9 993/866/10 
f 1024/865/10 993/866/10 995/868/11 
f 995/868/11 1025/867/11 1024/865/10 
f 997/869/12 1026/870/12 1025/867/11 
f 1025/867/11 995/868/11 997/869/12 
f 997/869/12 999/871/13 1027/872/13 
f 1027/872/13 1026/870/12 997/869/12 
f 1001/873/29 1028/874/29 1027/872/13 
f 1027/872/13 999/871/13 1001/873/29 
f 1029/876/15 1028/874/29 1001/873/29 
f 1001/873/29 1003/875/15 1029/876/15 
f 1005/877/16 1030/878/16 1029/876/15 
f 1029/876/15 1003/875/15 1005/877/16 
f 1005/877/16 1007/880/17 1031/879/17 
f 1031/879/17 1030/878/16 1005/877/16 
f 1009/882/18 1032/881/18 1031/879/17 
f 1031/879/17 1007/880/17 1009/882/18 
f 1032/881/18 1009/882/18 1011/884/19 
f 1011/884/19 1033/883/19 1032/881/18 
f 1013/885/20 1034/886/20 1033/883/19 
f 1033/883/19 1011/884/19 1013/885/20 
f 1013/885/20 975/847/1 1016/846/1 
f 1016/846/1 1034/886/20 1013/885/20 
f 1006/889/16 1004/890/15 1035/887/15 
f 1035/887/15 1036/888/16 1006/889/16 
f 1004/890/15 1002/891/14 1037/892/35 
f 1037/892/35 1035/887/15 1004/890/15 
f 1002/891/14 1000/893/13 1038/894/13 
f 1038/894/13 1037/892/35 1002/891/14 
f 1038/894/13 1000/893/13 998/895/27 
f 998/895/27 1039/896/27 1038/894/13 
f 998/895/27 996/898/36 1040/897/36 
f 1040/897/36 1039/896/27 998/895/27 
f 996/898/36 994/899/37 1041/900/37 
f 1041/900/37 1040/897/36 996/898/36 
f 992/902/9 1042/901/9 1041/900/37 
f 1041/900/37 994/899/37 992/902/9 
f 1042/901/9 992/902/9 990/903/8 
f 990/903/8 1043/904/8 1042/901/9 
f 988/905/7 1044/906/25 1043/904/8 
f 1043/904/8 990/903/8 988/905/7 
f 986/907/6 1045/908/6 1044/906/25 
f 1044/906/25 988/905/7 986/907/6 
f 984/911/5 1046/912/5 1045/909/6 
f 1045/909/6 986/910/6 984/911/5 
f 1046/912/5 984/911/5 982/913/4 
f 982/913/4 1047/914/24 1046/912/5 
f 980/916/3 1048/915/3 1047/914/24 
f 1047/914/24 982/913/4 980/916/3 
f 980/916/3 977/917/2 1049/918/2 
f 1049/918/2 1048/915/3 980/916/3 
f 977/917/2 978/920/1 1050/919/1 
f 1050/919/1 1049/918/2 977/917/2 
f 1050/919/1 978/920/1 1014/921/20 
f 1014/921/20 1051/922/20 1050/919/1 
f 1014/921/20 1012/924/19 1052/923/19 
f 1052/923/19 1051/922/20 1014/921/20 
f 1053/926/18 1052/923/19 1012/924/19 
f 1012/924/19 1010/925/18 1053/926/18 
f 1008/927/17 1054/928/31 1053/926/18 
f 1053/926/18 1010/925/18 1008/927/17 
f 1036/888/16 1054/928/31 1008/927/17 
f 1008/927/17 1006/889/16 1036/888/16 
f 968/818/35 1037/892/35 1038/894/13 
f 1038/894/13 967/816/28 968/818/35 
f 966/814/27 967/816/28 1038/894/13 
f 1038/894/13 1039/896/27 966/814/27 
f 966/814/27 1039/896/27 1040/897/36 
f 1040/897/36 965/812/11 966/814/27 
f 1041/900/37 964/810/10 965/812/11 
f 965/812/11 1040/897/36 1041/900/37 
f 964/810/10 1041/900/37 1042/901/9 
f 1042/901/9 963/808/9 964/810/10 
f 962/806/8 963/808/9 1042/901/9 
f 1042/901/9 1043/904/8 962/806/8 
f 962/806/8 1043/904/8 1044/906/25 
f 1044/906/25 961/803/25 962/806/8 
f 958/796/24 1047/914/24 1048/915/3 
f 1048/915/3 957/794/3 958/796/24 
f 1049/918/2 956/789/2 957/794/3 
f 957/794/3 1048/915/3 1049/918/2 
f 956/789/2 1049/918/2 1050/919/1 
f 1050/919/1 955/790/1 956/789/2 
f 974/830/20 955/790/1 1050/919/1 
f 1050/919/1 1051/922/20 974/830/20 
f 974/830/20 1051/922/20 1052/923/19 
f 1052/923/19 973/828/19 974/830/20 
f 1052/923/19 1053/926/18 972/826/18 
f 972/826/18 973/828/19 1052/923/19 
f 972/826/18 1053/926/18 1054/928/31 
f 1054/928/31 971/823/31 972/826/18 
f 1055/931/21 1056/932/22 1035/929/22 
f 1035/929/22 1036/930/21 1055/931/21 
f 1035/929/22 1056/932/22 1057/933/22 
f 1057/933/22 1037/934/22 1035/929/22 
f 1044/906/38 1045/908/38 1058/908/38 
f 1058/908/38 1059/906/38 1044/906/38 
f 1046/912/38 1060/912/38 1058/909/38 
f 1058/909/38 1045/909/38 1046/912/38 
f 1046/912/38 1047/914/38 1061/914/38 
f 1061/914/38 1060/912/38 1046/912/38 
f 1054/935/21 1062/936/21 1055/931/21 
f 1055/931/21 1036/930/21 1054/935/21 
f 969/939/21 970/940/21 1063/937/21 
f 1063/937/21 1064/938/21 969/939/21 
f 968/943/19 1065/944/19 1057/941/19 
f 1057/941/19 1037/942/19 968/943/19 
f 1064/938/21 1065/945/21 968/946/21 
f 968/946/21 969/939/21 1064/938/21 
f 1059/906/2 1066/803/2 961/803/2 
f 961/803/2 1044/906/2 1059/906/2 
f 961/803/21 1066/803/21 1067/804/21 
f 1067/804/21 960/804/21 961/803/21 
f 959/798/22 960/800/21 1067/800/21 
f 1067/800/21 1068/798/22 959/798/22 
f 1061/914/9 1047/914/9 958/796/9 
f 958/796/9 1069/796/9 1061/914/9 
f 959/798/22 1068/798/22 1069/796/22 
f 1069/796/22 958/796/22 959/798/22 
f 1062/947/2 1054/948/2 971/949/2 
f 971/949/2 1070/950/2 1062/947/2 
f 971/951/21 1070/952/21 1063/937/21 
f 1063/937/21 970/940/21 971/951/21 
f 1071/964/21 1072/953/21 1073/954/21 
f 1073/954/21 1074/955/21 1075/956/21 
f 1073/954/21 1075/956/21 1076/957/21 
f 1073/954/21 1076/957/21 1077/958/21 
f 1071/964/21 1073/954/21 1077/958/21 
f 1078/959/21 1079/960/21 1080/961/21 
f 1077/958/21 1078/959/21 1080/961/21 
f 1071/964/21 1077/958/21 1080/961/21 
f 1071/964/21 1080/961/21 1081/962/21 
f 1081/962/21 1082/963/21 1083/966/21 
f 1083/966/21 1084/967/21 1085/968/21 
f 1081/962/21 1083/966/21 1085/968/21 
f 1086/969/21 1087/970/21 1088/971/21 
f 1085/968/21 1086/969/21 1088/971/21 
f 1081/962/21 1085/968/21 1088/971/21 
f 1081/962/21 1088/971/21 1089/972/21 
f 1071/964/21 1081/962/21 1089/972/21 
f 1090/965/21 1071/964/21 1089/972/21 
f 1090/973/97 1071/974/98 1091/375/21 
f 1071/974/98 1072/975/99 1091/375/21 
f 1072/975/99 1073/976/100 1091/375/21 
f 1073/976/100 1074/977/101 1091/375/21 
f 1074/977/101 1075/978/102 1091/375/21 
f 1075/978/102 1076/979/103 1091/375/21 
f 1076/979/103 1077/980/104 1091/375/21 
f 1077/980/104 1078/981/105 1091/375/21 
f 1078/981/105 1079/982/106 1091/375/21 
f 1079/982/106 1080/983/107 1091/375/21 
f 1080/983/107 1081/984/108 1091/375/21 
f 1081/984/108 1082/985/109 1091/375/21 
f 1082/985/109 1083/986/110 1091/375/21 
f 1083/986/110 1084/987/111 1091/375/21 
f 1084/987/111 1085/988/112 1091/375/21 
f 1085/988/112 1086/989/113 1091/375/21 
f 1086/989/113 1087/990/114 1091/375/21 
f 1087/990/114 1088/991/115 1091/375/21 
f 1088/991/115 1089/992/116 1091/375/21 
f 1089/992/116 1090/973/97 1091/375/21 
f 1092/1025/59 1093/1026/59 1094/1027/59 
f 1094/1027/59 1095/1028/59 1092/1025/59 
f 1096/1029/59 1097/1030/59 1098/1031/59 
f 1098/1031/59 1099/1032/59 1096/1029/59 
f 1100/1032/59 1101/1031/59 1102/1028/59 
f 1102/1028/59 1103/1027/59 1100/1032/59 
f 1104/1033/59 1101/1031/59 1105/1030/59 
f 1105/1030/59 1106/1034/59 1104/1033/59 
f 1101/1031/59 1104/1033/59 1107/1035/59 
f 1107/1035/59 1102/1028/59 1101/1031/59 
f 1108/1036/59 1109/1025/59 1102/1028/59 
f 1102/1028/59 1107/1035/59 1108/1036/59 
f 1110/1037/59 1111/1038/59 1112/1033/59 
f 1112/1033/59 1113/1034/59 1110/1037/59 
f 1104/1033/59 1114/1038/59 1115/1039/59 
f 1115/1039/59 1107/1035/59 1104/1033/59 
f 1116/1039/59 1117/1040/59 1118/1036/59 
f 1118/1036/59 1119/1035/59 1116/1039/59 
f 1102/1028/60 1095/1028/60 1094/1027/60 
f 1094/1027/60 1103/1027/60 1102/1028/60 
f 1098/1031/61 1101/1031/61 1100/1032/61 
f 1100/1032/61 1099/1032/61 1098/1031/61 
f 1113/1034/38 1112/1033/38 1104/1033/38 
f 1104/1033/38 1106/1034/38 1113/1034/38 
f 1097/1030/21 1105/1030/21 1101/1031/21 
f 1101/1031/21 1098/1031/21 1097/1030/21 
f 1107/1035/38 1119/1035/38 1118/1036/38 
f 1118/1036/38 1108/1036/38 1107/1035/38 
f 1102/1028/21 1109/1025/21 1092/1025/21 
f 1092/1025/21 1095/1028/21 1102/1028/21 
f 1119/1035/60 1107/1035/60 1115/1039/60 
f 1115/1039/60 1116/1039/60 1119/1035/60 
f 1111/1038/61 1114/1038/61 1104/1033/61 
f 1104/1033/61 1112/1033/61 1111/1038/61 
f 1120/1041/59 1121/1042/59 1122/1043/59 
f 1122/1043/59 1123/1044/59 1120/1041/59 
f 1124/1045/59 1125/1046/59 1126/1047/59 
f 1126/1047/59 1127/1048/59 1124/1045/59 
f 1128/1043/59 1129/1042/59 1130/1045/59 
f 1130/1045/59 1131/1048/59 1128/1043/59 
f 1132/1049/59 1133/1050/59 1134/1046/59 
f 1134/1046/59 1130/1045/59 1132/1049/59 
f 1135/1051/59 1132/1049/59 1130/1045/59 
f 1130/1045/59 1129/1042/59 1135/1051/59 
f 1135/1051/59 1129/1042/59 1136/1041/59 
f 1136/1041/59 1137/1052/59 1135/1051/59 
f 1138/1050/59 1139/1049/59 1140/1053/59 
f 1140/1053/59 1141/1054/59 1138/1050/59 
f 1135/1051/59 1142/1055/59 1143/1053/59 
f 1143/1053/59 1132/1049/59 1135/1051/59 
f 1144/1055/59 1145/1051/59 1146/1052/59 
f 1146/1052/59 1147/1056/59 1144/1055/59 
f 1129/1042/60 1128/1043/60 1122/1043/60 
f 1122/1043/60 1121/1042/60 1129/1042/60 
f 1131/1048/61 1130/1045/61 1124/1045/61 
f 1124/1045/61 1127/1048/61 1131/1048/61 
f 1132/1049/21 1139/1049/21 1138/1050/21 
f 1138/1050/21 1133/1050/21 1132/1049/21 
f 1130/1045/38 1134/1046/38 1125/1046/38 
f 1125/1046/38 1124/1045/38 1130/1045/38 
f 1146/1052/21 1145/1051/21 1135/1051/21 
f 1135/1051/21 1137/1052/21 1146/1052/21 
f 1136/1041/38 1129/1042/38 1121/1042/38 
f 1121/1042/38 1120/1041/38 1136/1041/38 
f 1135/1051/60 1145/1051/60 1144/1055/60 
f 1144/1055/60 1142/1055/60 1135/1051/60 
f 1140/1053/61 1139/1049/61 1132/1049/61 
f 1132/1049/61 1143/1053/61 1140/1053/61 
f 1148/626/2 1149/627/1 1150/628/1 
f 1150/628/1 1151/625/2 1148/626/2 
f 1152/630/3 1153/629/3 1148/626/2 
f 1148/626/2 1151/625/2 1152/630/3 
f 1152/630/3 1154/631/4 1155/632/4 
f 1155/632/4 1153/629/3 1152/630/3 
f 1156/633/5 1157/634/5 1155/632/4 
f 1155/632/4 1154/631/4 1156/633/5 
f 1157/634/5 1156/633/5 1158/635/6 
f 1158/635/6 1159/636/6 1157/634/5 
f 1160/637/7 1161/638/7 1159/639/6 
f 1159/639/6 1158/640/6 1160/637/7 
f 1160/637/7 1162/641/8 1163/642/8 
f 1163/642/8 1161/638/7 1160/637/7 
f 1164/643/9 1165/644/9 1163/642/8 
f 1163/642/8 1162/641/8 1164/643/9 
f 1166/646/10 1165/644/9 1164/643/9 
f 1164/643/9 1167/645/10 1166/646/10 
f 1168/647/11 1169/648/11 1166/646/10 
f 1166/646/10 1167/645/10 1168/647/11 
f 1168/647/11 1170/649/12 1171/650/12 
f 1171/650/12 1169/648/11 1168/647/11 
f 1172/651/13 1173/652/13 1171/650/12 
f 1171/650/12 1170/649/12 1172/651/13 
f 1173/652/13 1172/651/13 1174/653/29 
f 1174/653/29 1175/654/29 1173/652/13 
f 1176/655/15 1177/656/15 1175/654/29 
f 1175/654/29 1174/653/29 1176/655/15 
f 1176/655/15 1178/657/16 1179/658/16 
f 1179/658/16 1177/656/15 1176/655/15 
f 1180/659/17 1181/660/17 1179/658/16 
f 1179/658/16 1178/657/16 1180/659/17 
f 1182/662/18 1181/660/17 1180/659/17 
f 1180/659/17 1183/661/18 1182/662/18 
f 1184/663/19 1185/664/19 1182/662/18 
f 1182/662/18 1183/661/18 1184/663/19 
f 1184/663/19 1186/665/20 1187/666/20 
f 1187/666/20 1185/664/19 1184/663/19 
f 1149/627/1 1187/666/20 1186/665/20 
f 1186/665/20 1150/628/1 1149/627/1 
f 1188/669/22 1148/670/22 1149/667/22 
f 1149/667/22 1189/668/22 1188/669/22 
f 1188/669/22 1190/671/21 1153/672/21 
f 1153/672/21 1148/670/22 1188/669/22 
f 1153/672/21 1190/671/21 1191/673/21 
f 1191/673/21 1155/674/21 1153/672/21 
f 1191/673/21 1192/675/21 1157/676/21 
f 1157/676/21 1155/674/21 1191/673/21 
f 1157/676/21 1192/675/21 1193/677/22 
f 1193/677/22 1159/678/22 1157/676/21 
f 1193/677/22 1194/679/22 1161/680/22 
f 1161/680/22 1159/678/22 1193/677/22 
f 1161/680/22 1194/679/22 1195/681/21 
f 1195/681/21 1163/682/21 1161/680/22 
f 1195/681/21 1196/683/21 1165/684/21 
f 1165/684/21 1163/682/21 1195/681/21 
f 1197/685/21 1166/686/21 1165/684/21 
f 1165/684/21 1196/683/21 1197/685/21 
f 1197/685/21 1198/687/21 1169/688/21 
f 1169/688/21 1166/686/21 1197/685/21 
f 1169/688/21 1198/687/21 1199/689/22 
f 1199/689/22 1171/690/22 1169/688/21 
f 1199/689/22 1200/691/22 1173/692/22 
f 1173/692/22 1171/690/22 1199/689/22 
f 1173/692/22 1200/691/22 1201/693/21 
f 1201/693/21 1175/694/21 1173/692/22 
f 1201/693/21 1202/695/21 1177/696/21 
f 1177/696/21 1175/694/21 1201/693/21 
f 1177/696/21 1202/695/21 1203/697/22 
f 1203/697/22 1179/698/22 1177/696/21 
f 1203/697/22 1204/699/22 1181/700/22 
f 1181/700/22 1179/698/22 1203/697/22 
f 1205/701/21 1182/702/21 1181/700/22 
f 1181/700/22 1204/699/22 1205/701/21 
f 1205/701/21 1206/703/21 1185/704/21 
f 1185/704/21 1182/702/21 1205/701/21 
f 1185/704/21 1206/703/21 1207/705/21 
f 1207/705/21 1187/706/21 1185/704/21 
f 1189/668/22 1149/667/22 1187/706/21 
f 1187/706/21 1207/705/21 1189/668/22 
f 1208/708/2 1209/709/1 1189/710/1 
f 1189/710/1 1188/707/2 1208/708/2 
f 1190/711/3 1210/712/3 1208/708/2 
f 1208/708/2 1188/707/2 1190/711/3 
f 1190/711/3 1191/713/4 1211/714/4 
f 1211/714/4 1210/712/3 1190/711/3 
f 1192/715/5 1212/716/5 1211/714/4 
f 1211/714/4 1191/713/4 1192/715/5 
f 1212/716/5 1192/715/5 1193/717/6 
f 1193/717/6 1213/718/6 1212/716/5 
f 1194/719/7 1214/720/7 1213/721/6 
f 1213/721/6 1193/722/6 1194/719/7 
f 1194/719/7 1195/724/8 1215/723/8 
f 1215/723/8 1214/720/7 1194/719/7 
f 1196/725/9 1216/726/9 1215/723/8 
f 1215/723/8 1195/724/8 1196/725/9 
f 1217/728/10 1216/726/9 1196/725/9 
f 1196/725/9 1197/727/10 1217/728/10 
f 1198/729/11 1218/730/11 1217/728/10 
f 1217/728/10 1197/727/10 1198/729/11 
f 1198/729/11 1199/731/12 1219/732/12 
f 1219/732/12 1218/730/11 1198/729/11 
f 1200/733/13 1220/734/13 1219/732/12 
f 1219/732/12 1199/731/12 1200/733/13 
f 1220/734/13 1200/733/13 1201/735/29 
f 1201/735/29 1221/736/29 1220/734/13 
f 1202/737/15 1222/738/15 1221/736/29 
f 1221/736/29 1201/735/29 1202/737/15 
f 1202/737/15 1203/739/16 1223/740/16 
f 1223/740/16 1222/738/15 1202/737/15 
f 1204/741/17 1224/742/17 1223/740/16 
f 1223/740/16 1203/739/16 1204/741/17 
f 1225/744/18 1224/742/17 1204/741/17 
f 1204/741/17 1205/743/18 1225/744/18 
f 1206/746/19 1226/745/19 1225/744/18 
f 1225/744/18 1205/743/18 1206/746/19 
f 1206/746/19 1207/747/20 1227/748/20 
f 1227/748/20 1226/745/19 1206/746/19 
f 1209/709/1 1227/748/20 1207/747/20 
f 1207/747/20 1189/710/1 1209/709/1 
f 1228/752/21 1209/749/21 1208/750/21 
f 1208/750/21 1229/751/21 1228/752/21 
f 1210/753/21 1230/754/21 1229/751/21 
f 1229/751/21 1208/750/21 1210/753/21 
f 1210/753/21 1211/755/21 1231/756/21 
f 1231/756/21 1230/754/21 1210/753/21 
f 1212/757/21 1232/758/21 1231/756/21 
f 1231/756/21 1211/755/21 1212/757/21 
f 1233/760/21 1232/758/21 1212/757/21 
f 1212/757/21 1213/759/21 1233/760/21 
f 1214/761/21 1234/762/21 1233/760/21 
f 1233/760/21 1213/759/21 1214/761/21 
f 1214/761/21 1215/763/22 1235/764/22 
f 1235/764/22 1234/762/21 1214/761/21 
f 1216/765/22 1236/766/22 1235/764/22 
f 1235/764/22 1215/763/22 1216/765/22 
f 1236/766/22 1216/765/22 1217/767/21 
f 1217/767/21 1237/768/21 1236/766/22 
f 1218/769/21 1238/770/21 1237/768/21 
f 1237/768/21 1217/767/21 1218/769/21 
f 1218/769/21 1219/771/22 1239/772/22 
f 1239/772/22 1238/770/21 1218/769/21 
f 1220/774/22 1240/773/22 1239/772/22 
f 1239/772/22 1219/771/22 1220/774/22 
f 1241/775/22 1240/773/22 1220/774/22 
f 1220/774/22 1221/776/22 1241/775/22 
f 1222/778/21 1242/777/21 1241/775/22 
f 1241/775/22 1221/776/22 1222/778/21 
f 1222/778/21 1223/779/21 1243/780/21 
f 1243/780/21 1242/777/21 1222/778/21 
f 1224/781/22 1244/782/22 1243/780/21 
f 1243/780/21 1223/779/21 1224/781/22 
f 1244/782/22 1224/781/22 1225/783/22 
f 1225/783/22 1245/784/22 1244/782/22 
f 1226/785/21 1246/786/21 1245/784/22 
f 1245/784/22 1225/783/22 1226/785/21 
f 1226/785/21 1227/787/21 1247/788/21 
f 1247/788/21 1246/786/21 1226/785/21 
f 1228/752/21 1247/788/21 1227/787/21 
f 1227/787/21 1209/749/21 1228/752/21 
f 1229/792/2 1248/789/2 1249/790/1 
f 1249/790/1 1228/791/1 1229/792/2 
f 1250/794/3 1248/789/2 1229/792/2 
f 1229/792/2 1230/793/3 1250/794/3 
f 1251/796/24 1250/794/3 1230/793/3 
f 1230/793/3 1231/795/4 1251/796/24 
f 1252/798/5 1251/796/24 1231/795/4 
f 1231/795/4 1232/797/5 1252/798/5 
f 1253/800/6 1252/798/5 1232/797/5 
f 1232/797/5 1233/799/6 1253/800/6 
f 1254/803/25 1253/804/6 1233/801/6 
f 1233/801/6 1234/802/7 1254/803/25 
f 1254/803/25 1234/802/7 1235/805/117 
f 1235/805/117 1255/806/8 1254/803/25 
f 1256/808/9 1255/806/8 1235/805/117 
f 1235/805/117 1236/807/26 1256/808/9 
f 1237/809/10 1257/810/10 1256/808/9 
f 1256/808/9 1236/807/26 1237/809/10 
f 1258/812/11 1257/810/10 1237/809/10 
f 1237/809/10 1238/811/11 1258/812/11 
f 1259/814/27 1258/812/11 1238/811/11 
f 1238/811/11 1239/813/27 1259/814/27 
f 1259/814/27 1239/813/27 1240/815/28 
f 1240/815/28 1260/816/28 1259/814/27 
f 1261/818/35 1260/816/28 1240/815/28 
f 1240/815/28 1241/817/29 1261/818/35 
f 1262/820/15 1261/818/35 1241/817/29 
f 1241/817/29 1242/819/15 1262/820/15 
f 1262/820/15 1242/819/15 1243/821/16 
f 1243/821/16 1263/822/16 1262/820/15 
f 1264/823/31 1263/822/16 1243/821/16 
f 1243/821/16 1244/824/17 1264/823/31 
f 1245/825/18 1265/826/18 1264/823/31 
f 1264/823/31 1244/824/17 1245/825/18 
f 1266/828/19 1265/826/18 1245/825/18 
f 1245/825/18 1246/827/19 1266/828/19 
f 1247/829/20 1267/830/20 1266/828/19 
f 1266/828/19 1246/827/19 1247/829/20 
f 1247/829/20 1228/791/1 1249/790/1 
f 1249/790/1 1267/830/20 1247/829/20 
f 1268/208/21 1269/831/21 1270/210/21 
f 1270/210/21 1271/832/21 1268/208/21 
f 1268/208/21 1272/211/21 1273/212/21 
f 1273/212/21 1269/831/21 1268/208/21 
f 1273/212/21 1272/211/21 1274/213/21 
f 1274/213/21 1275/214/21 1273/212/21 
f 1274/213/21 1276/833/21 1277/216/21 
f 1277/216/21 1275/214/21 1274/213/21 
f 1277/216/21 1276/833/21 1278/834/21 
f 1278/834/21 1279/218/21 1277/216/21 
f 1278/834/21 1280/219/21 1281/220/21 
f 1281/220/21 1279/218/21 1278/834/21 
f 1281/220/21 1280/219/21 1282/221/21 
f 1282/221/21 1283/222/21 1281/220/21 
f 1282/221/21 1284/835/21 1285/223/21 
f 1285/223/21 1283/222/21 1282/221/21 
f 1286/225/21 1287/836/21 1285/223/21 
f 1285/223/21 1284/835/21 1286/225/21 
f 1286/225/21 1288/227/22 1289/837/22 
f 1289/837/22 1287/836/21 1286/225/21 
f 1289/837/22 1288/227/22 1290/229/21 
f 1290/229/21 1291/838/21 1289/837/22 
f 1290/229/21 1292/839/21 1293/840/21 
f 1293/840/21 1291/838/21 1290/229/21 
f 1293/840/21 1292/839/21 1294/233/21 
f 1294/233/21 1295/841/21 1293/840/21 
f 1294/233/21 1296/842/21 1297/236/21 
f 1297/236/21 1295/841/21 1294/233/21 
f 1297/236/21 1296/842/21 1298/237/21 
f 1298/237/21 1299/238/21 1297/236/21 
f 1298/237/21 1300/239/22 1301/240/22 
f 1301/240/22 1299/238/21 1298/237/21 
f 1302/843/21 1303/242/21 1301/240/22 
f 1301/240/22 1300/239/22 1302/843/21 
f 1302/843/21 1304/243/21 1305/844/21 
f 1305/844/21 1303/242/21 1302/843/21 
f 1305/844/21 1304/243/21 1306/245/21 
f 1306/245/21 1307/246/21 1305/844/21 
f 1271/832/21 1270/210/21 1307/246/21 
f 1307/246/21 1306/245/21 1271/832/21 
f 1308/845/2 1309/846/1 1271/847/1 
f 1271/847/1 1268/848/2 1308/845/2 
f 1272/850/3 1310/849/3 1308/845/2 
f 1308/845/2 1268/848/2 1272/850/3 
f 1272/850/3 1274/851/4 1311/852/4 
f 1311/852/4 1310/849/3 1272/850/3 
f 1276/853/5 1312/854/5 1311/852/4 
f 1311/852/4 1274/851/4 1276/853/5 
f 1313/856/6 1312/854/5 1276/853/5 
f 1276/853/5 1278/855/6 1313/856/6 
f 1280/858/7 1314/859/7 1313/860/6 
f 1313/860/6 1278/857/6 1280/858/7 
f 1280/858/7 1282/861/8 1315/862/8 
f 1315/862/8 1314/859/7 1280/858/7 
f 1284/864/9 1316/863/9 1315/862/8 
f 1315/862/8 1282/861/8 1284/864/9 
f 1317/865/10 1316/863/9 1284/864/9 
f 1284/864/9 1286/866/10 1317/865/10 
f 1288/868/11 1318/867/11 1317/865/10 
f 1317/865/10 1286/866/10 1288/868/11 
f 1288/868/11 1290/869/12 1319/870/12 
f 1319/870/12 1318/867/11 1288/868/11 
f 1292/871/13 1320/872/13 1319/870/12 
f 1319/870/12 1290/869/12 1292/871/13 
f 1292/871/13 1294/873/29 1321/874/29 
f 1321/874/29 1320/872/13 1292/871/13 
f 1296/875/15 1322/876/15 1321/874/29 
f 1321/874/29 1294/873/29 1296/875/15 
f 1298/877/16 1323/878/16 1322/876/15 
f 1322/876/15 1296/875/15 1298/877/16 
f 1300/880/17 1324/879/17 1323/878/16 
f 1323/878/16 1298/877/16 1300/880/17 
f 1325/881/18 1324/879/17 1300/880/17 
f 1300/880/17 1302/882/18 1325/881/18 
f 1302/882/18 1304/884/19 1326/883/19 
f 1326/883/19 1325/881/18 1302/882/18 
f 1306/885/20 1327/886/20 1326/883/19 
f 1326/883/19 1304/884/19 1306/885/20 
f 1309/846/1 1327/886/20 1306/885/20 
f 1306/885/20 1271/847/1 1309/846/1 
f 1297/890/15 1328/887/15 1329/888/16 
f 1329/888/16 1299/889/16 1297/890/15 
f 1297/890/15 1295/891/14 1330/892/35 
f 1330/892/35 1328/887/15 1297/890/15 
f 1331/894/13 1330/892/35 1295/891/14 
f 1295/891/14 1293/893/13 1331/894/13 
f 1293/893/13 1291/895/27 1332/896/27 
f 1332/896/27 1331/894/13 1293/893/13 
f 1291/895/27 1289/898/36 1333/897/36 
f 1333/897/36 1332/896/27 1291/895/27 
f 1289/898/36 1287/899/37 1334/900/37 
f 1334/900/37 1333/897/36 1289/898/36 
f 1285/902/9 1335/901/9 1334/900/37 
f 1334/900/37 1287/899/37 1285/902/9 
f 1285/902/9 1283/903/8 1336/904/8 
f 1336/904/8 1335/901/9 1285/902/9 
f 1281/905/7 1337/906/25 1336/904/8 
f 1336/904/8 1283/903/8 1281/905/7 
f 1279/907/6 1338/908/6 1337/906/25 
f 1337/906/25 1281/905/7 1279/907/6 
f 1339/912/5 1338/909/6 1279/910/6 
f 1279/910/6 1277/911/5 1339/912/5 
f 1275/913/4 1340/914/24 1339/912/5 
f 1339/912/5 1277/911/5 1275/913/4 
f 1275/913/4 1273/916/3 1341/915/3 
f 1341/915/3 1340/914/24 1275/913/4 
f 1269/917/2 1342/918/2 1341/915/3 
f 1341/915/3 1273/916/3 1269/917/2 
f 1270/920/1 1343/919/1 1342/918/2 
f 1342/918/2 1269/917/2 1270/920/1 
f 1343/919/1 1270/920/1 1307/921/20 
f 1307/921/20 1344/922/20 1343/919/1 
f 1307/921/20 1305/924/19 1345/923/19 
f 1345/923/19 1344/922/20 1307/921/20 
f 1305/924/19 1303/925/18 1346/926/18 
f 1346/926/18 1345/923/19 1305/924/19 
f 1346/926/18 1303/925/18 1301/927/17 
f 1301/927/17 1347/928/31 1346/926/18 
f 1299/889/16 1329/888/16 1347/928/31 
f 1347/928/31 1301/927/17 1299/889/16 
f 1261/818/35 1330/892/35 1331/894/13 
f 1331/894/13 1260/816/28 1261/818/35 
f 1259/814/27 1260/816/28 1331/894/13 
f 1331/894/13 1332/896/27 1259/814/27 
f 1259/814/27 1332/896/27 1333/897/36 
f 1333/897/36 1258/812/11 1259/814/27 
f 1257/810/10 1258/812/11 1333/897/36 
f 1333/897/36 1334/900/37 1257/810/10 
f 1257/810/10 1334/900/37 1335/901/9 
f 1335/901/9 1256/808/9 1257/810/10 
f 1255/806/8 1256/808/9 1335/901/9 
f 1335/901/9 1336/904/8 1255/806/8 
f 1255/806/8 1336/904/8 1337/906/25 
f 1337/906/25 1254/803/25 1255/806/8 
f 1251/796/24 1340/914/24 1341/915/3 
f 1341/915/3 1250/794/3 1251/796/24 
f 1248/789/2 1250/794/3 1341/915/3 
f 1341/915/3 1342/918/2 1248/789/2 
f 1248/789/2 1342/918/2 1343/919/1 
f 1343/919/1 1249/790/1 1248/789/2 
f 1267/830/20 1249/790/1 1343/919/1 
f 1343/919/1 1344/922/20 1267/830/20 
f 1267/830/20 1344/922/20 1345/923/19 
f 1345/923/19 1266/828/19 1267/830/20 
f 1265/826/18 1266/828/19 1345/923/19 
f 1345/923/19 1346/926/18 1265/826/18 
f 1265/826/18 1346/926/18 1347/928/31 
f 1347/928/31 1264/823/31 1265/826/18 
f 1348/931/21 1349/932/22 1328/929/22 
f 1328/929/22 1329/930/21 1348/931/21 
f 1350/933/22 1330/934/22 1328/929/22 
f 1328/929/22 1349/932/22 1350/933/22 
f 1337/906/38 1338/908/38 1351/908/38 
f 1351/908/38 1352/906/38 1337/906/38 
f 1339/912/38 1353/912/38 1351/909/38 
f 1351/909/38 1338/909/38 1339/912/38 
f 1339/912/38 1340/914/38 1354/914/38 
f 1354/914/38 1353/912/38 1339/912/38 
f 1348/931/21 1329/930/21 1347/935/21 
f 1347/935/21 1355/936/21 1348/931/21 
f 1262/939/21 1263/940/21 1356/937/21 
f 1356/937/21 1357/938/21 1262/939/21 
f 1350/941/19 1330/942/19 1261/943/19 
f 1261/943/19 1358/944/19 1350/941/19 
f 1262/939/21 1357/938/21 1358/945/21 
f 1358/945/21 1261/946/21 1262/939/21 
f 1352/906/2 1359/803/2 1254/803/2 
f 1254/803/2 1337/906/2 1352/906/2 
f 1254/803/21 1359/803/21 1360/804/21 
f 1360/804/21 1253/804/21 1254/803/21 
f 1252/798/22 1253/800/21 1360/800/21 
f 1360/800/21 1361/798/22 1252/798/22 
f 1354/914/9 1340/914/9 1251/796/9 
f 1251/796/9 1362/796/9 1354/914/9 
f 1252/798/22 1361/798/22 1362/796/22 
f 1362/796/22 1251/796/22 1252/798/22 
f 1355/947/2 1347/948/2 1264/949/2 
f 1264/949/2 1363/950/2 1355/947/2 
f 1356/937/21 1263/940/21 1264/951/21 
f 1264/951/21 1363/952/21 1356/937/21 
f 1364/965/21 1365/964/21 1366/953/21 
f 1366/953/21 1367/954/21 1368/955/21 
f 1368/955/21 1369/956/21 1370/957/21 
f 1366/953/21 1368/955/21 1370/957/21 
f 1364/965/21 1366/953/21 1370/957/21 
f 1371/958/21 1372/959/21 1373/960/21 
f 1370/957/21 1371/958/21 1373/960/21 
f 1364/965/21 1370/957/21 1373/960/21 
f 1364/965/21 1373/960/21 1374/961/21 
f 1374/961/21 1375/962/21 1376/963/21 
f 1376/963/21 1377/966/21 1378/967/21 
f 1374/961/21 1376/963/21 1378/967/21 
f 1364/965/21 1374/961/21 1378/967/21 
f 1379/968/21 1380/969/21 1381/970/21 
f 1378/967/21 1379/968/21 1381/970/21 
f 1364/965/21 1378/967/21 1381/970/21 
f 1364/965/21 1381/970/21 1382/971/21 
f 1364/965/21 1382/971/21 1383/972/21 
f 1364/973/97 1365/974/98 1384/375/21 
f 1365/974/98 1366/975/99 1384/375/21 
f 1366/975/99 1367/976/100 1384/375/21 
f 1367/976/100 1368/977/101 1384/375/21 
f 1368/977/101 1369/978/102 1384/375/21 
f 1369/978/102 1370/979/103 1384/375/21 
f 1370/979/103 1371/980/104 1384/375/21 
f 1371/980/104 1372/981/105 1384/375/21 
f 1372/981/105 1373/982/106 1384/375/21 
f 1373/982/106 1374/983/107 1384/375/21 
f 1374/983/107 1375/984/108 1384/375/21 
f 1375/984/108 1376/985/109 1384/375/21 
f 1376/985/109 1377/986/110 1384/375/21 
f 1377/986/110 1378/987/111 1384/375/21 
f 1378/987/111 1379/988/112 1384/375/21 
f 1379/988/112 1380/989/113 1384/375/21 
f 1380/989/113 1381/990/114 1384/375/21 
f 1381/990/114 1382/991/115 1384/375/21 
f 1382/991/115 1383/992/116 1384/375/21 
f 1383/992/116 1364/973/97 1384/375/21 
f 1385/1027/59 1386/1028/59 1387/1057/59 
f 1387/1057/59 1388/1058/59 1385/1027/59 
f 1389/1032/59 1390/1059/59 1391/1060/59 
f 1391/1060/59 1392/1031/59 1389/1032/59 
f 1393/1027/59 1394/1032/59 1395/1031/59 
f 1395/1031/59 1396/1028/59 1393/1027/59 
f 1397/1033/59 1395/1031/59 1398/1060/59 
f 1398/1060/59 1399/1061/59 1397/1033/59 
f 1395/1031/59 1397/1033/59 1400/1035/59 
f 1400/1035/59 1396/1028/59 1395/1031/59 
f 1401/1057/59 1396/1028/59 1400/1035/59 
f 1400/1035/59 1402/1062/59 1401/1057/59 
f 1403/1033/59 1404/1061/59 1405/1063/59 
f 1405/1063/59 1406/1038/59 1403/1033/59 
f 1407/1039/59 1400/1035/59 1397/1033/59 
f 1397/1033/59 1408/1038/59 1407/1039/59 
f 1409/1039/59 1410/1064/59 1411/1062/59 
f 1411/1062/59 1412/1035/59 1409/1039/59 
f 1396/1028/60 1386/1028/60 1385/1027/60 
f 1385/1027/60 1393/1027/60 1396/1028/60 
f 1392/1031/61 1395/1031/61 1394/1032/61 
f 1394/1032/61 1389/1032/61 1392/1031/61 
f 1397/1033/38 1399/1061/38 1404/1061/38 
f 1404/1061/38 1403/1033/38 1397/1033/38 
f 1391/1060/21 1398/1060/21 1395/1031/21 
f 1395/1031/21 1392/1031/21 1391/1060/21 
f 1402/1062/38 1400/1035/38 1412/1035/38 
f 1412/1035/38 1411/1062/38 1402/1062/38 
f 1396/1028/21 1401/1057/21 1387/1057/21 
f 1387/1057/21 1386/1028/21 1396/1028/21 
f 1407/1039/60 1409/1039/60 1412/1035/60 
f 1412/1035/60 1400/1035/60 1407/1039/60 
f 1408/1038/61 1397/1033/61 1403/1033/61 
f 1403/1033/61 1406/1038/61 1408/1038/61 
f 1413/1041/59 1414/1042/59 1415/1043/59 
f 1415/1043/59 1416/1044/59 1413/1041/59 
f 1417/1047/59 1418/1048/59 1419/1045/59 
f 1419/1045/59 1420/1046/59 1417/1047/59 
f 1421/1043/59 1422/1042/59 1423/1045/59 
f 1423/1045/59 1424/1048/59 1421/1043/59 
f 1425/1050/59 1426/1046/59 1423/1045/59 
f 1423/1045/59 1427/1049/59 1425/1050/59 
f 1423/1045/59 1422/1042/59 1428/1051/59 
f 1428/1051/59 1427/1049/59 1423/1045/59 
f 1429/1041/59 1430/1052/59 1428/1051/59 
f 1428/1051/59 1422/1042/59 1429/1041/59 
f 1431/1049/59 1432/1053/59 1433/1054/59 
f 1433/1054/59 1434/1050/59 1431/1049/59 
f 1435/1055/59 1436/1053/59 1427/1049/59 
f 1427/1049/59 1428/1051/59 1435/1055/59 
f 1437/1052/59 1438/1056/59 1439/1055/59 
f 1439/1055/59 1440/1051/59 1437/1052/59 
f 1415/1043/60 1414/1042/60 1422/1042/60 
f 1422/1042/60 1421/1043/60 1415/1043/60 
f 1424/1048/61 1423/1045/61 1419/1045/61 
f 1419/1045/61 1418/1048/61 1424/1048/61 
f 1427/1049/21 1431/1049/21 1434/1050/21 
f 1434/1050/21 1425/1050/21 1427/1049/21 
f 1423/1045/38 1426/1046/38 1420/1046/38 
f 1420/1046/38 1419/1045/38 1423/1045/38 
f 1430/1052/21 1437/1052/21 1440/1051/21 
f 1440/1051/21 1428/1051/21 1430/1052/21 
f 1413/1041/38 1429/1041/38 1422/1042/38 
f 1422/1042/38 1414/1042/38 1413/1041/38 
f 1440/1051/60 1439/1055/60 1435/1055/60 
f 1435/1055/60 1428/1051/60 1440/1051/60 
f 1436/1053/61 1432/1053/61 1431/1049/61 
f 1431/1049/61 1427/1049/61 1436/1053/61 
# 2268 faces

