# 3ds Max Wavefront OBJ Exporter v0.99 - (c)2007 guruware
# File Created: 22.11.2022 18:47:38

#
# object Castle_Exterior
#

v  -0.2571 7.1543 23.6661
v  0.7796 7.3218 23.6661
v  -2.5605 7.3218 23.6661
v  -2.5605 7.1543 23.6661
v  0.7796 8.5495 23.6661
v  0.7796 8.5495 19.0849
v  -2.5605 8.5495 19.0849
v  -2.5605 8.5495 23.6661
v  -2.5605 7.3218 19.0849
v  -2.5605 7.1543 19.0849
v  -0.2571 7.1543 19.0849
v  0.7796 7.3218 19.0849
v  -18.9818 7.1543 19.0849
v  -18.9818 7.3218 19.0849
v  -18.9818 8.5495 19.0849
v  -18.9818 8.5495 23.6661
v  -18.9818 7.3218 23.6661
v  -18.9818 7.1543 23.6661
v  -1.1589 6.7548 23.6661
v  -2.5605 6.7548 23.6661
v  -1.1589 6.7548 19.0849
v  -2.5605 6.7548 19.0849
v  -18.9818 6.7548 19.0849
v  -18.9818 6.7548 23.6661
v  -1.8858 6.1180 23.6661
v  -2.5605 6.1180 23.6661
v  -1.8858 6.1180 19.0849
v  -2.5605 6.1180 19.0849
v  -18.9818 6.1180 19.0849
v  -18.9818 6.1180 23.6661
v  -2.3475 5.3188 23.6661
v  -2.5605 5.3188 23.6661
v  -2.3475 5.3188 19.0849
v  -2.5605 5.3188 19.0849
v  -18.9818 5.3188 19.0849
v  -18.9818 5.3188 23.6661
v  -2.5039 4.4448 23.6661
v  -2.5605 4.4448 23.6661
v  -2.5605 0.0000 23.6661
v  -2.5186 0.0000 23.6661
v  -2.5039 4.4448 19.0849
v  -2.5186 0.0000 19.0849
v  -2.5605 4.4448 19.0849
v  -2.5605 0.0000 19.0849
v  -18.9818 4.4448 19.0849
v  -18.9818 0.0000 19.0849
v  -18.9818 4.4448 23.6661
v  -18.9818 0.0000 23.6661
v  4.0998 7.3218 23.6661
v  1.7964 7.1543 23.6661
v  4.0998 7.1543 23.6661
v  4.0998 8.5495 19.0849
v  4.0998 8.5495 23.6661
v  4.0998 7.3218 19.0849
v  1.7964 7.1543 19.0849
v  4.0998 7.1543 19.0849
v  20.4894 7.1543 19.0849
v  20.4894 7.3218 19.0849
v  20.4894 8.5495 19.0849
v  20.4894 8.5495 23.6661
v  20.4894 7.3218 23.6661
v  20.4894 7.1543 23.6661
v  2.6983 6.7548 23.6661
v  4.0998 6.7548 23.6661
v  2.6983 6.7548 19.0849
v  4.0998 6.7548 19.0849
v  20.4894 6.7548 19.0849
v  20.4894 6.7548 23.6661
v  3.4252 6.1180 23.6661
v  4.0998 6.1180 23.6661
v  3.4252 6.1180 19.0849
v  4.0998 6.1180 19.0849
v  20.4894 6.1180 19.0849
v  20.4894 6.1180 23.6661
v  3.8869 5.3188 23.6661
v  4.0998 5.3188 23.6661
v  3.8869 5.3188 19.0849
v  4.0998 5.3188 19.0849
v  20.4894 5.3188 19.0849
v  20.4894 5.3188 23.6661
v  4.0432 4.4448 23.6661
v  4.0579 0.0000 23.6661
v  4.0998 0.0000 23.6661
v  4.0998 4.4448 23.6661
v  4.0432 4.4448 19.0849
v  4.0579 0.0000 19.0849
v  4.0998 4.4448 19.0849
v  4.0998 0.0000 19.0849
v  20.4894 4.4448 19.0849
v  20.4894 0.0000 19.0849
v  20.4894 0.0000 23.6661
v  20.4894 4.4448 23.6661
v  -19.4268 0.1240 18.8764
v  -19.4268 9.4824 18.8764
v  -18.6450 9.4824 20.0464
v  -18.6450 0.1240 20.0464
v  -20.5967 0.1240 18.0946
v  -20.5967 9.4824 18.0946
v  -21.9769 0.1240 17.8201
v  -21.9769 9.4824 17.8201
v  -23.3570 0.1240 18.0946
v  -23.3570 9.4824 18.0946
v  -24.5270 0.1240 18.8764
v  -24.5270 9.4824 18.8764
v  -25.3088 0.1240 20.0464
v  -25.3088 9.4824 20.0464
v  -25.5833 0.1240 21.4266
v  -25.5833 9.4824 21.4266
v  -25.3088 0.1240 22.8067
v  -25.3088 9.4824 22.8067
v  -24.5270 0.1240 23.9767
v  -24.5270 9.4824 23.9767
v  -23.3570 0.1240 24.7585
v  -23.3570 9.4824 24.7585
v  -21.9769 0.1240 25.0329
v  -21.9769 9.4824 25.0329
v  -20.5967 0.1240 24.7585
v  -20.5967 9.4824 24.7585
v  -19.4268 0.1240 23.9767
v  -19.4268 9.4824 23.9767
v  -18.6450 0.1240 22.8067
v  -18.6450 9.4824 22.8067
v  -18.3705 0.1240 21.4266
v  -18.3705 9.4824 21.4266
v  -19.1293 10.1752 18.5789
v  -20.4357 10.1752 17.7059
v  -21.9769 10.1752 17.3994
v  -23.5180 10.1752 17.7059
v  -24.8245 10.1752 18.5789
v  -25.6975 10.1752 19.8854
v  -26.0040 10.1752 21.4266
v  -25.6975 10.1752 22.9677
v  -24.8245 10.1752 24.2741
v  -23.5180 10.1752 25.1471
v  -21.9769 10.1752 25.4537
v  -20.4357 10.1752 25.1471
v  -19.1293 10.1752 24.2741
v  -18.2563 10.1752 22.9677
v  -17.9497 10.1752 21.4266
v  -18.2563 10.1752 19.8854
v  -18.2563 9.4824 19.8854
v  -19.1293 9.4824 18.5789
v  -20.4357 9.4824 17.7059
v  -21.9769 9.4824 17.3994
v  -23.5180 9.4824 17.7059
v  -24.8245 9.4824 18.5789
v  -25.6975 9.4824 19.8854
v  -26.0040 9.4824 21.4266
v  -25.6975 9.4824 22.9677
v  -24.8245 9.4824 24.2741
v  -23.5180 9.4824 25.1471
v  -21.9769 9.4824 25.4537
v  -20.4357 9.4824 25.1471
v  -19.1293 9.4824 24.2741
v  -18.2563 9.4824 22.9677
v  -17.9497 9.4824 21.4266
v  -19.8955 0.0000 -31.3128
v  -19.8955 8.5339 -31.3128
v  -19.8955 8.5339 19.1284
v  -19.8955 0.0000 19.1284
v  -24.6845 8.5339 -31.3128
v  -24.6845 8.5339 19.1284
v  -24.6845 0.0000 19.1284
v  -24.6845 0.0000 -31.3128
v  25.7998 0.0000 -31.3128
v  25.7998 8.5339 -31.3128
v  25.7998 8.5339 19.1284
v  25.7998 0.0000 19.1284
v  21.0108 8.5339 -31.3128
v  21.0108 8.5339 19.1284
v  21.0108 0.0000 19.1284
v  21.0108 0.0000 -31.3128
v  25.8880 0.1240 18.8764
v  25.8880 9.4824 18.8764
v  26.6698 9.4824 20.0464
v  26.6698 0.1240 20.0464
v  24.7180 0.1240 18.0946
v  24.7180 9.4824 18.0946
v  23.3379 0.1240 17.8201
v  23.3379 9.4824 17.8201
v  21.9578 0.1240 18.0946
v  21.9578 9.4824 18.0946
v  20.7878 0.1240 18.8764
v  20.7878 9.4824 18.8764
v  20.0060 0.1240 20.0464
v  20.0060 9.4824 20.0464
v  19.7314 0.1240 21.4266
v  19.7314 9.4824 21.4266
v  20.0060 0.1240 22.8067
v  20.0060 9.4824 22.8067
v  20.7878 0.1240 23.9767
v  20.7878 9.4824 23.9767
v  21.9578 0.1240 24.7585
v  21.9578 9.4824 24.7585
v  23.3379 0.1240 25.0329
v  23.3379 9.4824 25.0329
v  24.7180 0.1240 24.7585
v  24.7180 9.4824 24.7585
v  25.8880 0.1240 23.9767
v  25.8880 9.4824 23.9767
v  26.6698 0.1240 22.8067
v  26.6698 9.4824 22.8067
v  26.9443 0.1240 21.4266
v  26.9443 9.4824 21.4266
v  26.1855 10.1752 18.5789
v  24.8790 10.1752 17.7059
v  23.3379 10.1752 17.3994
v  21.7967 10.1752 17.7059
v  20.4902 10.1752 18.5789
v  19.6172 10.1752 19.8854
v  19.3107 10.1752 21.4266
v  19.6172 10.1752 22.9677
v  20.4902 10.1752 24.2741
v  21.7967 10.1752 25.1471
v  23.3379 10.1752 25.4537
v  24.8790 10.1752 25.1471
v  26.1855 10.1752 24.2741
v  27.0585 10.1752 22.9677
v  27.3650 10.1752 21.4266
v  27.0585 10.1752 19.8854
v  27.0585 9.4824 19.8854
v  26.1855 9.4824 18.5789
v  24.8790 9.4824 17.7059
v  23.3379 9.4824 17.3994
v  21.7967 9.4824 17.7059
v  20.4902 9.4824 18.5789
v  19.6172 9.4824 19.8854
v  19.3107 9.4824 21.4266
v  19.6172 9.4824 22.9677
v  20.4902 9.4824 24.2741
v  21.7967 9.4824 25.1471
v  23.3379 9.4824 25.4537
v  24.8790 9.4824 25.1471
v  26.1855 9.4824 24.2741
v  27.0585 9.4824 22.9677
v  27.3650 9.4824 21.4266
v  25.8880 0.1240 -35.8356
v  25.8880 9.4824 -35.8356
v  26.6698 9.4824 -34.6656
v  26.6698 0.1240 -34.6656
v  24.7180 0.1240 -36.6174
v  24.7180 9.4824 -36.6174
v  23.3379 0.1240 -36.8919
v  23.3379 9.4824 -36.8919
v  21.9578 0.1240 -36.6174
v  21.9578 9.4824 -36.6174
v  20.7878 0.1240 -35.8356
v  20.7878 9.4824 -35.8356
v  20.0060 0.1240 -34.6656
v  20.0060 9.4824 -34.6656
v  19.7314 0.1240 -33.2855
v  19.7314 9.4824 -33.2855
v  20.0060 0.1240 -31.9054
v  20.0060 9.4824 -31.9054
v  20.7878 0.1240 -30.7354
v  20.7878 9.4824 -30.7354
v  21.9578 0.1240 -29.9536
v  21.9578 9.4824 -29.9536
v  23.3379 0.1240 -29.6791
v  23.3379 9.4824 -29.6791
v  24.7180 0.1240 -29.9536
v  24.7180 9.4824 -29.9536
v  25.8880 0.1240 -30.7354
v  25.8880 9.4824 -30.7354
v  26.6698 0.1240 -31.9054
v  26.6698 9.4824 -31.9054
v  26.9443 0.1240 -33.2855
v  26.9443 9.4824 -33.2855
v  26.1855 10.1752 -36.1331
v  24.8790 10.1752 -37.0061
v  23.3379 10.1752 -37.3126
v  21.7967 10.1752 -37.0061
v  20.4902 10.1752 -36.1331
v  19.6172 10.1752 -34.8266
v  19.3107 10.1752 -33.2855
v  19.6172 10.1752 -31.7443
v  20.4902 10.1752 -30.4379
v  21.7967 10.1752 -29.5649
v  23.3379 10.1752 -29.2583
v  24.8790 10.1752 -29.5649
v  26.1855 10.1752 -30.4379
v  27.0585 10.1752 -31.7443
v  27.3650 10.1752 -33.2855
v  27.0585 10.1752 -34.8266
v  27.0585 9.4824 -34.8266
v  26.1855 9.4824 -36.1331
v  24.8790 9.4824 -37.0061
v  23.3379 9.4824 -37.3126
v  21.7967 9.4824 -37.0061
v  20.4902 9.4824 -36.1331
v  19.6172 9.4824 -34.8266
v  19.3107 9.4824 -33.2855
v  19.6172 9.4824 -31.7443
v  20.4902 9.4824 -30.4379
v  21.7967 9.4824 -29.5649
v  23.3379 9.4824 -29.2583
v  24.8790 9.4824 -29.5649
v  26.1855 9.4824 -30.4379
v  27.0585 9.4824 -31.7443
v  27.3650 9.4824 -33.2855
v  21.6837 8.5339 -36.0847
v  -20.5762 8.5339 -36.0847
v  -20.5762 0.0000 -36.0847
v  21.6837 0.0000 -36.0847
v  -20.5762 8.5339 -31.2957
v  21.6837 8.5339 -31.2957
v  -20.5762 0.0000 -31.2957
v  21.6837 0.0000 -31.2957
v  -24.8275 10.1094 24.0429
v  -24.8275 10.9167 24.0429
v  -25.3259 10.9167 23.3397
v  -25.3259 10.1094 23.3397
v  -24.3884 10.9167 23.7316
v  -24.8868 10.9167 23.0284
v  -24.3884 10.1094 23.7316
v  -24.8868 10.1094 23.0284
v  -25.6125 10.1094 22.7335
v  -25.6125 10.9167 22.7335
v  -25.8147 10.9167 21.8956
v  -25.8147 10.1094 21.8956
v  -25.0892 10.9167 22.6072
v  -25.2914 10.9167 21.7693
v  -25.0892 10.1094 22.6072
v  -25.2914 10.1094 21.7693
v  -25.8423 10.1094 21.1938
v  -25.8423 10.9167 21.1938
v  -25.6893 10.9167 20.3455
v  -25.6893 10.1094 20.3455
v  -25.3126 10.9167 21.2893
v  -25.1596 10.9167 20.4411
v  -25.3126 10.1094 21.2893
v  -25.1596 10.1094 20.4411
v  -25.4298 10.1094 19.7012
v  -25.4298 10.9167 19.7012
v  -24.9692 10.9167 18.9726
v  -24.9692 10.1094 18.9726
v  -24.9747 10.9167 19.9888
v  -24.5142 10.9167 19.2603
v  -24.9747 10.1094 19.9888
v  -24.5142 10.1094 19.2603
v  -24.4864 10.1094 18.4719
v  -24.4864 10.9167 18.4719
v  -23.7695 10.9167 17.9934
v  -23.7695 10.1094 17.9934
v  -24.1875 10.9167 18.9196
v  -23.4706 10.9167 18.4411
v  -24.1875 10.1094 18.9196
v  -23.4706 10.1094 18.4411
v  -23.3308 10.1094 17.7722
v  -23.3308 10.9167 17.7722
v  -22.4871 10.9167 17.5954
v  -22.4871 10.1094 17.5954
v  -23.2204 10.9167 18.2990
v  -22.3767 10.9167 18.1223
v  -23.2204 10.1094 18.2990
v  -22.3767 10.1094 18.1223
v  -21.9993 10.1094 17.5828
v  -21.9993 10.9167 17.5828
v  -21.1401 10.9167 17.6524
v  -21.1401 10.1094 17.6524
v  -22.0427 10.9167 18.1194
v  -21.1836 10.9167 18.1889
v  -22.0427 10.1094 18.1194
v  -21.1836 10.1094 18.1889
v  -20.6157 10.1094 17.7871
v  -20.6157 10.9167 17.7871
v  -19.8426 10.9167 18.1684
v  -19.8426 10.1094 18.1684
v  -20.8538 10.9167 18.2699
v  -20.0808 10.9167 18.6512
v  -20.8538 10.1094 18.2699
v  -20.0808 10.1094 18.6512
v  -19.3051 10.1094 18.5950
v  -19.3051 10.9167 18.5950
v  -18.7509 10.9167 19.2553
v  -18.7509 10.1094 19.2553
v  -19.7174 10.9167 18.9411
v  -19.1632 10.9167 19.6013
v  -19.7174 10.1094 18.9411
v  -19.1632 10.1094 19.6013
v  -18.4115 10.1094 19.8530
v  -18.4115 10.9167 19.8530
v  -18.1519 10.9167 20.6749
v  -18.1519 10.1094 20.6749
v  -18.9248 10.9167 20.0151
v  -18.6652 10.9167 20.8370
v  -18.9248 10.1094 20.0151
v  -18.6652 10.1094 20.8370
v  -18.0810 10.1094 21.3809
v  -18.0810 10.9167 21.3809
v  -18.1702 10.9167 22.2382
v  -18.1702 10.1094 22.2382
v  -18.6165 10.9167 21.3252
v  -18.7056 10.9167 22.1825
v  -18.6165 10.1094 21.3252
v  -18.7056 10.1094 22.1825
v  -18.3774 10.1094 22.8936
v  -18.3774 10.9167 22.8936
v  -18.7971 10.9167 23.6465
v  -18.7971 10.1094 23.6465
v  -18.8475 10.9167 22.6315
v  -19.2673 10.9167 23.3843
v  -18.8475 10.1094 22.6315
v  -19.2673 10.1094 23.3843
v  -19.2290 10.1094 24.1798
v  -19.2290 10.9167 24.1798
v  -19.9152 10.9167 24.7014
v  -19.9152 10.1094 24.7014
v  -19.5548 10.9167 23.7512
v  -20.2410 10.9167 24.2729
v  -19.5548 10.1094 23.7512
v  -20.2410 10.1094 24.2729
v  -20.5292 10.1094 25.0134
v  -20.5292 10.9167 25.0134
v  -21.3597 10.9167 25.2438
v  -21.3597 10.1094 25.2438
v  -20.6730 10.9167 24.4947
v  -21.5036 10.9167 24.7250
v  -20.6730 10.1094 24.4947
v  -21.5036 10.1094 24.7250
v  -22.0471 10.1094 25.2921
v  -22.0471 10.9167 25.2921
v  -22.9008 10.9167 25.1737
v  -22.9008 10.1094 25.1737
v  -21.9731 10.9167 24.7589
v  -22.8269 10.9167 24.6405
v  -21.9731 10.1094 24.7589
v  -22.8269 10.1094 24.6405
v  -23.5475 10.1094 24.9431
v  -23.5475 10.9167 24.9431
v  -24.2908 10.9167 24.5066
v  -24.2908 10.1094 24.5066
v  -23.2749 10.9167 24.4789
v  -24.0182 10.9167 24.0424
v  -23.2749 10.1094 24.4789
v  -24.0182 10.1094 24.0424
v  24.7856 10.1094 25.0134
v  24.7856 10.9167 25.0134
v  23.9550 10.9167 25.2438
v  23.9550 10.1094 25.2438
v  24.6417 10.9167 24.4947
v  23.8111 10.9167 24.7250
v  24.6417 10.1094 24.4947
v  23.8111 10.1094 24.7250
v  23.2677 10.1094 25.2921
v  23.2677 10.9167 25.2921
v  22.4139 10.9167 25.1737
v  22.4139 10.1094 25.1737
v  23.3416 10.9167 24.7589
v  22.4879 10.9167 24.6405
v  23.3416 10.1094 24.7589
v  22.4879 10.1094 24.6405
v  21.7673 10.1094 24.9431
v  21.7673 10.9167 24.9431
v  21.0240 10.9167 24.5066
v  21.0240 10.1094 24.5066
v  22.0398 10.9167 24.4789
v  21.2965 10.9167 24.0424
v  22.0398 10.1094 24.4789
v  21.2965 10.1094 24.0424
v  20.4872 10.1094 24.0429
v  20.4872 10.9167 24.0429
v  19.9888 10.9167 23.3397
v  19.9888 10.1094 23.3397
v  20.9264 10.9167 23.7316
v  20.4280 10.9167 23.0284
v  20.9264 10.1094 23.7316
v  20.4280 10.1094 23.0284
v  19.7023 10.1094 22.7335
v  19.7023 10.9167 22.7335
v  19.5001 10.9167 21.8956
v  19.5001 10.1094 21.8956
v  20.2256 10.9167 22.6072
v  20.0234 10.9167 21.7693
v  20.2256 10.1094 22.6072
v  20.0234 10.1094 21.7693
v  19.4724 10.1094 21.1938
v  19.4724 10.9167 21.1938
v  19.6254 10.9167 20.3455
v  19.6254 10.1094 20.3455
v  20.0022 10.9167 21.2893
v  20.1552 10.9167 20.4411
v  20.0022 10.1094 21.2893
v  20.1552 10.1094 20.4411
v  19.8850 10.1094 19.7012
v  19.8850 10.9167 19.7012
v  20.3456 10.9167 18.9726
v  20.3456 10.1094 18.9726
v  20.3400 10.9167 19.9888
v  20.8006 10.9167 19.2603
v  20.3400 10.1094 19.9888
v  20.8006 10.1094 19.2603
v  20.8284 10.1094 18.4719
v  20.8284 10.9167 18.4719
v  21.5453 10.9167 17.9934
v  21.5453 10.1094 17.9934
v  21.1273 10.9167 18.9196
v  21.8442 10.9167 18.4411
v  21.1273 10.1094 18.9196
v  21.8442 10.1094 18.4411
v  21.9840 10.1094 17.7722
v  21.9840 10.9167 17.7722
v  22.8276 10.9167 17.5954
v  22.8276 10.1094 17.5954
v  22.0944 10.9167 18.2990
v  22.9380 10.9167 18.1223
v  22.0944 10.1094 18.2990
v  22.9380 10.1094 18.1223
v  23.3155 10.1094 17.5828
v  23.3155 10.9167 17.5828
v  24.1746 10.9167 17.6524
v  24.1746 10.1094 17.6524
v  23.2720 10.9167 18.1194
v  24.1312 10.9167 18.1889
v  23.2720 10.1094 18.1194
v  24.1312 10.1094 18.1889
v  24.6991 10.1094 17.7871
v  24.6991 10.9167 17.7871
v  25.4721 10.9167 18.1684
v  25.4721 10.1094 18.1684
v  24.4610 10.9167 18.2699
v  25.2340 10.9167 18.6512
v  24.4610 10.1094 18.2699
v  25.2340 10.1094 18.6512
v  26.0097 10.1094 18.5950
v  26.0097 10.9167 18.5950
v  26.5638 10.9167 19.2553
v  26.5638 10.1094 19.2553
v  25.5974 10.9167 18.9411
v  26.1515 10.9167 19.6013
v  25.5974 10.1094 18.9411
v  26.1515 10.1094 19.6013
v  26.9033 10.1094 19.8530
v  26.9033 10.9167 19.8530
v  27.1629 10.9167 20.6749
v  27.1629 10.1094 20.6749
v  26.3900 10.9167 20.0151
v  26.6496 10.9167 20.8370
v  26.3900 10.1094 20.0151
v  26.6496 10.1094 20.8370
v  27.2337 10.1094 21.3809
v  27.2337 10.9167 21.3809
v  27.1446 10.9167 22.2382
v  27.1446 10.1094 22.2382
v  26.6983 10.9167 21.3252
v  26.6092 10.9167 22.1825
v  26.6983 10.1094 21.3252
v  26.6092 10.1094 22.1825
v  26.9374 10.1094 22.8936
v  26.9374 10.9167 22.8936
v  26.5176 10.9167 23.6465
v  26.5176 10.1094 23.6465
v  26.4672 10.9167 22.6315
v  26.0475 10.9167 23.3843
v  26.4672 10.1094 22.6315
v  26.0475 10.1094 23.3843
v  26.0858 10.1094 24.1798
v  26.0858 10.9167 24.1798
v  25.3996 10.9167 24.7014
v  25.3996 10.1094 24.7014
v  25.7600 10.9167 23.7512
v  25.0738 10.9167 24.2729
v  25.7600 10.1094 23.7512
v  25.0738 10.1094 24.2729
v  -19.4152 0.1240 -35.7988
v  -19.4152 9.4824 -35.7988
v  -18.6334 9.4824 -34.6288
v  -18.6334 0.1240 -34.6288
v  -20.5852 0.1240 -36.5806
v  -20.5852 9.4824 -36.5806
v  -21.9653 0.1240 -36.8551
v  -21.9653 9.4824 -36.8551
v  -23.3454 0.1240 -36.5806
v  -23.3454 9.4824 -36.5806
v  -24.5154 0.1240 -35.7988
v  -24.5154 9.4824 -35.7988
v  -25.2972 0.1240 -34.6288
v  -25.2972 9.4824 -34.6288
v  -25.5717 0.1240 -33.2487
v  -25.5717 9.4824 -33.2487
v  -25.2972 0.1240 -31.8685
v  -25.2972 9.4824 -31.8685
v  -24.5154 0.1240 -30.6986
v  -24.5154 9.4824 -30.6986
v  -23.3454 0.1240 -29.9168
v  -23.3454 9.4824 -29.9168
v  -21.9653 0.1240 -29.6423
v  -21.9653 9.4824 -29.6423
v  -20.5852 0.1240 -29.9168
v  -20.5852 9.4824 -29.9168
v  -19.4152 0.1240 -30.6986
v  -19.4152 9.4824 -30.6986
v  -18.6334 0.1240 -31.8685
v  -18.6334 9.4824 -31.8685
v  -18.3589 0.1240 -33.2487
v  -18.3589 9.4824 -33.2487
v  -19.1177 10.1752 -36.0963
v  -20.4242 10.1752 -36.9693
v  -21.9653 10.1752 -37.2758
v  -23.5064 10.1752 -36.9693
v  -24.8130 10.1752 -36.0963
v  -25.6859 10.1752 -34.7898
v  -25.9925 10.1752 -33.2487
v  -25.6859 10.1752 -31.7075
v  -24.8130 10.1752 -30.4011
v  -23.5064 10.1752 -29.5281
v  -21.9653 10.1752 -29.2215
v  -20.4242 10.1752 -29.5281
v  -19.1177 10.1752 -30.4011
v  -18.2447 10.1752 -31.7075
v  -17.9381 10.1752 -33.2487
v  -18.2447 10.1752 -34.7898
v  -18.2447 9.4824 -34.7898
v  -19.1177 9.4824 -36.0963
v  -20.4242 9.4824 -36.9693
v  -21.9653 9.4824 -37.2758
v  -23.5064 9.4824 -36.9693
v  -24.8130 9.4824 -36.0963
v  -25.6859 9.4824 -34.7898
v  -25.9925 9.4824 -33.2487
v  -25.6859 9.4824 -31.7075
v  -24.8130 9.4824 -30.4011
v  -23.5064 9.4824 -29.5281
v  -21.9653 9.4824 -29.2215
v  -20.4242 9.4824 -29.5281
v  -19.1177 9.4824 -30.4011
v  -18.2447 9.4824 -31.7075
v  -17.9381 9.4824 -33.2487
v  -25.4182 10.1094 -34.9740
v  -25.4182 10.9167 -34.9740
v  -24.9576 10.9167 -35.7026
v  -24.9576 10.1094 -35.7026
v  -24.9632 10.9167 -34.6864
v  -24.5026 10.9167 -35.4150
v  -24.9632 10.1094 -34.6864
v  -24.5026 10.1094 -35.4150
v  -24.4748 10.1094 -36.2033
v  -24.4748 10.9167 -36.2033
v  -23.7579 10.9167 -36.6819
v  -23.7579 10.1094 -36.6819
v  -24.1759 10.9167 -35.7556
v  -23.4590 10.9167 -36.2342
v  -24.1759 10.1094 -35.7556
v  -23.4590 10.1094 -36.2342
v  -23.3192 10.1094 -36.9030
v  -23.3192 10.9167 -36.9030
v  -22.4756 10.9167 -37.0798
v  -22.4756 10.1094 -37.0798
v  -23.2088 10.9167 -36.3762
v  -22.3652 10.9167 -36.5529
v  -23.2088 10.1094 -36.3762
v  -22.3652 10.1094 -36.5529
v  -21.9877 10.1094 -37.0924
v  -21.9877 10.9167 -37.0924
v  -21.1286 10.9167 -37.0228
v  -21.1286 10.1094 -37.0228
v  -22.0312 10.9167 -36.5559
v  -21.1720 10.9167 -36.4863
v  -22.0312 10.1094 -36.5559
v  -21.1720 10.1094 -36.4863
v  -20.6041 10.1094 -36.8881
v  -20.6041 10.9167 -36.8881
v  -19.8311 10.9167 -36.5068
v  -19.8311 10.1094 -36.5068
v  -20.8422 10.9167 -36.4054
v  -20.0692 10.9167 -36.0241
v  -20.8422 10.1094 -36.4054
v  -20.0692 10.1094 -36.0241
v  -19.2935 10.1094 -36.0802
v  -19.2935 10.9167 -36.0802
v  -18.7394 10.9167 -35.4200
v  -18.7394 10.1094 -35.4200
v  -19.7058 10.9167 -35.7341
v  -19.1517 10.9167 -35.0739
v  -19.7058 10.1094 -35.7341
v  -19.1517 10.1094 -35.0739
v  -18.3999 10.1094 -34.8223
v  -18.3999 10.9167 -34.8223
v  -18.1403 10.9167 -34.0003
v  -18.1403 10.1094 -34.0003
v  -18.9132 10.9167 -34.6602
v  -18.6536 10.9167 -33.8382
v  -18.9132 10.1094 -34.6602
v  -18.6536 10.1094 -33.8382
v  -18.0695 10.1094 -33.2944
v  -18.0695 10.9167 -33.2944
v  -18.1586 10.9167 -32.4370
v  -18.1586 10.1094 -32.4370
v  -18.6049 10.9167 -33.3500
v  -18.6940 10.9167 -32.4927
v  -18.6049 10.1094 -33.3500
v  -18.6940 10.1094 -32.4927
v  -18.3658 10.1094 -31.7816
v  -18.3658 10.9167 -31.7816
v  -18.7856 10.9167 -31.0288
v  -18.7856 10.1094 -31.0288
v  -18.8360 10.9167 -32.0438
v  -19.2557 10.9167 -31.2909
v  -18.8360 10.1094 -32.0438
v  -19.2557 10.1094 -31.2909
v  -19.2174 10.1094 -30.4954
v  -19.2174 10.9167 -30.4954
v  -19.9036 10.9167 -29.9738
v  -19.9036 10.1094 -29.9738
v  -19.5432 10.9167 -30.9240
v  -20.2294 10.9167 -30.4024
v  -19.5432 10.1094 -30.9240
v  -20.2294 10.1094 -30.4024
v  -20.5176 10.1094 -29.6619
v  -20.5176 10.9167 -29.6619
v  -21.3482 10.9167 -29.4315
v  -21.3482 10.1094 -29.4315
v  -20.6615 10.9167 -30.1806
v  -21.4921 10.9167 -29.9502
v  -20.6615 10.1094 -30.1806
v  -21.4921 10.1094 -29.9502
v  -22.0355 10.1094 -29.3831
v  -22.0355 10.9167 -29.3831
v  -22.8893 10.9167 -29.5015
v  -22.8893 10.1094 -29.5015
v  -21.9616 10.9167 -29.9163
v  -22.8153 10.9167 -30.0347
v  -21.9616 10.1094 -29.9163
v  -22.8153 10.1094 -30.0347
v  -23.5359 10.1094 -29.7322
v  -23.5359 10.9167 -29.7322
v  -24.2792 10.9167 -30.1686
v  -24.2792 10.1094 -30.1686
v  -23.2634 10.9167 -30.1964
v  -24.0067 10.9167 -30.6328
v  -23.2634 10.1094 -30.1964
v  -24.0067 10.1094 -30.6328
v  -24.8160 10.1094 -30.6323
v  -24.8160 10.9167 -30.6323
v  -25.3144 10.9167 -31.3356
v  -25.3144 10.1094 -31.3356
v  -24.3768 10.9167 -30.9436
v  -24.8752 10.9167 -31.6468
v  -24.3768 10.1094 -30.9436
v  -24.8752 10.1094 -31.6468
v  -25.6009 10.1094 -31.9417
v  -25.6009 10.9167 -31.9417
v  -25.8031 10.9167 -32.7796
v  -25.8031 10.1094 -32.7796
v  -25.0776 10.9167 -32.0680
v  -25.2798 10.9167 -32.9059
v  -25.0776 10.1094 -32.0680
v  -25.2798 10.1094 -32.9059
v  -25.8308 10.1094 -33.4814
v  -25.8308 10.9167 -33.4814
v  -25.6777 10.9167 -34.3297
v  -25.6777 10.1094 -34.3297
v  -25.3010 10.9167 -33.3859
v  -25.1480 10.9167 -34.2341
v  -25.3010 10.1094 -33.3859
v  -25.1480 10.1094 -34.2341
v  -23.8342 8.3583 -29.7213
v  -23.8342 9.5944 -29.7213
v  -23.8342 9.5944 -28.5879
v  -23.8342 8.3583 -28.5879
v  -24.4873 9.5944 -29.7213
v  -24.4873 9.5944 -28.5879
v  -24.4873 8.3583 -29.7213
v  -24.4873 8.3583 -28.5879
v  -23.8334 8.3629 -27.8805
v  -23.8334 9.5945 -27.8805
v  -23.8334 9.5945 -26.7513
v  -23.8334 8.3629 -26.7513
v  -24.4766 9.5945 -27.8805
v  -24.4766 9.5945 -26.7513
v  -24.4766 8.3629 -27.8805
v  -24.4766 8.3629 -26.7513
v  -23.8342 8.3583 -26.0201
v  -23.8342 9.5944 -26.0201
v  -23.8342 9.5944 -24.8868
v  -23.8342 8.3583 -24.8868
v  -24.4873 9.5944 -26.0201
v  -24.4873 9.5944 -24.8868
v  -24.4873 8.3583 -26.0201
v  -24.4873 8.3583 -24.8868
v  -23.8334 8.3629 -24.0835
v  -23.8334 9.5945 -24.0835
v  -23.8334 9.5945 -22.9543
v  -23.8334 8.3629 -22.9543
v  -24.4766 9.5945 -24.0835
v  -24.4766 9.5945 -22.9543
v  -24.4766 8.3629 -24.0835
v  -24.4766 8.3629 -22.9543
v  -23.8342 8.3583 -22.2232
v  -23.8342 9.5944 -22.2232
v  -23.8342 9.5944 -21.0898
v  -23.8342 8.3583 -21.0898
v  -24.4873 9.5944 -22.2232
v  -24.4873 9.5944 -21.0898
v  -24.4873 8.3583 -22.2232
v  -24.4873 8.3583 -21.0898
v  -23.8334 8.3629 -20.2865
v  -23.8334 9.5945 -20.2865
v  -23.8334 9.5945 -19.1573
v  -23.8334 8.3629 -19.1573
v  -24.4766 9.5945 -20.2865
v  -24.4766 9.5945 -19.1573
v  -24.4766 8.3629 -20.2865
v  -24.4766 8.3629 -19.1573
v  -23.8342 8.3583 -18.4261
v  -23.8342 9.5944 -18.4261
v  -23.8342 9.5944 -17.2928
v  -23.8342 8.3583 -17.2928
v  -24.4873 9.5944 -18.4261
v  -24.4873 9.5944 -17.2928
v  -24.4873 8.3583 -18.4261
v  -24.4873 8.3583 -17.2928
v  -23.8334 8.3629 -16.4895
v  -23.8334 9.5945 -16.4895
v  -23.8334 9.5945 -15.3603
v  -23.8334 8.3629 -15.3603
v  -24.4766 9.5945 -16.4895
v  -24.4766 9.5945 -15.3603
v  -24.4766 8.3629 -16.4895
v  -24.4766 8.3629 -15.3603
v  -23.8342 8.3583 -14.6291
v  -23.8342 9.5944 -14.6291
v  -23.8342 9.5944 -13.4958
v  -23.8342 8.3583 -13.4958
v  -24.4873 9.5944 -14.6291
v  -24.4873 9.5944 -13.4958
v  -24.4873 8.3583 -14.6291
v  -24.4873 8.3583 -13.4958
v  -23.8334 8.3629 -12.6925
v  -23.8334 9.5945 -12.6925
v  -23.8334 9.5945 -11.5633
v  -23.8334 8.3629 -11.5633
v  -24.4766 9.5945 -12.6925
v  -24.4766 9.5945 -11.5633
v  -24.4766 8.3629 -12.6925
v  -24.4766 8.3629 -11.5633
v  -23.8342 8.3583 -10.8321
v  -23.8342 9.5944 -10.8321
v  -23.8342 9.5944 -9.6988
v  -23.8342 8.3583 -9.6988
v  -24.4873 9.5944 -10.8321
v  -24.4873 9.5944 -9.6988
v  -24.4873 8.3583 -10.8321
v  -24.4873 8.3583 -9.6988
v  -23.8334 8.3629 -8.8955
v  -23.8334 9.5945 -8.8955
v  -23.8334 9.5945 -7.7663
v  -23.8334 8.3629 -7.7663
v  -24.4766 9.5945 -8.8955
v  -24.4766 9.5945 -7.7663
v  -24.4766 8.3629 -8.8955
v  -24.4766 8.3629 -7.7663
v  -23.8342 8.3583 -7.0351
v  -23.8342 9.5944 -7.0351
v  -23.8342 9.5944 -5.9018
v  -23.8342 8.3583 -5.9018
v  -24.4873 9.5944 -7.0351
v  -24.4873 9.5944 -5.9018
v  -24.4873 8.3583 -7.0351
v  -24.4873 8.3583 -5.9018
v  -23.8334 8.3629 -5.0985
v  -23.8334 9.5945 -5.0985
v  -23.8334 9.5945 -3.9693
v  -23.8334 8.3629 -3.9693
v  -24.4766 9.5945 -5.0985
v  -24.4766 9.5945 -3.9693
v  -24.4766 8.3629 -5.0985
v  -24.4766 8.3629 -3.9693
v  -23.8342 8.3583 -3.2381
v  -23.8342 9.5944 -3.2381
v  -23.8342 9.5944 -2.1048
v  -23.8342 8.3583 -2.1048
v  -24.4873 9.5944 -3.2381
v  -24.4873 9.5944 -2.1048
v  -24.4873 8.3583 -3.2381
v  -24.4873 8.3583 -2.1048
v  -23.8334 8.3629 -1.3015
v  -23.8334 9.5945 -1.3015
v  -23.8334 9.5945 -0.1723
v  -23.8334 8.3629 -0.1723
v  -24.4766 9.5945 -1.3015
v  -24.4766 9.5945 -0.1723
v  -24.4766 8.3629 -1.3015
v  -24.4766 8.3629 -0.1723
v  -23.8342 8.3583 0.5589
v  -23.8342 9.5944 0.5589
v  -23.8342 9.5944 1.6922
v  -23.8342 8.3583 1.6922
v  -24.4873 9.5944 0.5589
v  -24.4873 9.5944 1.6922
v  -24.4873 8.3583 0.5589
v  -24.4873 8.3583 1.6922
v  -23.8334 8.3629 2.4955
v  -23.8334 9.5945 2.4955
v  -23.8334 9.5945 3.6247
v  -23.8334 8.3629 3.6247
v  -24.4766 9.5945 2.4955
v  -24.4766 9.5945 3.6247
v  -24.4766 8.3629 2.4955
v  -24.4766 8.3629 3.6247
v  -23.8342 8.3583 4.3559
v  -23.8342 9.5944 4.3559
v  -23.8342 9.5944 5.4892
v  -23.8342 8.3583 5.4892
v  -24.4873 9.5944 4.3559
v  -24.4873 9.5944 5.4892
v  -24.4873 8.3583 4.3559
v  -24.4873 8.3583 5.4892
v  -23.8334 8.3629 6.2925
v  -23.8334 9.5945 6.2925
v  -23.8334 9.5945 7.4217
v  -23.8334 8.3629 7.4217
v  -24.4766 9.5945 6.2925
v  -24.4766 9.5945 7.4217
v  -24.4766 8.3629 6.2925
v  -24.4766 8.3629 7.4217
v  -23.8342 8.3583 8.1529
v  -23.8342 9.5944 8.1529
v  -23.8342 9.5944 9.2862
v  -23.8342 8.3583 9.2862
v  -24.4873 9.5944 8.1529
v  -24.4873 9.5944 9.2862
v  -24.4873 8.3583 8.1529
v  -24.4873 8.3583 9.2862
v  -23.8334 8.3629 10.0895
v  -23.8334 9.5945 10.0895
v  -23.8334 9.5945 11.2187
v  -23.8334 8.3629 11.2187
v  -24.4766 9.5945 10.0895
v  -24.4766 9.5945 11.2187
v  -24.4766 8.3629 10.0895
v  -24.4766 8.3629 11.2187
v  -23.8342 8.3583 11.9499
v  -23.8342 9.5944 11.9499
v  -23.8342 9.5944 13.0832
v  -23.8342 8.3583 13.0832
v  -24.4873 9.5944 11.9499
v  -24.4873 9.5944 13.0832
v  -24.4873 8.3583 11.9499
v  -24.4873 8.3583 13.0832
v  -23.8334 8.3629 13.8865
v  -23.8334 9.5945 13.8865
v  -23.8334 9.5945 15.0157
v  -23.8334 8.3629 15.0157
v  -24.4766 9.5945 13.8865
v  -24.4766 9.5945 15.0157
v  -24.4766 8.3629 13.8865
v  -24.4766 8.3629 15.0157
v  -23.8342 8.3583 15.7469
v  -23.8342 9.5944 15.7469
v  -23.8342 9.5944 16.8802
v  -23.8342 8.3583 16.8802
v  -24.4873 9.5944 15.7469
v  -24.4873 9.5944 16.8802
v  -24.4873 8.3583 15.7469
v  -24.4873 8.3583 16.8802
v  -20.1113 8.3583 15.7469
v  -20.1113 9.5944 15.7469
v  -20.1113 9.5944 16.8802
v  -20.1113 8.3583 16.8802
v  -20.7644 9.5944 15.7469
v  -20.7644 9.5944 16.8802
v  -20.7644 8.3583 15.7469
v  -20.7644 8.3583 16.8802
v  -20.1105 8.3629 13.8865
v  -20.1105 9.5945 13.8865
v  -20.1105 9.5945 15.0157
v  -20.1105 8.3629 15.0157
v  -20.7537 9.5945 13.8865
v  -20.7537 9.5945 15.0157
v  -20.7537 8.3629 13.8865
v  -20.7537 8.3629 15.0157
v  -20.1113 8.3583 11.9499
v  -20.1113 9.5944 11.9499
v  -20.1113 9.5944 13.0832
v  -20.1113 8.3583 13.0832
v  -20.7644 9.5944 11.9499
v  -20.7644 9.5944 13.0832
v  -20.7644 8.3583 11.9499
v  -20.7644 8.3583 13.0832
v  -20.1105 8.3629 10.0895
v  -20.1105 9.5945 10.0895
v  -20.1105 9.5945 11.2187
v  -20.1105 8.3629 11.2187
v  -20.7537 9.5945 10.0895
v  -20.7537 9.5945 11.2187
v  -20.7537 8.3629 10.0895
v  -20.7537 8.3629 11.2187
v  -20.1113 8.3583 8.1529
v  -20.1113 9.5944 8.1529
v  -20.1113 9.5944 9.2862
v  -20.1113 8.3583 9.2862
v  -20.7644 9.5944 8.1529
v  -20.7644 9.5944 9.2862
v  -20.7644 8.3583 8.1529
v  -20.7644 8.3583 9.2862
v  -20.1105 8.3629 6.2925
v  -20.1105 9.5945 6.2925
v  -20.1105 9.5945 7.4217
v  -20.1105 8.3629 7.4217
v  -20.7537 9.5945 6.2925
v  -20.7537 9.5945 7.4217
v  -20.7537 8.3629 6.2925
v  -20.7537 8.3629 7.4217
v  -20.1113 8.3583 4.3559
v  -20.1113 9.5944 4.3559
v  -20.1113 9.5944 5.4892
v  -20.1113 8.3583 5.4892
v  -20.7644 9.5944 4.3559
v  -20.7644 9.5944 5.4892
v  -20.7644 8.3583 4.3559
v  -20.7644 8.3583 5.4892
v  -20.1105 8.3629 2.4955
v  -20.1105 9.5945 2.4955
v  -20.1105 9.5945 3.6247
v  -20.1105 8.3629 3.6247
v  -20.7537 9.5945 2.4955
v  -20.7537 9.5945 3.6247
v  -20.7537 8.3629 2.4955
v  -20.7537 8.3629 3.6247
v  -20.1113 8.3583 0.5589
v  -20.1113 9.5944 0.5589
v  -20.1113 9.5944 1.6922
v  -20.1113 8.3583 1.6922
v  -20.7644 9.5944 0.5589
v  -20.7644 9.5944 1.6922
v  -20.7644 8.3583 0.5589
v  -20.7644 8.3583 1.6922
v  -20.1105 8.3629 -1.3015
v  -20.1105 9.5945 -1.3015
v  -20.1105 9.5945 -0.1723
v  -20.1105 8.3629 -0.1723
v  -20.7537 9.5945 -1.3015
v  -20.7537 9.5945 -0.1723
v  -20.7537 8.3629 -1.3015
v  -20.7537 8.3629 -0.1723
v  -20.1113 8.3583 -3.2381
v  -20.1113 9.5944 -3.2381
v  -20.1113 9.5944 -2.1048
v  -20.1113 8.3583 -2.1048
v  -20.7644 9.5944 -3.2381
v  -20.7644 9.5944 -2.1048
v  -20.7644 8.3583 -3.2381
v  -20.7644 8.3583 -2.1048
v  -20.1105 8.3629 -5.0985
v  -20.1105 9.5945 -5.0985
v  -20.1105 9.5945 -3.9693
v  -20.1105 8.3629 -3.9693
v  -20.7537 9.5945 -5.0985
v  -20.7537 9.5945 -3.9693
v  -20.7537 8.3629 -5.0985
v  -20.7537 8.3629 -3.9693
v  -20.1113 8.3583 -7.0351
v  -20.1113 9.5944 -7.0351
v  -20.1113 9.5944 -5.9018
v  -20.1113 8.3583 -5.9018
v  -20.7644 9.5944 -7.0351
v  -20.7644 9.5944 -5.9018
v  -20.7644 8.3583 -7.0351
v  -20.7644 8.3583 -5.9018
v  -20.1105 8.3629 -8.8955
v  -20.1105 9.5945 -8.8955
v  -20.1105 9.5945 -7.7663
v  -20.1105 8.3629 -7.7663
v  -20.7537 9.5945 -8.8955
v  -20.7537 9.5945 -7.7663
v  -20.7537 8.3629 -8.8955
v  -20.7537 8.3629 -7.7663
v  -20.1113 8.3583 -10.8321
v  -20.1113 9.5944 -10.8321
v  -20.1113 9.5944 -9.6988
v  -20.1113 8.3583 -9.6988
v  -20.7644 9.5944 -10.8321
v  -20.7644 9.5944 -9.6988
v  -20.7644 8.3583 -10.8321
v  -20.7644 8.3583 -9.6988
v  -20.1105 8.3629 -12.6925
v  -20.1105 9.5945 -12.6925
v  -20.1105 9.5945 -11.5633
v  -20.1105 8.3629 -11.5633
v  -20.7537 9.5945 -12.6925
v  -20.7537 9.5945 -11.5633
v  -20.7537 8.3629 -12.6925
v  -20.7537 8.3629 -11.5633
v  -20.1113 8.3583 -14.6291
v  -20.1113 9.5944 -14.6291
v  -20.1113 9.5944 -13.4958
v  -20.1113 8.3583 -13.4958
v  -20.7644 9.5944 -14.6291
v  -20.7644 9.5944 -13.4958
v  -20.7644 8.3583 -14.6291
v  -20.7644 8.3583 -13.4958
v  -20.1105 8.3629 -16.4895
v  -20.1105 9.5945 -16.4895
v  -20.1105 9.5945 -15.3603
v  -20.1105 8.3629 -15.3603
v  -20.7537 9.5945 -16.4895
v  -20.7537 9.5945 -15.3603
v  -20.7537 8.3629 -16.4895
v  -20.7537 8.3629 -15.3603
v  -20.1113 8.3583 -18.4261
v  -20.1113 9.5944 -18.4261
v  -20.1113 9.5944 -17.2928
v  -20.1113 8.3583 -17.2928
v  -20.7644 9.5944 -18.4261
v  -20.7644 9.5944 -17.2928
v  -20.7644 8.3583 -18.4261
v  -20.7644 8.3583 -17.2928
v  -20.1105 8.3629 -20.2865
v  -20.1105 9.5945 -20.2865
v  -20.1105 9.5945 -19.1573
v  -20.1105 8.3629 -19.1573
v  -20.7537 9.5945 -20.2865
v  -20.7537 9.5945 -19.1573
v  -20.7537 8.3629 -20.2865
v  -20.7537 8.3629 -19.1573
v  -20.1113 8.3583 -22.2232
v  -20.1113 9.5944 -22.2232
v  -20.1113 9.5944 -21.0898
v  -20.1113 8.3583 -21.0898
v  -20.7644 9.5944 -22.2232
v  -20.7644 9.5944 -21.0898
v  -20.7644 8.3583 -22.2232
v  -20.7644 8.3583 -21.0898
v  -20.1105 8.3629 -23.8982
v  -20.1105 9.5945 -23.8982
v  -20.1105 9.5945 -22.7691
v  -20.1105 8.3629 -22.7691
v  -20.7537 9.5945 -23.8982
v  -20.7537 9.5945 -22.7691
v  -20.7537 8.3629 -23.8982
v  -20.7537 8.3629 -22.7691
v  -16.6174 8.3583 -35.2016
v  -16.6174 9.5944 -35.2016
v  -17.7507 9.5944 -35.2016
v  -17.7507 8.3583 -35.2016
v  -16.6174 9.5944 -35.8548
v  -17.7507 9.5944 -35.8548
v  -16.6174 8.3583 -35.8548
v  -17.7507 8.3583 -35.8548
v  -14.7464 8.3583 -35.2016
v  -14.7464 9.5944 -35.2016
v  -15.8797 9.5944 -35.2016
v  -15.8797 8.3583 -35.2016
v  -14.7464 9.5944 -35.8548
v  -15.8797 9.5944 -35.8548
v  -14.7464 8.3583 -35.8548
v  -15.8797 8.3583 -35.8548
v  -12.8754 8.3583 -35.2016
v  -12.8754 9.5944 -35.2016
v  -14.0087 9.5944 -35.2016
v  -14.0087 8.3583 -35.2016
v  -12.8754 9.5944 -35.8548
v  -14.0087 9.5944 -35.8548
v  -12.8754 8.3583 -35.8548
v  -14.0087 8.3583 -35.8548
v  -11.0044 8.3583 -35.2016
v  -11.0044 9.5944 -35.2016
v  -12.1377 9.5944 -35.2016
v  -12.1377 8.3583 -35.2016
v  -11.0044 9.5944 -35.8548
v  -12.1377 9.5944 -35.8548
v  -11.0044 8.3583 -35.8548
v  -12.1377 8.3583 -35.8548
v  -9.1334 8.3583 -35.2016
v  -9.1334 9.5944 -35.2016
v  -10.2667 9.5944 -35.2016
v  -10.2667 8.3583 -35.2016
v  -9.1334 9.5944 -35.8548
v  -10.2667 9.5944 -35.8548
v  -9.1334 8.3583 -35.8548
v  -10.2667 8.3583 -35.8548
v  -7.2624 8.3583 -35.2016
v  -7.2624 9.5944 -35.2016
v  -8.3957 9.5944 -35.2016
v  -8.3957 8.3583 -35.2016
v  -7.2624 9.5944 -35.8548
v  -8.3957 9.5944 -35.8548
v  -7.2624 8.3583 -35.8548
v  -8.3957 8.3583 -35.8548
v  -5.3914 8.3583 -35.2016
v  -5.3914 9.5944 -35.2016
v  -6.5247 9.5944 -35.2016
v  -6.5247 8.3583 -35.2016
v  -5.3914 9.5944 -35.8548
v  -6.5247 9.5944 -35.8548
v  -5.3914 8.3583 -35.8548
v  -6.5247 8.3583 -35.8548
v  -3.5204 8.3583 -35.2016
v  -3.5204 9.5944 -35.2016
v  -4.6537 9.5944 -35.2016
v  -4.6537 8.3583 -35.2016
v  -3.5204 9.5944 -35.8548
v  -4.6537 9.5944 -35.8548
v  -3.5204 8.3583 -35.8548
v  -4.6537 8.3583 -35.8548
v  -1.6494 8.3583 -35.2016
v  -1.6494 9.5944 -35.2016
v  -2.7827 9.5944 -35.2016
v  -2.7827 8.3583 -35.2016
v  -1.6494 9.5944 -35.8548
v  -2.7827 9.5944 -35.8548
v  -1.6494 8.3583 -35.8548
v  -2.7827 8.3583 -35.8548
v  0.2216 8.3583 -35.2016
v  0.2216 9.5944 -35.2016
v  -0.9117 9.5944 -35.2016
v  -0.9117 8.3583 -35.2016
v  0.2216 9.5944 -35.8548
v  -0.9117 9.5944 -35.8548
v  0.2216 8.3583 -35.8548
v  -0.9117 8.3583 -35.8548
v  2.0926 8.3583 -35.2016
v  2.0926 9.5944 -35.2016
v  0.9593 9.5944 -35.2016
v  0.9593 8.3583 -35.2016
v  2.0926 9.5944 -35.8548
v  0.9593 9.5944 -35.8548
v  2.0926 8.3583 -35.8548
v  0.9593 8.3583 -35.8548
v  3.9636 8.3583 -35.2016
v  3.9636 9.5944 -35.2016
v  2.8303 9.5944 -35.2016
v  2.8303 8.3583 -35.2016
v  3.9636 9.5944 -35.8548
v  2.8303 9.5944 -35.8548
v  3.9636 8.3583 -35.8548
v  2.8303 8.3583 -35.8548
v  5.8346 8.3583 -35.2016
v  5.8346 9.5944 -35.2016
v  4.7013 9.5944 -35.2016
v  4.7013 8.3583 -35.2016
v  5.8346 9.5944 -35.8548
v  4.7013 9.5944 -35.8548
v  5.8346 8.3583 -35.8548
v  4.7013 8.3583 -35.8548
v  7.7056 8.3583 -35.2016
v  7.7056 9.5944 -35.2016
v  6.5723 9.5944 -35.2016
v  6.5723 8.3583 -35.2016
v  7.7056 9.5944 -35.8548
v  6.5723 9.5944 -35.8548
v  7.7056 8.3583 -35.8548
v  6.5723 8.3583 -35.8548
v  9.5766 8.3583 -35.2016
v  9.5766 9.5944 -35.2016
v  8.4433 9.5944 -35.2016
v  8.4433 8.3583 -35.2016
v  9.5766 9.5944 -35.8548
v  8.4433 9.5944 -35.8548
v  9.5766 8.3583 -35.8548
v  8.4433 8.3583 -35.8548
v  11.4476 8.3583 -35.2016
v  11.4476 9.5944 -35.2016
v  10.3143 9.5944 -35.2016
v  10.3143 8.3583 -35.2016
v  11.4476 9.5944 -35.8548
v  10.3143 9.5944 -35.8548
v  11.4476 8.3583 -35.8548
v  10.3143 8.3583 -35.8548
v  13.3186 8.3583 -35.2016
v  13.3186 9.5944 -35.2016
v  12.1853 9.5944 -35.2016
v  12.1853 8.3583 -35.2016
v  13.3186 9.5944 -35.8548
v  12.1853 9.5944 -35.8548
v  13.3186 8.3583 -35.8548
v  12.1853 8.3583 -35.8548
v  15.1896 8.3583 -35.2016
v  15.1896 9.5944 -35.2016
v  14.0563 9.5944 -35.2016
v  14.0563 8.3583 -35.2016
v  15.1896 9.5944 -35.8548
v  14.0563 9.5944 -35.8548
v  15.1896 8.3583 -35.8548
v  14.0563 8.3583 -35.8548
v  17.0606 8.3583 -35.2016
v  17.0606 9.5944 -35.2016
v  15.9273 9.5944 -35.2016
v  15.9273 8.3583 -35.2016
v  17.0606 9.5944 -35.8548
v  15.9273 9.5944 -35.8548
v  17.0606 8.3583 -35.8548
v  15.9273 8.3583 -35.8548
v  18.9316 8.3583 -35.2016
v  18.9316 9.5944 -35.2016
v  17.7983 9.5944 -35.2016
v  17.7983 8.3583 -35.2016
v  18.9316 9.5944 -35.8548
v  17.7983 9.5944 -35.8548
v  18.9316 8.3583 -35.8548
v  17.7983 8.3583 -35.8548
v  18.9316 8.3583 -31.5438
v  18.9316 9.5944 -31.5438
v  17.7983 9.5944 -31.5438
v  17.7983 8.3583 -31.5438
v  18.9316 9.5944 -32.1969
v  17.7983 9.5944 -32.1969
v  18.9316 8.3583 -32.1969
v  17.7983 8.3583 -32.1969
v  17.0606 8.3583 -31.5438
v  17.0606 9.5944 -31.5438
v  15.9273 9.5944 -31.5438
v  15.9273 8.3583 -31.5438
v  17.0606 9.5944 -32.1969
v  15.9273 9.5944 -32.1969
v  17.0606 8.3583 -32.1969
v  15.9273 8.3583 -32.1969
v  15.1896 8.3583 -31.5438
v  15.1896 9.5944 -31.5438
v  14.0563 9.5944 -31.5438
v  14.0563 8.3583 -31.5438
v  15.1896 9.5944 -32.1969
v  14.0563 9.5944 -32.1969
v  15.1896 8.3583 -32.1969
v  14.0563 8.3583 -32.1969
v  13.3186 8.3583 -31.5438
v  13.3186 9.5944 -31.5438
v  12.1853 9.5944 -31.5438
v  12.1853 8.3583 -31.5438
v  13.3186 9.5944 -32.1969
v  12.1853 9.5944 -32.1969
v  13.3186 8.3583 -32.1969
v  12.1853 8.3583 -32.1969
v  11.4476 8.3583 -31.5438
v  11.4476 9.5944 -31.5438
v  10.3143 9.5944 -31.5438
v  10.3143 8.3583 -31.5438
v  11.4476 9.5944 -32.1969
v  10.3143 9.5944 -32.1969
v  11.4476 8.3583 -32.1969
v  10.3143 8.3583 -32.1969
v  9.5766 8.3583 -31.5438
v  9.5766 9.5944 -31.5438
v  8.4433 9.5944 -31.5438
v  8.4433 8.3583 -31.5438
v  9.5766 9.5944 -32.1969
v  8.4433 9.5944 -32.1969
v  9.5766 8.3583 -32.1969
v  8.4433 8.3583 -32.1969
v  7.7056 8.3583 -31.5438
v  7.7056 9.5944 -31.5438
v  6.5723 9.5944 -31.5438
v  6.5723 8.3583 -31.5438
v  7.7056 9.5944 -32.1969
v  6.5723 9.5944 -32.1969
v  7.7056 8.3583 -32.1969
v  6.5723 8.3583 -32.1969
v  5.8346 8.3583 -31.5438
v  5.8346 9.5944 -31.5438
v  4.7013 9.5944 -31.5438
v  4.7013 8.3583 -31.5438
v  5.8346 9.5944 -32.1969
v  4.7013 9.5944 -32.1969
v  5.8346 8.3583 -32.1969
v  4.7013 8.3583 -32.1969
v  3.9636 8.3583 -31.5438
v  3.9636 9.5944 -31.5438
v  2.8303 9.5944 -31.5438
v  2.8303 8.3583 -31.5438
v  3.9636 9.5944 -32.1969
v  2.8303 9.5944 -32.1969
v  3.9636 8.3583 -32.1969
v  2.8303 8.3583 -32.1969
v  2.0926 8.3583 -31.5438
v  2.0926 9.5944 -31.5438
v  0.9593 9.5944 -31.5438
v  0.9593 8.3583 -31.5438
v  2.0926 9.5944 -32.1969
v  0.9593 9.5944 -32.1969
v  2.0926 8.3583 -32.1969
v  0.9593 8.3583 -32.1969
v  0.2216 8.3583 -31.5438
v  0.2216 9.5944 -31.5438
v  -0.9117 9.5944 -31.5438
v  -0.9117 8.3583 -31.5438
v  0.2216 9.5944 -32.1969
v  -0.9117 9.5944 -32.1969
v  0.2216 8.3583 -32.1969
v  -0.9117 8.3583 -32.1969
v  -1.6494 8.3583 -31.5438
v  -1.6494 9.5944 -31.5438
v  -2.7827 9.5944 -31.5438
v  -2.7827 8.3583 -31.5438
v  -1.6494 9.5944 -32.1969
v  -2.7827 9.5944 -32.1969
v  -1.6494 8.3583 -32.1969
v  -2.7827 8.3583 -32.1969
v  -3.5204 8.3583 -31.5438
v  -3.5204 9.5944 -31.5438
v  -4.6537 9.5944 -31.5438
v  -4.6537 8.3583 -31.5438
v  -3.5204 9.5944 -32.1969
v  -4.6537 9.5944 -32.1969
v  -3.5204 8.3583 -32.1969
v  -4.6537 8.3583 -32.1969
v  -5.3914 8.3583 -31.5438
v  -5.3914 9.5944 -31.5438
v  -6.5247 9.5944 -31.5438
v  -6.5247 8.3583 -31.5438
v  -5.3914 9.5944 -32.1969
v  -6.5247 9.5944 -32.1969
v  -5.3914 8.3583 -32.1969
v  -6.5247 8.3583 -32.1969
v  -7.2624 8.3583 -31.5438
v  -7.2624 9.5944 -31.5438
v  -8.3957 9.5944 -31.5438
v  -8.3957 8.3583 -31.5438
v  -7.2624 9.5944 -32.1969
v  -8.3957 9.5944 -32.1969
v  -7.2624 8.3583 -32.1969
v  -8.3957 8.3583 -32.1969
v  -9.1334 8.3583 -31.5438
v  -9.1334 9.5944 -31.5438
v  -10.2667 9.5944 -31.5438
v  -10.2667 8.3583 -31.5438
v  -9.1334 9.5944 -32.1969
v  -10.2667 9.5944 -32.1969
v  -9.1334 8.3583 -32.1969
v  -10.2667 8.3583 -32.1969
v  -11.0044 8.3583 -31.5438
v  -11.0044 9.5944 -31.5438
v  -12.1377 9.5944 -31.5438
v  -12.1377 8.3583 -31.5438
v  -11.0044 9.5944 -32.1969
v  -12.1377 9.5944 -32.1969
v  -11.0044 8.3583 -32.1969
v  -12.1377 8.3583 -32.1969
v  -12.8754 8.3583 -31.5438
v  -12.8754 9.5944 -31.5438
v  -14.0087 9.5944 -31.5438
v  -14.0087 8.3583 -31.5438
v  -12.8754 9.5944 -32.1969
v  -14.0087 9.5944 -32.1969
v  -12.8754 8.3583 -32.1969
v  -14.0087 8.3583 -32.1969
v  -14.7464 8.3583 -31.5438
v  -14.7464 9.5944 -31.5438
v  -15.8797 9.5944 -31.5438
v  -15.8797 8.3583 -31.5438
v  -14.7464 9.5944 -32.1969
v  -15.8797 9.5944 -32.1969
v  -14.7464 8.3583 -32.1969
v  -15.8797 8.3583 -32.1969
v  -16.6174 8.3583 -31.5438
v  -16.6174 9.5944 -31.5438
v  -17.7507 9.5944 -31.5438
v  -17.7507 8.3583 -31.5438
v  -16.6174 9.5944 -32.1969
v  -17.7507 9.5944 -32.1969
v  -16.6174 8.3583 -32.1969
v  -17.7507 8.3583 -32.1969
v  21.8947 8.3629 -24.0835
v  21.8947 9.5945 -24.0835
v  21.8947 9.5945 -22.9543
v  21.8947 8.3629 -22.9543
v  21.2515 9.5945 -24.0835
v  21.2515 9.5945 -22.9543
v  21.2515 8.3629 -24.0835
v  21.2515 8.3629 -22.9543
v  21.8939 8.3583 -22.2232
v  21.8939 9.5944 -22.2232
v  21.8939 9.5944 -21.0898
v  21.8939 8.3583 -21.0898
v  21.2408 9.5944 -22.2232
v  21.2408 9.5944 -21.0898
v  21.2408 8.3583 -22.2232
v  21.2408 8.3583 -21.0898
v  21.8947 8.3629 -20.2865
v  21.8947 9.5945 -20.2865
v  21.8947 9.5945 -19.1573
v  21.8947 8.3629 -19.1573
v  21.2515 9.5945 -20.2865
v  21.2515 9.5945 -19.1573
v  21.2515 8.3629 -20.2865
v  21.2515 8.3629 -19.1573
v  21.8939 8.3583 -18.4261
v  21.8939 9.5944 -18.4261
v  21.8939 9.5944 -17.2928
v  21.8939 8.3583 -17.2928
v  21.2408 9.5944 -18.4261
v  21.2408 9.5944 -17.2928
v  21.2408 8.3583 -18.4261
v  21.2408 8.3583 -17.2928
v  21.8947 8.3629 -16.4895
v  21.8947 9.5945 -16.4895
v  21.8947 9.5945 -15.3603
v  21.8947 8.3629 -15.3603
v  21.2515 9.5945 -16.4895
v  21.2515 9.5945 -15.3603
v  21.2515 8.3629 -16.4895
v  21.2515 8.3629 -15.3603
v  21.8939 8.3583 -14.6291
v  21.8939 9.5944 -14.6291
v  21.8939 9.5944 -13.4958
v  21.8939 8.3583 -13.4958
v  21.2408 9.5944 -14.6291
v  21.2408 9.5944 -13.4958
v  21.2408 8.3583 -14.6291
v  21.2408 8.3583 -13.4958
v  21.8947 8.3629 -12.6925
v  21.8947 9.5945 -12.6925
v  21.8947 9.5945 -11.5633
v  21.8947 8.3629 -11.5633
v  21.2515 9.5945 -12.6925
v  21.2515 9.5945 -11.5633
v  21.2515 8.3629 -12.6925
v  21.2515 8.3629 -11.5633
v  21.8939 8.3583 -10.8321
v  21.8939 9.5944 -10.8321
v  21.8939 9.5944 -9.6988
v  21.8939 8.3583 -9.6988
v  21.2408 9.5944 -10.8321
v  21.2408 9.5944 -9.6988
v  21.2408 8.3583 -10.8321
v  21.2408 8.3583 -9.6988
v  21.8947 8.3629 -8.8955
v  21.8947 9.5945 -8.8955
v  21.8947 9.5945 -7.7663
v  21.8947 8.3629 -7.7663
v  21.2515 9.5945 -8.8955
v  21.2515 9.5945 -7.7663
v  21.2515 8.3629 -8.8955
v  21.2515 8.3629 -7.7663
v  21.8939 8.3583 -7.0351
v  21.8939 9.5944 -7.0351
v  21.8939 9.5944 -5.9018
v  21.8939 8.3583 -5.9018
v  21.2408 9.5944 -7.0351
v  21.2408 9.5944 -5.9018
v  21.2408 8.3583 -7.0351
v  21.2408 8.3583 -5.9018
v  21.8947 8.3629 -5.0985
v  21.8947 9.5945 -5.0985
v  21.8947 9.5945 -3.9693
v  21.8947 8.3629 -3.9693
v  21.2515 9.5945 -5.0985
v  21.2515 9.5945 -3.9693
v  21.2515 8.3629 -5.0985
v  21.2515 8.3629 -3.9693
v  21.8939 8.3583 -3.2381
v  21.8939 9.5944 -3.2381
v  21.8939 9.5944 -2.1048
v  21.8939 8.3583 -2.1048
v  21.2408 9.5944 -3.2381
v  21.2408 9.5944 -2.1048
v  21.2408 8.3583 -3.2381
v  21.2408 8.3583 -2.1048
v  21.8947 8.3629 -1.3015
v  21.8947 9.5945 -1.3015
v  21.8947 9.5945 -0.1723
v  21.8947 8.3629 -0.1723
v  21.2515 9.5945 -1.3015
v  21.2515 9.5945 -0.1723
v  21.2515 8.3629 -1.3015
v  21.2515 8.3629 -0.1723
v  21.8939 8.3583 0.5589
v  21.8939 9.5944 0.5589
v  21.8939 9.5944 1.6922
v  21.8939 8.3583 1.6922
v  21.2408 9.5944 0.5589
v  21.2408 9.5944 1.6922
v  21.2408 8.3583 0.5589
v  21.2408 8.3583 1.6922
v  21.8947 8.3629 2.4955
v  21.8947 9.5945 2.4955
v  21.8947 9.5945 3.6247
v  21.8947 8.3629 3.6247
v  21.2515 9.5945 2.4955
v  21.2515 9.5945 3.6247
v  21.2515 8.3629 2.4955
v  21.2515 8.3629 3.6247
v  21.8939 8.3583 4.3559
v  21.8939 9.5944 4.3559
v  21.8939 9.5944 5.4892
v  21.8939 8.3583 5.4892
v  21.2408 9.5944 4.3559
v  21.2408 9.5944 5.4892
v  21.2408 8.3583 4.3559
v  21.2408 8.3583 5.4892
v  21.8947 8.3629 6.2925
v  21.8947 9.5945 6.2925
v  21.8947 9.5945 7.4217
v  21.8947 8.3629 7.4217
v  21.2515 9.5945 6.2925
v  21.2515 9.5945 7.4217
v  21.2515 8.3629 6.2925
v  21.2515 8.3629 7.4217
v  21.8939 8.3583 8.1529
v  21.8939 9.5944 8.1529
v  21.8939 9.5944 9.2862
v  21.8939 8.3583 9.2862
v  21.2408 9.5944 8.1529
v  21.2408 9.5944 9.2862
v  21.2408 8.3583 8.1529
v  21.2408 8.3583 9.2862
v  21.8947 8.3629 10.0895
v  21.8947 9.5945 10.0895
v  21.8947 9.5945 11.2187
v  21.8947 8.3629 11.2187
v  21.2515 9.5945 10.0895
v  21.2515 9.5945 11.2187
v  21.2515 8.3629 10.0895
v  21.2515 8.3629 11.2187
v  21.8939 8.3583 11.9499
v  21.8939 9.5944 11.9499
v  21.8939 9.5944 13.0832
v  21.8939 8.3583 13.0832
v  21.2408 9.5944 11.9499
v  21.2408 9.5944 13.0832
v  21.2408 8.3583 11.9499
v  21.2408 8.3583 13.0832
v  21.8947 8.3629 13.8865
v  21.8947 9.5945 13.8865
v  21.8947 9.5945 15.0157
v  21.8947 8.3629 15.0157
v  21.2515 9.5945 13.8865
v  21.2515 9.5945 15.0157
v  21.2515 8.3629 13.8865
v  21.2515 8.3629 15.0157
v  21.8939 8.3583 15.7469
v  21.8939 9.5944 15.7469
v  21.8939 9.5944 16.8802
v  21.8939 8.3583 16.8802
v  21.2408 9.5944 15.7469
v  21.2408 9.5944 16.8802
v  21.2408 8.3583 15.7469
v  21.2408 8.3583 16.8802
v  25.6168 8.3583 15.7469
v  25.6168 9.5944 15.7469
v  25.6168 9.5944 16.8802
v  25.6168 8.3583 16.8802
v  24.9637 9.5944 15.7469
v  24.9637 9.5944 16.8802
v  24.9637 8.3583 15.7469
v  24.9637 8.3583 16.8802
v  25.6176 8.3629 13.8865
v  25.6176 9.5945 13.8865
v  25.6176 9.5945 15.0157
v  25.6176 8.3629 15.0157
v  24.9744 9.5945 13.8865
v  24.9744 9.5945 15.0157
v  24.9744 8.3629 13.8865
v  24.9744 8.3629 15.0157
v  25.6168 8.3583 11.9499
v  25.6168 9.5944 11.9499
v  25.6168 9.5944 13.0832
v  25.6168 8.3583 13.0832
v  24.9637 9.5944 11.9499
v  24.9637 9.5944 13.0832
v  24.9637 8.3583 11.9499
v  24.9637 8.3583 13.0832
v  25.6176 8.3629 10.0895
v  25.6176 9.5945 10.0895
v  25.6176 9.5945 11.2187
v  25.6176 8.3629 11.2187
v  24.9744 9.5945 10.0895
v  24.9744 9.5945 11.2187
v  24.9744 8.3629 10.0895
v  24.9744 8.3629 11.2187
v  25.6168 8.3583 8.1529
v  25.6168 9.5944 8.1529
v  25.6168 9.5944 9.2862
v  25.6168 8.3583 9.2862
v  24.9637 9.5944 8.1529
v  24.9637 9.5944 9.2862
v  24.9637 8.3583 8.1529
v  24.9637 8.3583 9.2862
v  25.6176 8.3629 6.2925
v  25.6176 9.5945 6.2925
v  25.6176 9.5945 7.4217
v  25.6176 8.3629 7.4217
v  24.9744 9.5945 6.2925
v  24.9744 9.5945 7.4217
v  24.9744 8.3629 6.2925
v  24.9744 8.3629 7.4217
v  25.6168 8.3583 4.3559
v  25.6168 9.5944 4.3559
v  25.6168 9.5944 5.4892
v  25.6168 8.3583 5.4892
v  24.9637 9.5944 4.3559
v  24.9637 9.5944 5.4892
v  24.9637 8.3583 4.3559
v  24.9637 8.3583 5.4892
v  25.6176 8.3629 2.4955
v  25.6176 9.5945 2.4955
v  25.6176 9.5945 3.6247
v  25.6176 8.3629 3.6247
v  24.9744 9.5945 2.4955
v  24.9744 9.5945 3.6247
v  24.9744 8.3629 2.4955
v  24.9744 8.3629 3.6247
v  25.6168 8.3583 0.5589
v  25.6168 9.5944 0.5589
v  25.6168 9.5944 1.6922
v  25.6168 8.3583 1.6922
v  24.9637 9.5944 0.5589
v  24.9637 9.5944 1.6922
v  24.9637 8.3583 0.5589
v  24.9637 8.3583 1.6922
v  25.6176 8.3629 -1.3015
v  25.6176 9.5945 -1.3015
v  25.6176 9.5945 -0.1723
v  25.6176 8.3629 -0.1723
v  24.9744 9.5945 -1.3015
v  24.9744 9.5945 -0.1723
v  24.9744 8.3629 -1.3015
v  24.9744 8.3629 -0.1723
v  25.6168 8.3583 -3.2381
v  25.6168 9.5944 -3.2381
v  25.6168 9.5944 -2.1048
v  25.6168 8.3583 -2.1048
v  24.9637 9.5944 -3.2381
v  24.9637 9.5944 -2.1048
v  24.9637 8.3583 -3.2381
v  24.9637 8.3583 -2.1048
v  25.6176 8.3629 -5.0985
v  25.6176 9.5945 -5.0985
v  25.6176 9.5945 -3.9693
v  25.6176 8.3629 -3.9693
v  24.9744 9.5945 -5.0985
v  24.9744 9.5945 -3.9693
v  24.9744 8.3629 -5.0985
v  24.9744 8.3629 -3.9693
v  25.6168 8.3583 -7.0351
v  25.6168 9.5944 -7.0351
v  25.6168 9.5944 -5.9018
v  25.6168 8.3583 -5.9018
v  24.9637 9.5944 -7.0351
v  24.9637 9.5944 -5.9018
v  24.9637 8.3583 -7.0351
v  24.9637 8.3583 -5.9018
v  25.6176 8.3629 -8.8955
v  25.6176 9.5945 -8.8955
v  25.6176 9.5945 -7.7663
v  25.6176 8.3629 -7.7663
v  24.9744 9.5945 -8.8955
v  24.9744 9.5945 -7.7663
v  24.9744 8.3629 -8.8955
v  24.9744 8.3629 -7.7663
v  25.6168 8.3583 -10.8321
v  25.6168 9.5944 -10.8321
v  25.6168 9.5944 -9.6988
v  25.6168 8.3583 -9.6988
v  24.9637 9.5944 -10.8321
v  24.9637 9.5944 -9.6988
v  24.9637 8.3583 -10.8321
v  24.9637 8.3583 -9.6988
v  25.6176 8.3629 -12.6925
v  25.6176 9.5945 -12.6925
v  25.6176 9.5945 -11.5633
v  25.6176 8.3629 -11.5633
v  24.9744 9.5945 -12.6925
v  24.9744 9.5945 -11.5633
v  24.9744 8.3629 -12.6925
v  24.9744 8.3629 -11.5633
v  25.6168 8.3583 -14.6291
v  25.6168 9.5944 -14.6291
v  25.6168 9.5944 -13.4958
v  25.6168 8.3583 -13.4958
v  24.9637 9.5944 -14.6291
v  24.9637 9.5944 -13.4958
v  24.9637 8.3583 -14.6291
v  24.9637 8.3583 -13.4958
v  25.6176 8.3629 -16.4895
v  25.6176 9.5945 -16.4895
v  25.6176 9.5945 -15.3603
v  25.6176 8.3629 -15.3603
v  24.9744 9.5945 -16.4895
v  24.9744 9.5945 -15.3603
v  24.9744 8.3629 -16.4895
v  24.9744 8.3629 -15.3603
v  25.6168 8.3583 -18.4261
v  25.6168 9.5944 -18.4261
v  25.6168 9.5944 -17.2928
v  25.6168 8.3583 -17.2928
v  24.9637 9.5944 -18.4261
v  24.9637 9.5944 -17.2928
v  24.9637 8.3583 -18.4261
v  24.9637 8.3583 -17.2928
v  25.6176 8.3629 -20.2865
v  25.6176 9.5945 -20.2865
v  25.6176 9.5945 -19.1573
v  25.6176 8.3629 -19.1573
v  24.9744 9.5945 -20.2865
v  24.9744 9.5945 -19.1573
v  24.9744 8.3629 -20.2865
v  24.9744 8.3629 -19.1573
v  25.6168 8.3583 -22.2232
v  25.6168 9.5944 -22.2232
v  25.6168 9.5944 -21.0898
v  25.6168 8.3583 -21.0898
v  24.9637 9.5944 -22.2232
v  24.9637 9.5944 -21.0898
v  24.9637 8.3583 -22.2232
v  24.9637 8.3583 -21.0898
v  25.6176 8.3629 -24.0835
v  25.6176 9.5945 -24.0835
v  25.6176 9.5945 -22.9543
v  25.6176 8.3629 -22.9543
v  24.9744 9.5945 -24.0835
v  24.9744 9.5945 -22.9543
v  24.9744 8.3629 -24.0835
v  24.9744 8.3629 -22.9543
v  25.6168 8.3583 -26.0201
v  25.6168 9.5944 -26.0201
v  25.6168 9.5944 -24.8868
v  25.6168 8.3583 -24.8868
v  24.9637 9.5944 -26.0201
v  24.9637 9.5944 -24.8868
v  24.9637 8.3583 -26.0201
v  24.9637 8.3583 -24.8868
v  25.6304 8.3629 -27.8805
v  25.6304 9.5945 -27.8805
v  25.6304 9.5945 -26.7513
v  25.6304 8.3629 -26.7513
v  24.9871 9.5945 -27.8805
v  24.9871 9.5945 -26.7513
v  24.9871 8.3629 -27.8805
v  24.9871 8.3629 -26.7513
v  25.6295 8.3583 -29.7213
v  25.6295 9.5944 -29.7213
v  25.6295 9.5944 -28.5879
v  25.6295 8.3583 -28.5879
v  24.9764 9.5944 -29.7213
v  24.9764 9.5944 -28.5879
v  24.9764 8.3583 -29.7213
v  24.9764 8.3583 -28.5879
v  18.9316 8.3583 23.5336
v  18.9316 9.5944 23.5336
v  17.7983 9.5944 23.5336
v  17.7983 8.3583 23.5336
v  18.9316 9.5944 22.8805
v  17.7983 9.5944 22.8805
v  18.9316 8.3583 22.8805
v  17.7983 8.3583 22.8805
v  18.9316 8.3583 19.8758
v  18.9316 9.5944 19.8758
v  17.7983 9.5944 19.8758
v  17.7983 8.3583 19.8758
v  18.9316 9.5944 19.2227
v  17.7983 9.5944 19.2227
v  18.9316 8.3583 19.2227
v  17.7983 8.3583 19.2227
v  17.0606 8.3583 19.8758
v  17.0606 9.5944 19.8758
v  15.9273 9.5944 19.8758
v  15.9273 8.3583 19.8758
v  17.0606 9.5944 19.2227
v  15.9273 9.5944 19.2227
v  17.0606 8.3583 19.2227
v  15.9273 8.3583 19.2227
v  17.0606 8.3583 23.5336
v  17.0606 9.5944 23.5336
v  15.9273 9.5944 23.5336
v  15.9273 8.3583 23.5336
v  17.0606 9.5944 22.8805
v  15.9273 9.5944 22.8805
v  17.0606 8.3583 22.8805
v  15.9273 8.3583 22.8805
v  15.1896 8.3583 23.5336
v  15.1896 9.5944 23.5336
v  14.0563 9.5944 23.5336
v  14.0563 8.3583 23.5336
v  15.1896 9.5944 22.8805
v  14.0563 9.5944 22.8805
v  15.1896 8.3583 22.8805
v  14.0563 8.3583 22.8805
v  15.1896 8.3583 19.8758
v  15.1896 9.5944 19.8758
v  14.0563 9.5944 19.8758
v  14.0563 8.3583 19.8758
v  15.1896 9.5944 19.2227
v  14.0563 9.5944 19.2227
v  15.1896 8.3583 19.2227
v  14.0563 8.3583 19.2227
v  13.3186 8.3583 19.8758
v  13.3186 9.5944 19.8758
v  12.1853 9.5944 19.8758
v  12.1853 8.3583 19.8758
v  13.3186 9.5944 19.2227
v  12.1853 9.5944 19.2227
v  13.3186 8.3583 19.2227
v  12.1853 8.3583 19.2227
v  13.3186 8.3583 23.5336
v  13.3186 9.5944 23.5336
v  12.1853 9.5944 23.5336
v  12.1853 8.3583 23.5336
v  13.3186 9.5944 22.8805
v  12.1853 9.5944 22.8805
v  13.3186 8.3583 22.8805
v  12.1853 8.3583 22.8805
v  11.4476 8.3583 23.5336
v  11.4476 9.5944 23.5336
v  10.3143 9.5944 23.5336
v  10.3143 8.3583 23.5336
v  11.4476 9.5944 22.8805
v  10.3143 9.5944 22.8805
v  11.4476 8.3583 22.8805
v  10.3143 8.3583 22.8805
v  11.4476 8.3583 19.8758
v  11.4476 9.5944 19.8758
v  10.3143 9.5944 19.8758
v  10.3143 8.3583 19.8758
v  11.4476 9.5944 19.2227
v  10.3143 9.5944 19.2227
v  11.4476 8.3583 19.2227
v  10.3143 8.3583 19.2227
v  9.5766 8.3583 19.8758
v  9.5766 9.5944 19.8758
v  8.4433 9.5944 19.8758
v  8.4433 8.3583 19.8758
v  9.5766 9.5944 19.2227
v  8.4433 9.5944 19.2227
v  9.5766 8.3583 19.2227
v  8.4433 8.3583 19.2227
v  9.5766 8.3583 23.5336
v  9.5766 9.5944 23.5336
v  8.4433 9.5944 23.5336
v  8.4433 8.3583 23.5336
v  9.5766 9.5944 22.8805
v  8.4433 9.5944 22.8805
v  9.5766 8.3583 22.8805
v  8.4433 8.3583 22.8805
v  7.7056 8.3583 23.5336
v  7.7056 9.5944 23.5336
v  6.5723 9.5944 23.5336
v  6.5723 8.3583 23.5336
v  7.7056 9.5944 22.8805
v  6.5723 9.5944 22.8805
v  7.7056 8.3583 22.8805
v  6.5723 8.3583 22.8805
v  7.7056 8.3583 19.8758
v  7.7056 9.5944 19.8758
v  6.5723 9.5944 19.8758
v  6.5723 8.3583 19.8758
v  7.7056 9.5944 19.2227
v  6.5723 9.5944 19.2227
v  7.7056 8.3583 19.2227
v  6.5723 8.3583 19.2227
v  5.8346 8.3583 19.8758
v  5.8346 9.5944 19.8758
v  4.7013 9.5944 19.8758
v  4.7013 8.3583 19.8758
v  5.8346 9.5944 19.2227
v  4.7013 9.5944 19.2227
v  5.8346 8.3583 19.2227
v  4.7013 8.3583 19.2227
v  5.8346 8.3583 23.5336
v  5.8346 9.5944 23.5336
v  4.7013 9.5944 23.5336
v  4.7013 8.3583 23.5336
v  5.8346 9.5944 22.8805
v  4.7013 9.5944 22.8805
v  5.8346 8.3583 22.8805
v  4.7013 8.3583 22.8805
v  3.9636 8.3583 23.5336
v  3.9636 9.5944 23.5336
v  2.8303 9.5944 23.5336
v  2.8303 8.3583 23.5336
v  3.9636 9.5944 22.8805
v  2.8303 9.5944 22.8805
v  3.9636 8.3583 22.8805
v  2.8303 8.3583 22.8805
v  3.9636 8.3583 19.8758
v  3.9636 9.5944 19.8758
v  2.8303 9.5944 19.8758
v  2.8303 8.3583 19.8758
v  3.9636 9.5944 19.2227
v  2.8303 9.5944 19.2227
v  3.9636 8.3583 19.2227
v  2.8303 8.3583 19.2227
v  2.0926 8.3583 19.8758
v  2.0926 9.5944 19.8758
v  0.9593 9.5944 19.8758
v  0.9593 8.3583 19.8758
v  2.0926 9.5944 19.2227
v  0.9593 9.5944 19.2227
v  2.0926 8.3583 19.2227
v  0.9593 8.3583 19.2227
v  2.0926 8.3583 23.5336
v  2.0926 9.5944 23.5336
v  0.9593 9.5944 23.5336
v  0.9593 8.3583 23.5336
v  2.0926 9.5944 22.8805
v  0.9593 9.5944 22.8805
v  2.0926 8.3583 22.8805
v  0.9593 8.3583 22.8805
v  0.2216 8.3583 23.5336
v  0.2216 9.5944 23.5336
v  -0.9117 9.5944 23.5336
v  -0.9117 8.3583 23.5336
v  0.2216 9.5944 22.8805
v  -0.9117 9.5944 22.8805
v  0.2216 8.3583 22.8805
v  -0.9117 8.3583 22.8805
v  0.2216 8.3583 19.8758
v  0.2216 9.5944 19.8758
v  -0.9117 9.5944 19.8758
v  -0.9117 8.3583 19.8758
v  0.2216 9.5944 19.2227
v  -0.9117 9.5944 19.2227
v  0.2216 8.3583 19.2227
v  -0.9117 8.3583 19.2227
v  -1.6494 8.3583 19.8758
v  -1.6494 9.5944 19.8758
v  -2.7827 9.5944 19.8758
v  -2.7827 8.3583 19.8758
v  -1.6494 9.5944 19.2227
v  -2.7827 9.5944 19.2227
v  -1.6494 8.3583 19.2227
v  -2.7827 8.3583 19.2227
v  -1.6494 8.3583 23.5336
v  -1.6494 9.5944 23.5336
v  -2.7827 9.5944 23.5336
v  -2.7827 8.3583 23.5336
v  -1.6494 9.5944 22.8805
v  -2.7827 9.5944 22.8805
v  -1.6494 8.3583 22.8805
v  -2.7827 8.3583 22.8805
v  -3.5204 8.3583 23.5336
v  -3.5204 9.5944 23.5336
v  -4.6537 9.5944 23.5336
v  -4.6537 8.3583 23.5336
v  -3.5204 9.5944 22.8805
v  -4.6537 9.5944 22.8805
v  -3.5204 8.3583 22.8805
v  -4.6537 8.3583 22.8805
v  -3.5204 8.3583 19.8758
v  -3.5204 9.5944 19.8758
v  -4.6537 9.5944 19.8758
v  -4.6537 8.3583 19.8758
v  -3.5204 9.5944 19.2227
v  -4.6537 9.5944 19.2227
v  -3.5204 8.3583 19.2227
v  -4.6537 8.3583 19.2227
v  -5.3914 8.3583 19.8758
v  -5.3914 9.5944 19.8758
v  -6.5247 9.5944 19.8758
v  -6.5247 8.3583 19.8758
v  -5.3914 9.5944 19.2227
v  -6.5247 9.5944 19.2227
v  -5.3914 8.3583 19.2227
v  -6.5247 8.3583 19.2227
v  -5.3914 8.3583 23.5336
v  -5.3914 9.5944 23.5336
v  -6.5247 9.5944 23.5336
v  -6.5247 8.3583 23.5336
v  -5.3914 9.5944 22.8805
v  -6.5247 9.5944 22.8805
v  -5.3914 8.3583 22.8805
v  -6.5247 8.3583 22.8805
v  -7.2624 8.3583 23.5336
v  -7.2624 9.5944 23.5336
v  -8.3957 9.5944 23.5336
v  -8.3957 8.3583 23.5336
v  -7.2624 9.5944 22.8805
v  -8.3957 9.5944 22.8805
v  -7.2624 8.3583 22.8805
v  -8.3957 8.3583 22.8805
v  -7.2624 8.3583 19.8758
v  -7.2624 9.5944 19.8758
v  -8.3957 9.5944 19.8758
v  -8.3957 8.3583 19.8758
v  -7.2624 9.5944 19.2227
v  -8.3957 9.5944 19.2227
v  -7.2624 8.3583 19.2227
v  -8.3957 8.3583 19.2227
v  -9.1334 8.3583 19.8758
v  -9.1334 9.5944 19.8758
v  -10.2667 9.5944 19.8758
v  -10.2667 8.3583 19.8758
v  -9.1334 9.5944 19.2227
v  -10.2667 9.5944 19.2227
v  -9.1334 8.3583 19.2227
v  -10.2667 8.3583 19.2227
v  -9.1334 8.3583 23.5336
v  -9.1334 9.5944 23.5336
v  -10.2667 9.5944 23.5336
v  -10.2667 8.3583 23.5336
v  -9.1334 9.5944 22.8805
v  -10.2667 9.5944 22.8805
v  -9.1334 8.3583 22.8805
v  -10.2667 8.3583 22.8805
v  -11.0044 8.3583 23.5336
v  -11.0044 9.5944 23.5336
v  -12.1377 9.5944 23.5336
v  -12.1377 8.3583 23.5336
v  -11.0044 9.5944 22.8805
v  -12.1377 9.5944 22.8805
v  -11.0044 8.3583 22.8805
v  -12.1377 8.3583 22.8805
v  -11.0044 8.3583 19.8758
v  -11.0044 9.5944 19.8758
v  -12.1377 9.5944 19.8758
v  -12.1377 8.3583 19.8758
v  -11.0044 9.5944 19.2227
v  -12.1377 9.5944 19.2227
v  -11.0044 8.3583 19.2227
v  -12.1377 8.3583 19.2227
v  -12.8754 8.3583 19.8758
v  -12.8754 9.5944 19.8758
v  -14.0087 9.5944 19.8758
v  -14.0087 8.3583 19.8758
v  -12.8754 9.5944 19.2227
v  -14.0087 9.5944 19.2227
v  -12.8754 8.3583 19.2227
v  -14.0087 8.3583 19.2227
v  -12.8754 8.3583 23.5336
v  -12.8754 9.5944 23.5336
v  -14.0087 9.5944 23.5336
v  -14.0087 8.3583 23.5336
v  -12.8754 9.5944 22.8805
v  -14.0087 9.5944 22.8805
v  -12.8754 8.3583 22.8805
v  -14.0087 8.3583 22.8805
v  -14.7464 8.3583 23.5336
v  -14.7464 9.5944 23.5336
v  -15.8797 9.5944 23.5336
v  -15.8797 8.3583 23.5336
v  -14.7464 9.5944 22.8805
v  -15.8797 9.5944 22.8805
v  -14.7464 8.3583 22.8805
v  -15.8797 8.3583 22.8805
v  -14.7464 8.3583 19.8758
v  -14.7464 9.5944 19.8758
v  -15.8797 9.5944 19.8758
v  -15.8797 8.3583 19.8758
v  -14.7464 9.5944 19.2227
v  -15.8797 9.5944 19.2227
v  -14.7464 8.3583 19.2227
v  -15.8797 8.3583 19.2227
v  -16.6174 8.3583 19.8758
v  -16.6174 9.5944 19.8758
v  -17.7507 9.5944 19.8758
v  -17.7507 8.3583 19.8758
v  -16.6174 9.5944 19.2227
v  -17.7507 9.5944 19.2227
v  -16.6174 8.3583 19.2227
v  -17.7507 8.3583 19.2227
v  -16.6174 8.3583 23.5336
v  -16.6174 9.5944 23.5336
v  -17.7507 9.5944 23.5336
v  -17.7507 8.3583 23.5336
v  -16.6174 9.5944 22.8805
v  -17.7507 9.5944 22.8805
v  -16.6174 8.3583 22.8805
v  -17.7507 8.3583 22.8805
v  26.9033 10.1094 -34.8591
v  26.9033 10.9167 -34.8591
v  27.1629 10.9167 -34.0371
v  27.1629 10.1094 -34.0371
v  26.3900 10.9167 -34.6970
v  26.6496 10.9167 -33.8750
v  26.3900 10.1094 -34.6970
v  26.6496 10.1094 -33.8750
v  26.0097 10.1094 -36.1170
v  26.0097 10.9167 -36.1170
v  26.5638 10.9167 -35.4568
v  26.5638 10.1094 -35.4568
v  25.5974 10.9167 -35.7709
v  26.1515 10.9167 -35.1107
v  25.5974 10.1094 -35.7709
v  26.1515 10.1094 -35.1107
v  24.6991 10.1094 -36.9249
v  24.6991 10.9167 -36.9249
v  25.4721 10.9167 -36.5436
v  25.4721 10.1094 -36.5436
v  24.4610 10.9167 -36.4422
v  25.2340 10.9167 -36.0609
v  24.4610 10.1094 -36.4422
v  25.2340 10.1094 -36.0609
v  23.3155 10.1094 -37.1292
v  23.3155 10.9167 -37.1292
v  24.1746 10.9167 -37.0597
v  24.1746 10.1094 -37.0597
v  23.2720 10.9167 -36.5927
v  24.1312 10.9167 -36.5231
v  23.2720 10.1094 -36.5927
v  24.1312 10.1094 -36.5231
v  21.9840 10.1094 -36.9399
v  21.9840 10.9167 -36.9399
v  22.8276 10.9167 -37.1166
v  22.8276 10.1094 -37.1166
v  22.0944 10.9167 -36.4130
v  22.9380 10.9167 -36.5897
v  22.0944 10.1094 -36.4130
v  22.9380 10.1094 -36.5897
v  20.8284 10.1094 -36.2401
v  20.8284 10.9167 -36.2401
v  21.5453 10.9167 -36.7187
v  21.5453 10.1094 -36.7187
v  21.1273 10.9167 -35.7924
v  21.8442 10.9167 -36.2710
v  21.1273 10.1094 -35.7924
v  21.8442 10.1094 -36.2710
v  19.8850 10.1094 -35.0108
v  19.8850 10.9167 -35.0108
v  20.3456 10.9167 -35.7394
v  20.3456 10.1094 -35.7394
v  20.3400 10.9167 -34.7232
v  20.8006 10.9167 -35.4518
v  20.3400 10.1094 -34.7232
v  20.8006 10.1094 -35.4518
v  19.4724 10.1094 -33.5183
v  19.4724 10.9167 -33.5183
v  19.6254 10.9167 -34.3665
v  19.6254 10.1094 -34.3665
v  20.0022 10.9167 -33.4227
v  20.1552 10.9167 -34.2710
v  20.0022 10.1094 -33.4227
v  20.1552 10.1094 -34.2710
v  19.7023 10.1094 -31.9785
v  19.7023 10.9167 -31.9785
v  19.5001 10.9167 -32.8164
v  19.5001 10.1094 -32.8164
v  20.2256 10.9167 -32.1048
v  20.0234 10.9167 -32.9427
v  20.2256 10.1094 -32.1048
v  20.0234 10.1094 -32.9427
v  20.4872 10.1094 -30.6691
v  20.4872 10.9167 -30.6691
v  19.9888 10.9167 -31.3724
v  19.9888 10.1094 -31.3724
v  20.9264 10.9167 -30.9804
v  20.4280 10.9167 -31.6836
v  20.9264 10.1094 -30.9804
v  20.4280 10.1094 -31.6836
v  21.7673 10.1094 -29.7690
v  21.7673 10.9167 -29.7690
v  21.0240 10.9167 -30.2054
v  21.0240 10.1094 -30.2054
v  22.0398 10.9167 -30.2332
v  21.2965 10.9167 -30.6696
v  22.0398 10.1094 -30.2332
v  21.2965 10.1094 -30.6696
v  23.2677 10.1094 -29.4199
v  23.2677 10.9167 -29.4199
v  22.4139 10.9167 -29.5383
v  22.4139 10.1094 -29.5383
v  23.3416 10.9167 -29.9531
v  22.4879 10.9167 -30.0715
v  23.3416 10.1094 -29.9531
v  22.4879 10.1094 -30.0715
v  24.7856 10.1094 -29.6987
v  24.7856 10.9167 -29.6987
v  23.9550 10.9167 -29.4683
v  23.9550 10.1094 -29.4683
v  24.6417 10.9167 -30.2174
v  23.8111 10.9167 -29.9870
v  24.6417 10.1094 -30.2174
v  23.8111 10.1094 -29.9870
v  26.0858 10.1094 -30.5323
v  26.0858 10.9167 -30.5323
v  25.3996 10.9167 -30.0106
v  25.3996 10.1094 -30.0106
v  25.7600 10.9167 -30.9608
v  25.0738 10.9167 -30.4392
v  25.7600 10.1094 -30.9608
v  25.0738 10.1094 -30.4392
v  26.9374 10.1094 -31.8184
v  26.9374 10.9167 -31.8184
v  26.5176 10.9167 -31.0656
v  26.5176 10.1094 -31.0656
v  26.4672 10.9167 -32.0806
v  26.0475 10.9167 -31.3277
v  26.4672 10.1094 -32.0806
v  26.0475 10.1094 -31.3277
v  27.2337 10.1094 -33.3312
v  27.2337 10.9167 -33.3312
v  27.1446 10.9167 -32.4738
v  27.1446 10.1094 -32.4738
v  26.6983 10.9167 -33.3868
v  26.6092 10.9167 -32.5295
v  26.6983 10.1094 -33.3868
v  26.6092 10.1094 -32.5295
# 2276 vertices

vn 0.0000 0.0000 1.0000
vn 0.0000 1.0000 -0.0000
vn 0.2846 -0.9586 -0.0000
vn 0.1595 -0.9872 -0.0000
vn 0.5381 -0.8429 -0.0000
vn 0.7727 -0.6347 -0.0000
vn 0.9616 -0.2745 -0.0000
vn 0.9995 -0.0321 -0.0000
vn -0.1625 -0.9867 -0.0000
vn -0.2861 -0.9582 -0.0000
vn -0.5381 -0.8429 -0.0000
vn -0.7727 -0.6347 -0.0000
vn -0.0000 0.0000 1.0000
vn -0.9616 -0.2745 -0.0000
vn -0.9995 -0.0321 -0.0000
vn 0.7071 0.0000 -0.7071
vn 0.9239 0.0000 -0.3827
vn 0.3827 0.0000 -0.9239
vn 0.0000 0.0000 -1.0000
vn -0.3827 0.0000 -0.9239
vn -0.7071 0.0000 -0.7071
vn -0.9239 0.0000 -0.3827
vn -1.0000 0.0000 -0.0000
vn -0.9239 0.0000 0.3827
vn -0.7071 0.0000 0.7071
vn -0.3827 0.0000 0.9239
vn 0.3827 0.0000 0.9239
vn 0.7071 0.0000 0.7071
vn 0.9239 0.0000 0.3827
vn 1.0000 0.0000 -0.0000
vn 0.0000 1.0000 0.0000
vn -0.8159 0.0000 0.5782
vn 0.8159 0.0000 -0.5782
vn 0.5782 0.0000 0.8159
vn -0.5782 0.0000 -0.8159
vn -0.9721 0.0000 0.2346
vn 0.9721 0.0000 -0.2346
vn 0.2346 0.0000 0.9721
vn -0.2346 0.0000 -0.9721
vn -0.9841 0.0000 -0.1775
vn 0.9841 0.0000 0.1775
vn -0.1775 0.0000 0.9841
vn 0.1775 0.0000 -0.9841
vn -0.8453 0.0000 -0.5343
vn 0.8453 0.0000 0.5343
vn -0.5343 0.0000 0.8453
vn 0.5343 0.0000 -0.8453
vn -0.5552 0.0000 -0.8317
vn 0.5552 0.0000 0.8317
vn -0.8317 0.0000 0.5552
vn 0.8317 0.0000 -0.5552
vn -0.2051 0.0000 -0.9787
vn 0.2051 0.0000 0.9787
vn -0.9787 0.0000 0.2051
vn 0.9787 0.0000 -0.2051
vn 0.0807 0.0000 -0.9967
vn -0.0807 0.0000 0.9967
vn -0.9967 0.0000 -0.0807
vn 0.9967 0.0000 0.0807
vn 0.4424 0.0000 -0.8968
vn -0.4424 0.0000 0.8968
vn -0.8968 0.0000 -0.4424
vn 0.8968 0.0000 0.4424
vn 0.7659 0.0000 -0.6429
vn -0.7659 0.0000 0.6429
vn -0.6429 0.0000 -0.7659
vn 0.6429 0.0000 0.7659
vn 0.9536 0.0000 -0.3011
vn -0.9536 0.0000 0.3011
vn -0.3011 0.0000 -0.9536
vn 0.3011 0.0000 0.9536
vn 0.9946 0.0000 0.1034
vn -0.9946 0.0000 -0.1034
vn 0.1034 0.0000 -0.9946
vn -0.1034 0.0000 0.9946
vn 0.8734 0.0000 0.4870
vn -0.8734 0.0000 -0.4870
vn 0.4870 0.0000 -0.8734
vn -0.4870 0.0000 0.8734
vn 0.6052 0.0000 0.7961
vn -0.6052 0.0000 -0.7961
vn 0.7961 0.0000 -0.6052
vn -0.7961 0.0000 0.6052
vn 0.2673 0.0000 0.9636
vn -0.2673 0.0000 -0.9636
vn 0.9636 0.0000 -0.2673
vn -0.9636 0.0000 0.2673
vn -0.1374 0.0000 0.9905
vn 0.1374 0.0000 -0.9905
vn 0.9905 0.0000 0.1374
vn -0.9905 0.0000 -0.1374
vn -0.5063 0.0000 0.8623
vn 0.5063 0.0000 -0.8623
vn 0.8623 0.0000 0.5063
vn -0.8623 0.0000 -0.5063
vn 0.6429 0.0000 0.7660
vn -1.0000 0.0000 0.0000
vn -0.7660 0.0000 0.6429
# 98 vertex normals

vt 0.3245 0.1260 0.0000
vt 0.3419 0.1288 0.0000
vt 0.2860 0.1288 0.0000
vt 0.2860 0.1260 0.0000
vt 0.3419 0.1556 0.0000
vt 0.3419 0.2323 0.0000
vt 0.2860 0.2323 0.0000
vt 0.2860 0.1556 0.0000
vt 0.2860 0.1285 0.0000
vt 0.2860 0.1257 0.0000
vt 0.3245 0.1257 0.0000
vt 0.3419 0.1285 0.0000
vt 0.8111 0.2115 0.0000
vt 0.8113 0.2307 0.0000
vt 0.6821 0.2306 0.0000
vt 0.6819 0.2113 0.0000
vt 0.3419 0.1493 0.0000
vt 0.2860 0.1493 0.0000
vt 0.3419 0.1491 0.0000
vt 0.2860 0.1491 0.0000
vt 0.0109 0.1257 0.0000
vt 0.0109 0.1285 0.0000
vt 0.0109 0.1491 0.0000
vt 0.0109 0.2323 0.0000
vt 0.0109 0.1556 0.0000
vt 0.0109 0.1493 0.0000
vt 0.0109 0.1288 0.0000
vt 0.0109 0.1260 0.0000
vt 0.3094 0.1193 0.0000
vt 0.2860 0.1193 0.0000
vt 0.8110 0.1886 0.0000
vt 0.6818 0.1885 0.0000
vt 0.2860 0.1190 0.0000
vt 0.3094 0.1190 0.0000
vt 0.0109 0.1190 0.0000
vt 0.0109 0.1193 0.0000
vt 0.2973 0.1086 0.0000
vt 0.2860 0.1086 0.0000
vt 0.8109 0.1626 0.0000
vt 0.6818 0.1625 0.0000
vt 0.2860 0.1083 0.0000
vt 0.2973 0.1083 0.0000
vt 0.0109 0.1083 0.0000
vt 0.0109 0.1086 0.0000
vt 0.2895 0.0952 0.0000
vt 0.2860 0.0952 0.0000
vt 0.8109 0.1366 0.0000
vt 0.6818 0.1364 0.0000
vt 0.2860 0.0949 0.0000
vt 0.2895 0.0949 0.0000
vt 0.0109 0.0949 0.0000
vt 0.0109 0.0952 0.0000
vt 0.2869 0.0806 0.0000
vt 0.2860 0.0806 0.0000
vt 0.2860 0.0061 0.0000
vt 0.2867 0.0061 0.0000
vt 0.8111 0.1133 0.0000
vt 0.6819 0.1131 0.0000
vt 0.6826 0.0060 0.0000
vt 0.8117 0.0062 0.0000
vt 0.2860 0.0803 0.0000
vt 0.2860 0.0058 0.0000
vt 0.2867 0.0058 0.0000
vt 0.2869 0.0803 0.0000
vt 0.0109 0.0803 0.0000
vt 0.0109 0.0058 0.0000
vt 0.0109 0.0806 0.0000
vt 0.0109 0.0061 0.0000
vt 0.3975 0.1288 0.0000
vt 0.3589 0.1260 0.0000
vt 0.3975 0.1260 0.0000
vt 0.3975 0.2323 0.0000
vt 0.3975 0.1556 0.0000
vt 0.3975 0.1285 0.0000
vt 0.3589 0.1257 0.0000
vt 0.3975 0.1257 0.0000
vt 0.9544 0.2318 0.0000
vt 0.8213 0.2309 0.0000
vt 0.8216 0.2082 0.0000
vt 0.9547 0.2091 0.0000
vt 0.3975 0.1493 0.0000
vt 0.3975 0.1491 0.0000
vt 0.6721 0.1257 0.0000
vt 0.6721 0.1285 0.0000
vt 0.6721 0.1491 0.0000
vt 0.6721 0.2323 0.0000
vt 0.6721 0.1556 0.0000
vt 0.6721 0.1493 0.0000
vt 0.6721 0.1288 0.0000
vt 0.6721 0.1260 0.0000
vt 0.3740 0.1193 0.0000
vt 0.3975 0.1193 0.0000
vt 0.8219 0.1825 0.0000
vt 0.9550 0.1834 0.0000
vt 0.3740 0.1190 0.0000
vt 0.3975 0.1190 0.0000
vt 0.6721 0.1190 0.0000
vt 0.6721 0.1193 0.0000
vt 0.3862 0.1086 0.0000
vt 0.3975 0.1086 0.0000
vt 0.8221 0.1547 0.0000
vt 0.9552 0.1556 0.0000
vt 0.3862 0.1083 0.0000
vt 0.3975 0.1083 0.0000
vt 0.6721 0.1083 0.0000
vt 0.6721 0.1086 0.0000
vt 0.3940 0.0952 0.0000
vt 0.3975 0.0952 0.0000
vt 0.8222 0.1283 0.0000
vt 0.9554 0.1292 0.0000
vt 0.3940 0.0949 0.0000
vt 0.3975 0.0949 0.0000
vt 0.6721 0.0949 0.0000
vt 0.6721 0.0952 0.0000
vt 0.3966 0.0806 0.0000
vt 0.3968 0.0061 0.0000
vt 0.3975 0.0061 0.0000
vt 0.3975 0.0806 0.0000
vt 0.8223 0.1059 0.0000
vt 0.8223 0.0065 0.0000
vt 0.9554 0.0074 0.0000
vt 0.9554 0.1068 0.0000
vt 0.3975 0.0803 0.0000
vt 0.3966 0.0803 0.0000
vt 0.3968 0.0058 0.0000
vt 0.3975 0.0058 0.0000
vt 0.6721 0.0803 0.0000
vt 0.6721 0.0058 0.0000
vt 0.6721 0.0061 0.0000
vt 0.6721 0.0806 0.0000
vt 0.5077 0.7070 0.0000
vt 0.5077 0.9703 0.0000
vt 0.4723 0.9703 0.0000
vt 0.4723 0.7070 0.0000
vt 0.5431 0.7070 0.0000
vt 0.5431 0.9703 0.0000
vt 0.5784 0.7070 0.0000
vt 0.5784 0.9703 0.0000
vt 0.0481 0.7070 0.0000
vt 0.0481 0.9703 0.0000
vt 0.0128 0.9703 0.0000
vt 0.0128 0.7070 0.0000
vt 0.0835 0.7070 0.0000
vt 0.0835 0.9703 0.0000
vt 0.1188 0.7070 0.0000
vt 0.1188 0.9703 0.0000
vt 0.1542 0.7070 0.0000
vt 0.1542 0.9703 0.0000
vt 0.1895 0.7070 0.0000
vt 0.1895 0.9703 0.0000
vt 0.2249 0.7070 0.0000
vt 0.2249 0.9703 0.0000
vt 0.2602 0.7070 0.0000
vt 0.2602 0.9703 0.0000
vt 0.2956 0.7070 0.0000
vt 0.2956 0.9703 0.0000
vt 0.3309 0.7070 0.0000
vt 0.3309 0.9703 0.0000
vt 0.3663 0.7070 0.0000
vt 0.3663 0.9703 0.0000
vt 0.4016 0.7070 0.0000
vt 0.4016 0.9703 0.0000
vt 0.4370 0.7070 0.0000
vt 0.4370 0.9703 0.0000
vt 0.7536 0.8672 0.0000
vt 0.7224 0.8880 0.0000
vt 0.6856 0.8953 0.0000
vt 0.6487 0.8880 0.0000
vt 0.6175 0.8672 0.0000
vt 0.5966 0.8359 0.0000
vt 0.5893 0.7991 0.0000
vt 0.5966 0.7623 0.0000
vt 0.6175 0.7310 0.0000
vt 0.6487 0.7102 0.0000
vt 0.6856 0.7028 0.0000
vt 0.7224 0.7102 0.0000
vt 0.7536 0.7310 0.0000
vt 0.7745 0.7623 0.0000
vt 0.7818 0.7991 0.0000
vt 0.7745 0.8359 0.0000
vt 0.7752 0.8361 0.0000
vt 0.7543 0.8673 0.0000
vt 0.7472 0.8602 0.0000
vt 0.7659 0.8322 0.0000
vt 0.7231 0.8882 0.0000
vt 0.7193 0.8789 0.0000
vt 0.6863 0.8955 0.0000
vt 0.6863 0.8855 0.0000
vt 0.6494 0.8882 0.0000
vt 0.6533 0.8789 0.0000
vt 0.6182 0.8673 0.0000
vt 0.6253 0.8602 0.0000
vt 0.5973 0.8361 0.0000
vt 0.6066 0.8322 0.0000
vt 0.5900 0.7992 0.0000
vt 0.6001 0.7992 0.0000
vt 0.5973 0.7624 0.0000
vt 0.6066 0.7663 0.0000
vt 0.6182 0.7312 0.0000
vt 0.6253 0.7383 0.0000
vt 0.6494 0.7103 0.0000
vt 0.6533 0.7196 0.0000
vt 0.6863 0.7030 0.0000
vt 0.6863 0.7130 0.0000
vt 0.7231 0.7103 0.0000
vt 0.7193 0.7196 0.0000
vt 0.7543 0.7312 0.0000
vt 0.7472 0.7383 0.0000
vt 0.7752 0.7624 0.0000
vt 0.7659 0.7663 0.0000
vt 0.7825 0.7992 0.0000
vt 0.7725 0.7992 0.0000
vt 0.5077 0.9898 0.0000
vt 0.4723 0.9898 0.0000
vt 0.5431 0.9898 0.0000
vt 0.5784 0.9898 0.0000
vt 0.0481 0.9898 0.0000
vt 0.0128 0.9898 0.0000
vt 0.0835 0.9898 0.0000
vt 0.1188 0.9898 0.0000
vt 0.1542 0.9898 0.0000
vt 0.1895 0.9898 0.0000
vt 0.2249 0.9898 0.0000
vt 0.2602 0.9898 0.0000
vt 0.2956 0.9898 0.0000
vt 0.3309 0.9898 0.0000
vt 0.3663 0.9898 0.0000
vt 0.4016 0.9898 0.0000
vt 0.4370 0.9898 0.0000
vt 0.7618 0.4914 0.0000
vt 0.7618 0.6186 0.0000
vt 0.0100 0.6186 0.0000
vt 0.0100 0.4914 0.0000
vt 0.0105 0.6961 0.0000
vt 0.0105 0.6248 0.0000
vt 0.7623 0.6252 0.0000
vt 0.7623 0.6966 0.0000
vt 0.0103 0.4910 0.0000
vt 0.7620 0.4910 0.0000
vt 0.7620 0.6182 0.0000
vt 0.0103 0.6182 0.0000
vt 0.7613 0.4914 0.0000
vt 0.7613 0.6186 0.0000
vt 0.0095 0.6186 0.0000
vt 0.0095 0.4914 0.0000
vt 0.0099 0.6961 0.0000
vt 0.0100 0.6248 0.0000
vt 0.7618 0.6252 0.0000
vt 0.7617 0.6966 0.0000
vt 0.0097 0.4910 0.0000
vt 0.7615 0.4910 0.0000
vt 0.7615 0.6182 0.0000
vt 0.0097 0.6182 0.0000
vt 0.7557 0.3924 0.0000
vt 0.0087 0.3924 0.0000
vt 0.0087 0.2416 0.0000
vt 0.7557 0.2416 0.0000
vt 0.0084 0.4839 0.0000
vt 0.0084 0.3993 0.0000
vt 0.7553 0.3993 0.0000
vt 0.7553 0.4839 0.0000
vt 0.0091 0.3920 0.0000
vt 0.0091 0.2411 0.0000
vt 0.7560 0.2411 0.0000
vt 0.7560 0.3920 0.0000
vt 0.7709 0.6725 0.0000
vt 0.8194 0.6725 0.0000
vt 0.8194 0.7238 0.0000
vt 0.7709 0.7238 0.0000
vt 0.7885 0.7606 0.0000
vt 0.7885 0.7283 0.0000
vt 0.8402 0.7284 0.0000
vt 0.8402 0.7607 0.0000
vt 0.7710 0.6725 0.0000
vt 0.7710 0.7238 0.0000
vt 0.8583 0.6729 0.0000
vt 0.8583 0.7234 0.0000
vt 0.8250 0.7234 0.0000
vt 0.8250 0.6729 0.0000
vt 0.9338 0.6644 0.0000
vt 0.9846 0.6644 0.0000
vt 0.9846 0.7166 0.0000
vt 0.9338 0.7166 0.0000
vt 0.9162 0.7540 0.0000
vt 0.9162 0.7222 0.0000
vt 0.9671 0.7222 0.0000
vt 0.9671 0.7540 0.0000
vt 0.9846 0.7167 0.0000
vt 0.9338 0.7167 0.0000
vt 0.9268 0.6645 0.0000
vt 0.9268 0.7166 0.0000
vt 0.8933 0.7166 0.0000
vt 0.8933 0.6645 0.0000
vt 0.5911 0.9000 0.0000
vt 0.6398 0.9000 0.0000
vt 0.6398 0.9515 0.0000
vt 0.5911 0.9515 0.0000
vt 0.6087 0.9886 0.0000
vt 0.6087 0.9561 0.0000
vt 0.6607 0.9561 0.0000
vt 0.6607 0.9886 0.0000
vt 0.6789 0.9004 0.0000
vt 0.6789 0.9511 0.0000
vt 0.6454 0.9511 0.0000
vt 0.6454 0.9004 0.0000
vt 0.7437 0.9011 0.0000
vt 0.7971 0.9011 0.0000
vt 0.7971 0.9562 0.0000
vt 0.7437 0.9562 0.0000
vt 0.7252 0.9954 0.0000
vt 0.7251 0.9620 0.0000
vt 0.7787 0.9620 0.0000
vt 0.7787 0.9954 0.0000
vt 0.7437 0.9012 0.0000
vt 0.7972 0.9012 0.0000
vt 0.7972 0.9562 0.0000
vt 0.7364 0.9013 0.0000
vt 0.7364 0.9562 0.0000
vt 0.7011 0.9562 0.0000
vt 0.7011 0.9013 0.0000
vt 0.7363 0.9013 0.0000
vt 0.7363 0.9562 0.0000
vt 0.8402 0.5649 0.0000
vt 0.8402 0.6224 0.0000
vt 0.7875 0.6224 0.0000
vt 0.7875 0.5649 0.0000
vt 0.8052 0.6595 0.0000
vt 0.8052 0.6291 0.0000
vt 0.8580 0.6292 0.0000
vt 0.8579 0.6596 0.0000
vt 0.8403 0.5649 0.0000
vt 0.8403 0.6224 0.0000
vt 0.8802 0.5648 0.0000
vt 0.8802 0.6223 0.0000
vt 0.8498 0.6223 0.0000
vt 0.8498 0.5648 0.0000
vt 0.9408 0.5655 0.0000
vt 0.9408 0.6230 0.0000
vt 0.8880 0.6230 0.0000
vt 0.8880 0.5655 0.0000
vt 0.9022 0.6590 0.0000
vt 0.9022 0.6290 0.0000
vt 0.9549 0.6289 0.0000
vt 0.9549 0.6590 0.0000
vt 0.9816 0.5656 0.0000
vt 0.9816 0.6231 0.0000
vt 0.9516 0.6231 0.0000
vt 0.9516 0.5656 0.0000
vt 0.9271 0.7574 0.0000
vt 0.9271 0.8237 0.0000
vt 0.8663 0.8237 0.0000
vt 0.8663 0.7574 0.0000
vt 0.8730 0.8296 0.0000
vt 0.9080 0.8296 0.0000
vt 0.9080 0.8904 0.0000
vt 0.8730 0.8904 0.0000
vt 0.9932 0.7580 0.0000
vt 0.9932 0.8243 0.0000
vt 0.9324 0.8243 0.0000
vt 0.9324 0.7580 0.0000
vt 0.9924 0.8296 0.0000
vt 0.9924 0.8959 0.0000
vt 0.9574 0.8959 0.0000
vt 0.9574 0.8296 0.0000
vt 0.9501 0.8296 0.0000
vt 0.9501 0.8959 0.0000
vt 0.9151 0.8959 0.0000
vt 0.9151 0.8296 0.0000
vt 0.8782 0.2487 0.0000
vt 0.8782 0.3238 0.0000
vt 0.8093 0.3238 0.0000
vt 0.8093 0.2487 0.0000
vt 0.8169 0.3306 0.0000
vt 0.8566 0.3306 0.0000
vt 0.8566 0.3994 0.0000
vt 0.8169 0.3994 0.0000
vt 0.9531 0.2494 0.0000
vt 0.9531 0.3246 0.0000
vt 0.8842 0.3246 0.0000
vt 0.8842 0.2494 0.0000
vt 0.9522 0.3306 0.0000
vt 0.9522 0.4057 0.0000
vt 0.9125 0.4057 0.0000
vt 0.9125 0.3306 0.0000
vt 0.9043 0.3306 0.0000
vt 0.9043 0.4057 0.0000
vt 0.8646 0.4057 0.0000
vt 0.8646 0.3306 0.0000
vt 0.9573 0.9027 0.0000
vt 0.9573 0.9544 0.0000
vt 0.9099 0.9544 0.0000
vt 0.9099 0.9027 0.0000
vt 0.9226 0.9867 0.0000
vt 0.9226 0.9597 0.0000
vt 0.9700 0.9597 0.0000
vt 0.9700 0.9867 0.0000
vt 0.9940 0.9028 0.0000
vt 0.9940 0.9545 0.0000
vt 0.9670 0.9545 0.0000
vt 0.9670 0.9028 0.0000
vt 0.8570 0.9022 0.0000
vt 0.8570 0.9539 0.0000
vt 0.8096 0.9539 0.0000
vt 0.8096 0.9022 0.0000
vt 0.8255 0.9872 0.0000
vt 0.8255 0.9599 0.0000
vt 0.8729 0.9599 0.0000
vt 0.8729 0.9873 0.0000
vt 0.8929 0.9020 0.0000
vt 0.8929 0.9537 0.0000
vt 0.8655 0.9537 0.0000
vt 0.8655 0.9020 0.0000
vt 0.8822 0.4139 0.0000
vt 0.8822 0.4822 0.0000
vt 0.8196 0.4822 0.0000
vt 0.8196 0.4139 0.0000
vt 0.8265 0.4883 0.0000
vt 0.8626 0.4883 0.0000
vt 0.8626 0.5509 0.0000
vt 0.8265 0.5509 0.0000
vt 0.9503 0.4146 0.0000
vt 0.9503 0.4828 0.0000
vt 0.8877 0.4828 0.0000
vt 0.8877 0.4146 0.0000
vt 0.9495 0.4883 0.0000
vt 0.9495 0.5565 0.0000
vt 0.9134 0.5565 0.0000
vt 0.9134 0.4883 0.0000
vt 0.9059 0.4883 0.0000
vt 0.9059 0.5565 0.0000
vt 0.8698 0.5565 0.0000
vt 0.8698 0.4883 0.0000
# 432 texture coords

o Castle_Exterior
g Castle_Exterior
f 1/1/1 2/2/1 3/3/1 
f 3/3/1 4/4/1 1/1/1 
f 5/5/2 6/6/2 7/7/2 
f 7/7/2 8/8/2 5/5/2 
f 9/9/1 10/10/1 11/11/1 
f 11/11/1 12/12/1 9/9/1 
f 11/13/3 12/14/4 2/15/4 
f 2/15/4 1/16/3 11/13/3 
f 2/2/1 5/17/1 8/18/1 
f 8/18/1 3/3/1 2/2/1 
f 9/9/1 12/12/1 6/19/1 
f 6/19/1 7/20/1 9/9/1 
f 13/21/1 10/10/1 9/9/1 
f 9/9/1 14/22/1 13/21/1 
f 14/22/1 9/9/1 7/20/1 
f 7/20/1 15/23/1 14/22/1 
f 8/8/2 7/7/2 15/24/2 
f 15/24/2 16/25/2 8/8/2 
f 3/3/1 8/18/1 16/26/1 
f 16/26/1 17/27/1 3/3/1 
f 4/4/1 3/3/1 17/27/1 
f 17/27/1 18/28/1 4/4/1 
f 19/29/1 1/1/1 4/4/1 
f 4/4/1 20/30/1 19/29/1 
f 21/31/5 11/13/3 1/16/3 
f 1/16/3 19/32/5 21/31/5 
f 10/10/1 22/33/1 21/34/1 
f 21/34/1 11/11/1 10/10/1 
f 23/35/1 22/33/1 10/10/1 
f 10/10/1 13/21/1 23/35/1 
f 20/30/1 4/4/1 18/28/1 
f 18/28/1 24/36/1 20/30/1 
f 25/37/1 19/29/1 20/30/1 
f 20/30/1 26/38/1 25/37/1 
f 27/39/6 21/31/5 19/32/5 
f 19/32/5 25/40/6 27/39/6 
f 22/33/1 28/41/1 27/42/1 
f 27/42/1 21/34/1 22/33/1 
f 29/43/1 28/41/1 22/33/1 
f 22/33/1 23/35/1 29/43/1 
f 26/38/1 20/30/1 24/36/1 
f 24/36/1 30/44/1 26/38/1 
f 31/45/1 25/37/1 26/38/1 
f 26/38/1 32/46/1 31/45/1 
f 33/47/7 27/39/6 25/40/6 
f 25/40/6 31/48/7 33/47/7 
f 28/41/1 34/49/1 33/50/1 
f 33/50/1 27/42/1 28/41/1 
f 35/51/1 34/49/1 28/41/1 
f 28/41/1 29/43/1 35/51/1 
f 32/46/1 26/38/1 30/44/1 
f 30/44/1 36/52/1 32/46/1 
f 37/53/1 31/45/1 32/46/1 
f 37/53/1 32/46/1 38/54/1 
f 37/53/1 38/54/1 39/55/1 
f 37/53/1 39/55/1 40/56/1 
f 41/57/8 33/47/7 31/48/7 
f 41/57/8 31/48/7 37/58/8 
f 41/57/8 37/58/8 40/59/8 
f 41/57/8 40/59/8 42/60/8 
f 43/61/1 44/62/1 42/63/1 
f 43/61/1 42/63/1 41/64/1 
f 43/61/1 41/64/1 33/50/1 
f 43/61/1 33/50/1 34/49/1 
f 45/65/1 46/66/1 44/62/1 
f 45/65/1 44/62/1 43/61/1 
f 45/65/1 43/61/1 34/49/1 
f 45/65/1 34/49/1 35/51/1 
f 38/54/1 32/46/1 36/52/1 
f 38/54/1 36/52/1 47/67/1 
f 38/54/1 47/67/1 48/68/1 
f 38/54/1 48/68/1 39/55/1 
f 49/69/1 2/2/1 50/70/1 
f 50/70/1 51/71/1 49/69/1 
f 52/72/2 6/6/2 5/5/2 
f 5/5/2 53/73/2 52/72/2 
f 54/74/1 12/12/1 55/75/1 
f 55/75/1 56/76/1 54/74/1 
f 2/77/9 12/78/9 55/79/10 
f 55/79/10 50/80/10 2/77/9 
f 53/81/1 5/17/1 2/2/1 
f 2/2/1 49/69/1 53/81/1 
f 6/19/1 12/12/1 54/74/1 
f 54/74/1 52/82/1 6/19/1 
f 54/74/1 56/76/1 57/83/1 
f 57/83/1 58/84/1 54/74/1 
f 52/82/1 54/74/1 58/84/1 
f 58/84/1 59/85/1 52/82/1 
f 59/86/2 52/72/2 53/73/2 
f 53/73/2 60/87/2 59/86/2 
f 60/88/1 53/81/1 49/69/1 
f 49/69/1 61/89/1 60/88/1 
f 61/89/1 49/69/1 51/71/1 
f 51/71/1 62/90/1 61/89/1 
f 51/71/1 50/70/1 63/91/1 
f 63/91/1 64/92/1 51/71/1 
f 50/80/10 55/79/10 65/93/11 
f 65/93/11 63/94/11 50/80/10 
f 56/76/1 55/75/1 65/95/1 
f 65/95/1 66/96/1 56/76/1 
f 56/76/1 66/96/1 67/97/1 
f 67/97/1 57/83/1 56/76/1 
f 62/90/1 51/71/1 64/92/1 
f 64/92/1 68/98/1 62/90/1 
f 64/92/1 63/91/1 69/99/1 
f 69/99/1 70/100/1 64/92/1 
f 63/94/11 65/93/11 71/101/12 
f 71/101/12 69/102/12 63/94/11 
f 66/96/1 65/95/1 71/103/1 
f 71/103/1 72/104/1 66/96/1 
f 66/96/1 72/104/1 73/105/1 
f 73/105/1 67/97/1 66/96/1 
f 68/98/1 64/92/1 70/100/1 
f 70/100/1 74/106/1 68/98/1 
f 70/100/1 69/99/1 75/107/13 
f 75/107/13 76/108/13 70/100/1 
f 69/102/12 71/101/12 77/109/14 
f 77/109/14 75/110/14 69/102/12 
f 72/104/1 71/103/1 77/111/1 
f 77/111/1 78/112/1 72/104/1 
f 72/104/1 78/112/1 79/113/1 
f 79/113/1 73/105/1 72/104/1 
f 74/106/1 70/100/1 76/108/13 
f 76/108/13 80/114/1 74/106/1 
f 81/115/13 82/116/13 83/117/13 
f 81/115/13 83/117/13 84/118/13 
f 81/115/13 84/118/13 76/108/13 
f 81/115/13 76/108/13 75/107/13 
f 85/119/15 86/120/15 82/121/15 
f 85/119/15 82/121/15 81/122/15 
f 85/119/15 81/122/15 75/110/14 
f 85/119/15 75/110/14 77/109/14 
f 87/123/1 78/112/1 77/111/1 
f 87/123/1 77/111/1 85/124/1 
f 87/123/1 85/124/1 86/125/1 
f 87/123/1 86/125/1 88/126/1 
f 89/127/1 79/113/1 78/112/1 
f 89/127/1 78/112/1 87/123/1 
f 89/127/1 87/123/1 88/126/1 
f 89/127/1 88/126/1 90/128/1 
f 84/118/13 83/117/13 91/129/1 
f 84/118/13 91/129/1 92/130/1 
f 84/118/13 92/130/1 80/114/1 
f 84/118/13 80/114/1 76/108/13 
f 93/131/16 94/132/16 95/133/17 
f 95/133/17 96/134/17 93/131/16 
f 97/135/18 98/136/18 94/132/16 
f 94/132/16 93/131/16 97/135/18 
f 99/137/19 100/138/19 98/136/18 
f 98/136/18 97/135/18 99/137/19 
f 101/139/20 102/140/20 100/141/19 
f 100/141/19 99/142/19 101/139/20 
f 103/143/21 104/144/21 102/140/20 
f 102/140/20 101/139/20 103/143/21 
f 105/145/22 106/146/22 104/144/21 
f 104/144/21 103/143/21 105/145/22 
f 107/147/23 108/148/23 106/146/22 
f 106/146/22 105/145/22 107/147/23 
f 109/149/24 110/150/24 108/148/23 
f 108/148/23 107/147/23 109/149/24 
f 111/151/25 112/152/25 110/150/24 
f 110/150/24 109/149/24 111/151/25 
f 113/153/26 114/154/26 112/152/25 
f 112/152/25 111/151/25 113/153/26 
f 115/155/1 116/156/1 114/154/26 
f 114/154/26 113/153/26 115/155/1 
f 117/157/27 118/158/27 116/156/1 
f 116/156/1 115/155/1 117/157/27 
f 119/159/28 120/160/28 118/158/27 
f 118/158/27 117/157/27 119/159/28 
f 121/161/29 122/162/29 120/160/28 
f 120/160/28 119/159/28 121/161/29 
f 123/163/30 124/164/30 122/162/29 
f 122/162/29 121/161/29 123/163/30 
f 96/134/17 95/133/17 124/164/30 
f 124/164/30 123/163/30 96/134/17 
f 125/165/2 126/166/2 127/167/2 
f 127/167/2 128/168/2 129/169/2 
f 129/169/2 130/170/2 131/171/2 
f 127/167/2 129/169/2 131/171/2 
f 131/171/2 132/172/2 133/173/2 
f 133/173/2 134/174/2 135/175/2 
f 131/171/2 133/173/2 135/175/2 
f 135/175/2 136/176/2 137/177/2 
f 137/177/2 138/178/2 139/179/2 
f 135/175/2 137/177/2 139/179/2 
f 131/171/2 135/175/2 139/179/2 
f 127/167/2 131/171/2 139/179/2 
f 125/165/2 127/167/2 139/179/2 
f 140/180/2 125/165/2 139/179/2 
f 141/181/2 142/182/31 94/183/31 
f 94/183/31 95/184/2 141/181/2 
f 142/182/31 143/185/31 98/186/31 
f 98/186/31 94/183/31 142/182/31 
f 143/185/31 144/187/2 100/188/2 
f 100/188/2 98/186/31 143/185/31 
f 144/187/2 145/189/2 102/190/2 
f 102/190/2 100/188/2 144/187/2 
f 145/189/2 146/191/2 104/192/2 
f 104/192/2 102/190/2 145/189/2 
f 146/191/2 147/193/2 106/194/2 
f 106/194/2 104/192/2 146/191/2 
f 147/193/2 148/195/2 108/196/2 
f 108/196/2 106/194/2 147/193/2 
f 148/195/2 149/197/2 110/198/2 
f 110/198/2 108/196/2 148/195/2 
f 149/197/2 150/199/2 112/200/2 
f 112/200/2 110/198/2 149/197/2 
f 150/199/2 151/201/2 114/202/2 
f 114/202/2 112/200/2 150/199/2 
f 151/201/2 152/203/2 116/204/2 
f 116/204/2 114/202/2 151/201/2 
f 152/203/2 153/205/2 118/206/2 
f 118/206/2 116/204/2 152/203/2 
f 153/205/2 154/207/2 120/208/2 
f 120/208/2 118/206/2 153/205/2 
f 154/207/2 155/209/2 122/210/2 
f 122/210/2 120/208/2 154/207/2 
f 155/209/2 156/211/2 124/212/2 
f 124/212/2 122/210/2 155/209/2 
f 156/211/2 141/181/2 95/184/2 
f 95/184/2 124/212/2 156/211/2 
f 142/132/16 125/213/16 140/214/17 
f 140/214/17 141/133/17 142/132/16 
f 143/136/18 126/215/18 125/213/16 
f 125/213/16 142/132/16 143/136/18 
f 144/138/19 127/216/19 126/215/18 
f 126/215/18 143/136/18 144/138/19 
f 145/140/20 128/217/20 127/218/19 
f 127/218/19 144/141/19 145/140/20 
f 146/144/21 129/219/21 128/217/20 
f 128/217/20 145/140/20 146/144/21 
f 147/146/22 130/220/22 129/219/21 
f 129/219/21 146/144/21 147/146/22 
f 148/148/23 131/221/23 130/220/22 
f 130/220/22 147/146/22 148/148/23 
f 149/150/24 132/222/24 131/221/23 
f 131/221/23 148/148/23 149/150/24 
f 150/152/25 133/223/25 132/222/24 
f 132/222/24 149/150/24 150/152/25 
f 151/154/26 134/224/26 133/223/25 
f 133/223/25 150/152/25 151/154/26 
f 152/156/1 135/225/1 134/224/26 
f 134/224/26 151/154/26 152/156/1 
f 153/158/27 136/226/27 135/225/1 
f 135/225/1 152/156/1 153/158/27 
f 154/160/28 137/227/28 136/226/27 
f 136/226/27 153/158/27 154/160/28 
f 155/162/29 138/228/29 137/227/28 
f 137/227/28 154/160/28 155/162/29 
f 156/164/30 139/229/30 138/228/29 
f 138/228/29 155/162/29 156/164/30 
f 141/133/17 140/214/17 139/229/30 
f 139/229/30 156/164/30 141/133/17 
f 157/230/30 158/231/30 159/232/30 
f 159/232/30 160/233/30 157/230/30 
f 158/234/2 161/235/2 162/236/2 
f 162/236/2 159/237/2 158/234/2 
f 163/238/30 164/239/30 161/240/30 
f 161/240/30 162/241/30 163/238/30 
f 165/242/30 166/243/30 167/244/30 
f 167/244/30 168/245/30 165/242/30 
f 166/246/2 169/247/2 170/248/2 
f 170/248/2 167/249/2 166/246/2 
f 171/250/30 172/251/30 169/252/30 
f 169/252/30 170/253/30 171/250/30 
f 173/131/16 174/132/16 175/133/17 
f 175/133/17 176/134/17 173/131/16 
f 177/135/18 178/136/18 174/132/16 
f 174/132/16 173/131/16 177/135/18 
f 179/137/19 180/138/19 178/136/18 
f 178/136/18 177/135/18 179/137/19 
f 181/139/20 182/140/20 180/141/19 
f 180/141/19 179/142/19 181/139/20 
f 183/143/21 184/144/21 182/140/20 
f 182/140/20 181/139/20 183/143/21 
f 185/145/22 186/146/22 184/144/21 
f 184/144/21 183/143/21 185/145/22 
f 187/147/23 188/148/23 186/146/22 
f 186/146/22 185/145/22 187/147/23 
f 189/149/24 190/150/24 188/148/23 
f 188/148/23 187/147/23 189/149/24 
f 191/151/25 192/152/25 190/150/24 
f 190/150/24 189/149/24 191/151/25 
f 193/153/26 194/154/26 192/152/25 
f 192/152/25 191/151/25 193/153/26 
f 195/155/1 196/156/1 194/154/26 
f 194/154/26 193/153/26 195/155/1 
f 197/157/27 198/158/27 196/156/1 
f 196/156/1 195/155/1 197/157/27 
f 199/159/28 200/160/28 198/158/27 
f 198/158/27 197/157/27 199/159/28 
f 201/161/29 202/162/29 200/160/28 
f 200/160/28 199/159/28 201/161/29 
f 203/163/30 204/164/30 202/162/29 
f 202/162/29 201/161/29 203/163/30 
f 176/134/17 175/133/17 204/164/30 
f 204/164/30 203/163/30 176/134/17 
f 205/165/2 206/166/2 207/167/2 
f 207/167/2 208/168/2 209/169/2 
f 209/169/2 210/170/2 211/171/2 
f 207/167/2 209/169/2 211/171/2 
f 211/171/2 212/172/2 213/173/2 
f 213/173/2 214/174/2 215/175/2 
f 211/171/2 213/173/2 215/175/2 
f 215/175/2 216/176/2 217/177/2 
f 217/177/2 218/178/2 219/179/2 
f 215/175/2 217/177/2 219/179/2 
f 211/171/2 215/175/2 219/179/2 
f 207/167/2 211/171/2 219/179/2 
f 205/165/2 207/167/2 219/179/2 
f 220/180/2 205/165/2 219/179/2 
f 221/181/2 222/182/31 174/183/31 
f 174/183/31 175/184/2 221/181/2 
f 222/182/31 223/185/31 178/186/31 
f 178/186/31 174/183/31 222/182/31 
f 223/185/31 224/187/2 180/188/2 
f 180/188/2 178/186/31 223/185/31 
f 224/187/2 225/189/2 182/190/2 
f 182/190/2 180/188/2 224/187/2 
f 225/189/2 226/191/2 184/192/2 
f 184/192/2 182/190/2 225/189/2 
f 226/191/2 227/193/2 186/194/2 
f 186/194/2 184/192/2 226/191/2 
f 227/193/2 228/195/2 188/196/2 
f 188/196/2 186/194/2 227/193/2 
f 228/195/2 229/197/2 190/198/2 
f 190/198/2 188/196/2 228/195/2 
f 229/197/2 230/199/2 192/200/2 
f 192/200/2 190/198/2 229/197/2 
f 230/199/2 231/201/2 194/202/2 
f 194/202/2 192/200/2 230/199/2 
f 231/201/2 232/203/2 196/204/2 
f 196/204/2 194/202/2 231/201/2 
f 232/203/2 233/205/2 198/206/2 
f 198/206/2 196/204/2 232/203/2 
f 233/205/2 234/207/2 200/208/2 
f 200/208/2 198/206/2 233/205/2 
f 234/207/2 235/209/2 202/210/2 
f 202/210/2 200/208/2 234/207/2 
f 235/209/2 236/211/2 204/212/2 
f 204/212/2 202/210/2 235/209/2 
f 236/211/2 221/181/2 175/184/2 
f 175/184/2 204/212/2 236/211/2 
f 222/132/16 205/213/16 220/214/17 
f 220/214/17 221/133/17 222/132/16 
f 223/136/18 206/215/18 205/213/16 
f 205/213/16 222/132/16 223/136/18 
f 224/138/19 207/216/19 206/215/18 
f 206/215/18 223/136/18 224/138/19 
f 225/140/20 208/217/20 207/218/19 
f 207/218/19 224/141/19 225/140/20 
f 226/144/21 209/219/21 208/217/20 
f 208/217/20 225/140/20 226/144/21 
f 227/146/22 210/220/22 209/219/21 
f 209/219/21 226/144/21 227/146/22 
f 228/148/23 211/221/23 210/220/22 
f 210/220/22 227/146/22 228/148/23 
f 229/150/24 212/222/24 211/221/23 
f 211/221/23 228/148/23 229/150/24 
f 230/152/25 213/223/25 212/222/24 
f 212/222/24 229/150/24 230/152/25 
f 231/154/26 214/224/26 213/223/25 
f 213/223/25 230/152/25 231/154/26 
f 232/156/1 215/225/1 214/224/26 
f 214/224/26 231/154/26 232/156/1 
f 233/158/27 216/226/27 215/225/1 
f 215/225/1 232/156/1 233/158/27 
f 234/160/28 217/227/28 216/226/27 
f 216/226/27 233/158/27 234/160/28 
f 235/162/29 218/228/29 217/227/28 
f 217/227/28 234/160/28 235/162/29 
f 236/164/30 219/229/30 218/228/29 
f 218/228/29 235/162/29 236/164/30 
f 221/133/17 220/214/17 219/229/30 
f 219/229/30 236/164/30 221/133/17 
f 237/131/16 238/132/16 239/133/17 
f 239/133/17 240/134/17 237/131/16 
f 241/135/18 242/136/18 238/132/16 
f 238/132/16 237/131/16 241/135/18 
f 243/137/19 244/138/19 242/136/18 
f 242/136/18 241/135/18 243/137/19 
f 245/139/20 246/140/20 244/141/19 
f 244/141/19 243/142/19 245/139/20 
f 247/143/21 248/144/21 246/140/20 
f 246/140/20 245/139/20 247/143/21 
f 249/145/22 250/146/22 248/144/21 
f 248/144/21 247/143/21 249/145/22 
f 251/147/23 252/148/23 250/146/22 
f 250/146/22 249/145/22 251/147/23 
f 253/149/24 254/150/24 252/148/23 
f 252/148/23 251/147/23 253/149/24 
f 255/151/25 256/152/25 254/150/24 
f 254/150/24 253/149/24 255/151/25 
f 257/153/26 258/154/26 256/152/25 
f 256/152/25 255/151/25 257/153/26 
f 259/155/1 260/156/1 258/154/26 
f 258/154/26 257/153/26 259/155/1 
f 261/157/27 262/158/27 260/156/1 
f 260/156/1 259/155/1 261/157/27 
f 263/159/28 264/160/28 262/158/27 
f 262/158/27 261/157/27 263/159/28 
f 265/161/29 266/162/29 264/160/28 
f 264/160/28 263/159/28 265/161/29 
f 267/163/30 268/164/30 266/162/29 
f 266/162/29 265/161/29 267/163/30 
f 240/134/17 239/133/17 268/164/30 
f 268/164/30 267/163/30 240/134/17 
f 269/165/2 270/166/2 271/167/2 
f 271/167/2 272/168/2 273/169/2 
f 273/169/2 274/170/2 275/171/2 
f 271/167/2 273/169/2 275/171/2 
f 275/171/2 276/172/2 277/173/2 
f 277/173/2 278/174/2 279/175/2 
f 275/171/2 277/173/2 279/175/2 
f 279/175/2 280/176/2 281/177/2 
f 281/177/2 282/178/2 283/179/2 
f 279/175/2 281/177/2 283/179/2 
f 275/171/2 279/175/2 283/179/2 
f 271/167/2 275/171/2 283/179/2 
f 269/165/2 271/167/2 283/179/2 
f 284/180/2 269/165/2 283/179/2 
f 285/181/2 286/182/31 238/183/31 
f 238/183/31 239/184/2 285/181/2 
f 286/182/31 287/185/31 242/186/31 
f 242/186/31 238/183/31 286/182/31 
f 287/185/31 288/187/2 244/188/2 
f 244/188/2 242/186/31 287/185/31 
f 288/187/2 289/189/2 246/190/2 
f 246/190/2 244/188/2 288/187/2 
f 289/189/2 290/191/2 248/192/2 
f 248/192/2 246/190/2 289/189/2 
f 290/191/2 291/193/2 250/194/2 
f 250/194/2 248/192/2 290/191/2 
f 291/193/2 292/195/2 252/196/2 
f 252/196/2 250/194/2 291/193/2 
f 292/195/2 293/197/2 254/198/2 
f 254/198/2 252/196/2 292/195/2 
f 293/197/2 294/199/2 256/200/2 
f 256/200/2 254/198/2 293/197/2 
f 294/199/2 295/201/2 258/202/2 
f 258/202/2 256/200/2 294/199/2 
f 295/201/2 296/203/2 260/204/2 
f 260/204/2 258/202/2 295/201/2 
f 296/203/2 297/205/2 262/206/2 
f 262/206/2 260/204/2 296/203/2 
f 297/205/2 298/207/2 264/208/2 
f 264/208/2 262/206/2 297/205/2 
f 298/207/2 299/209/2 266/210/2 
f 266/210/2 264/208/2 298/207/2 
f 299/209/2 300/211/2 268/212/2 
f 268/212/2 266/210/2 299/209/2 
f 300/211/2 285/181/2 239/184/2 
f 239/184/2 268/212/2 300/211/2 
f 286/132/16 269/213/16 284/214/17 
f 284/214/17 285/133/17 286/132/16 
f 287/136/18 270/215/18 269/213/16 
f 269/213/16 286/132/16 287/136/18 
f 288/138/19 271/216/19 270/215/18 
f 270/215/18 287/136/18 288/138/19 
f 289/140/20 272/217/20 271/218/19 
f 271/218/19 288/141/19 289/140/20 
f 290/144/21 273/219/21 272/217/20 
f 272/217/20 289/140/20 290/144/21 
f 291/146/22 274/220/22 273/219/21 
f 273/219/21 290/144/21 291/146/22 
f 292/148/23 275/221/23 274/220/22 
f 274/220/22 291/146/22 292/148/23 
f 293/150/24 276/222/24 275/221/23 
f 275/221/23 292/148/23 293/150/24 
f 294/152/25 277/223/25 276/222/24 
f 276/222/24 293/150/24 294/152/25 
f 295/154/26 278/224/26 277/223/25 
f 277/223/25 294/152/25 295/154/26 
f 296/156/1 279/225/1 278/224/26 
f 278/224/26 295/154/26 296/156/1 
f 297/158/27 280/226/27 279/225/1 
f 279/225/1 296/156/1 297/158/27 
f 298/160/28 281/227/28 280/226/27 
f 280/226/27 297/158/27 298/160/28 
f 299/162/29 282/228/29 281/227/28 
f 281/227/28 298/160/28 299/162/29 
f 300/164/30 283/229/30 282/228/29 
f 282/228/29 299/162/29 300/164/30 
f 285/133/17 284/214/17 283/229/30 
f 283/229/30 300/164/30 285/133/17 
f 301/254/1 302/255/1 303/256/1 
f 303/256/1 304/257/1 301/254/1 
f 302/258/2 305/259/2 306/260/2 
f 306/260/2 301/261/2 302/258/2 
f 305/262/1 307/263/1 308/264/1 
f 308/264/1 306/265/1 305/262/1 
f 309/266/32 310/267/32 311/268/32 
f 311/268/32 312/269/32 309/266/32 
f 310/270/2 313/271/2 314/272/2 
f 314/272/2 311/273/2 310/270/2 
f 313/274/33 315/267/33 316/268/33 
f 316/268/33 314/275/33 313/274/33 
f 315/276/34 313/277/34 310/278/34 
f 310/278/34 309/279/34 315/276/34 
f 312/276/35 311/277/35 314/278/35 
f 314/278/35 316/279/35 312/276/35 
f 317/280/36 318/281/36 319/282/36 
f 319/282/36 320/283/36 317/280/36 
f 318/284/2 321/285/2 322/286/2 
f 322/286/2 319/287/2 318/284/2 
f 321/280/37 323/281/37 324/288/37 
f 324/288/37 322/289/37 321/280/37 
f 323/290/38 321/291/38 318/292/38 
f 318/292/38 317/293/38 323/290/38 
f 320/290/39 319/291/39 322/292/39 
f 322/292/39 324/293/39 320/290/39 
f 325/266/40 326/267/40 327/268/40 
f 327/268/40 328/269/40 325/266/40 
f 326/270/2 329/271/2 330/272/2 
f 330/272/2 327/273/2 326/270/2 
f 329/274/41 331/267/41 332/268/41 
f 332/268/41 330/275/41 329/274/41 
f 331/276/42 329/277/42 326/278/42 
f 326/278/42 325/279/42 331/276/42 
f 328/276/43 327/277/43 330/278/43 
f 330/278/43 332/279/43 328/276/43 
f 333/280/44 334/281/44 335/282/44 
f 335/282/44 336/283/44 333/280/44 
f 334/284/2 337/285/2 338/286/2 
f 338/286/2 335/287/2 334/284/2 
f 337/280/45 339/281/45 340/288/45 
f 340/288/45 338/289/45 337/280/45 
f 339/290/46 337/291/46 334/292/46 
f 334/292/46 333/293/46 339/290/46 
f 336/290/47 335/291/47 338/292/47 
f 338/292/47 340/293/47 336/290/47 
f 341/294/48 342/295/48 343/296/48 
f 343/296/48 344/297/48 341/294/48 
f 342/298/2 345/299/2 346/300/2 
f 346/300/2 343/301/2 342/298/2 
f 345/294/49 347/295/49 348/296/49 
f 348/296/49 346/297/49 345/294/49 
f 347/302/50 345/303/50 342/304/50 
f 342/304/50 341/305/50 347/302/50 
f 344/302/51 343/303/51 346/304/51 
f 346/304/51 348/305/51 344/302/51 
f 349/306/52 350/307/52 351/308/52 
f 351/308/52 352/309/52 349/306/52 
f 350/310/31 353/311/31 354/312/31 
f 354/312/31 351/313/31 350/310/31 
f 353/314/53 355/315/53 356/316/53 
f 356/316/53 354/309/53 353/314/53 
f 355/317/54 353/318/54 350/319/54 
f 350/319/54 349/320/54 355/317/54 
f 352/321/55 351/322/55 354/319/55 
f 354/319/55 356/320/55 352/321/55 
f 357/294/56 358/295/56 359/296/56 
f 359/296/56 360/297/56 357/294/56 
f 358/298/31 361/299/31 362/300/31 
f 362/300/31 359/301/31 358/298/31 
f 361/294/57 363/295/57 364/296/57 
f 364/296/57 362/297/57 361/294/57 
f 363/302/58 361/303/58 358/304/58 
f 358/304/58 357/305/58 363/302/58 
f 360/302/59 359/303/59 362/304/59 
f 362/304/59 364/305/59 360/302/59 
f 365/306/60 366/307/60 367/308/60 
f 367/308/60 368/309/60 365/306/60 
f 366/310/31 369/311/31 370/312/31 
f 370/312/31 367/313/31 366/310/31 
f 369/314/61 371/315/61 372/316/61 
f 372/316/61 370/309/61 369/314/61 
f 371/317/62 369/318/62 366/319/62 
f 366/319/62 365/320/62 371/317/62 
f 368/321/63 367/322/63 370/319/63 
f 370/319/63 372/320/63 368/321/63 
f 373/294/64 374/295/64 375/296/64 
f 375/296/64 376/297/64 373/294/64 
f 374/298/31 377/299/31 378/300/31 
f 378/300/31 375/301/31 374/298/31 
f 377/294/65 379/295/65 380/296/65 
f 380/296/65 378/297/65 377/294/65 
f 379/302/66 377/303/66 374/304/66 
f 374/304/66 373/305/66 379/302/66 
f 376/302/67 375/303/67 378/304/67 
f 378/304/67 380/305/67 376/302/67 
f 381/306/68 382/307/68 383/308/68 
f 383/308/68 384/309/68 381/306/68 
f 382/310/2 385/311/2 386/312/2 
f 386/312/2 383/313/2 382/310/2 
f 385/314/69 387/315/69 388/316/69 
f 388/316/69 386/309/69 385/314/69 
f 387/317/70 385/318/70 382/319/70 
f 382/319/70 381/320/70 387/317/70 
f 384/321/71 383/322/71 386/319/71 
f 386/319/71 388/320/71 384/321/71 
f 389/294/72 390/295/72 391/296/72 
f 391/296/72 392/297/72 389/294/72 
f 390/298/2 393/299/2 394/300/2 
f 394/300/2 391/301/2 390/298/2 
f 393/294/73 395/295/73 396/296/73 
f 396/296/73 394/297/73 393/294/73 
f 395/302/74 393/303/74 390/304/74 
f 390/304/74 389/305/74 395/302/74 
f 392/302/75 391/303/75 394/304/75 
f 394/304/75 396/305/75 392/302/75 
f 397/306/76 398/307/76 399/308/76 
f 399/308/76 400/309/76 397/306/76 
f 398/310/2 401/311/2 402/312/2 
f 402/312/2 399/313/2 398/310/2 
f 401/314/77 403/315/77 404/316/77 
f 404/316/77 402/309/77 401/314/77 
f 403/317/78 401/318/78 398/319/78 
f 398/319/78 397/320/78 403/317/78 
f 400/321/79 399/322/79 402/319/79 
f 402/319/79 404/320/79 400/321/79 
f 405/266/80 406/267/80 407/268/80 
f 407/268/80 408/269/80 405/266/80 
f 406/270/2 409/271/2 410/272/2 
f 410/272/2 407/273/2 406/270/2 
f 409/274/81 411/267/81 412/268/81 
f 412/268/81 410/275/81 409/274/81 
f 411/276/82 409/277/82 406/278/82 
f 406/278/82 405/279/82 411/276/82 
f 408/276/83 407/277/83 410/278/83 
f 410/278/83 412/279/83 408/276/83 
f 413/280/84 414/281/84 415/282/84 
f 415/282/84 416/283/84 413/280/84 
f 414/284/2 417/285/2 418/286/2 
f 418/286/2 415/287/2 414/284/2 
f 417/280/85 419/281/85 420/288/85 
f 420/288/85 418/289/85 417/280/85 
f 419/290/86 417/291/86 414/292/86 
f 414/292/86 413/293/86 419/290/86 
f 416/290/87 415/291/87 418/292/87 
f 418/292/87 420/293/87 416/290/87 
f 421/266/88 422/267/88 423/268/88 
f 423/268/88 424/269/88 421/266/88 
f 422/270/31 425/271/31 426/272/31 
f 426/272/31 423/273/31 422/270/31 
f 425/274/89 427/267/89 428/268/89 
f 428/268/89 426/275/89 425/274/89 
f 427/276/90 425/277/90 422/278/90 
f 422/278/90 421/279/90 427/276/90 
f 424/276/91 423/277/91 426/278/91 
f 426/278/91 428/279/91 424/276/91 
f 429/280/92 430/281/92 431/282/92 
f 431/282/92 432/283/92 429/280/92 
f 430/284/2 433/285/2 434/286/2 
f 434/286/2 431/287/2 430/284/2 
f 433/280/93 435/281/93 436/288/93 
f 436/288/93 434/289/93 433/280/93 
f 435/290/94 433/291/94 430/292/94 
f 430/292/94 429/293/94 435/290/94 
f 432/290/95 431/291/95 434/292/95 
f 434/292/95 436/293/95 432/290/95 
f 437/306/84 438/307/84 439/308/84 
f 439/308/84 440/309/84 437/306/84 
f 438/310/2 441/311/2 442/312/2 
f 442/312/2 439/313/2 438/310/2 
f 441/314/85 443/315/85 444/316/85 
f 444/316/85 442/309/85 441/314/85 
f 443/317/86 441/318/86 438/319/86 
f 438/319/86 437/320/86 443/317/86 
f 440/321/87 439/322/87 442/319/87 
f 442/319/87 444/320/87 440/321/87 
f 445/294/88 446/295/88 447/296/88 
f 447/296/88 448/297/88 445/294/88 
f 446/298/31 449/299/31 450/300/31 
f 450/300/31 447/301/31 446/298/31 
f 449/294/89 451/295/89 452/296/89 
f 452/296/89 450/297/89 449/294/89 
f 451/302/90 449/303/90 446/304/90 
f 446/304/90 445/305/90 451/302/90 
f 448/302/91 447/303/91 450/304/91 
f 450/304/91 452/305/91 448/302/91 
f 453/306/92 454/307/92 455/308/92 
f 455/308/92 456/309/92 453/306/92 
f 454/310/2 457/311/2 458/312/2 
f 458/312/2 455/313/2 454/310/2 
f 457/314/93 459/315/93 460/316/93 
f 460/316/93 458/309/93 457/314/93 
f 459/317/94 457/318/94 454/319/94 
f 454/319/94 453/320/94 459/317/94 
f 456/321/95 455/322/95 458/319/95 
f 458/319/95 460/320/95 456/321/95 
f 461/294/32 462/295/32 463/296/32 
f 463/296/32 464/297/32 461/294/32 
f 462/298/2 465/299/2 466/300/2 
f 466/300/2 463/301/2 462/298/2 
f 465/294/33 467/295/33 468/296/33 
f 468/296/33 466/297/33 465/294/33 
f 467/302/34 465/303/34 462/304/34 
f 462/304/34 461/305/34 467/302/34 
f 464/302/35 463/303/35 466/304/35 
f 466/304/35 468/305/35 464/302/35 
f 469/306/36 470/307/36 471/308/36 
f 471/308/36 472/309/36 469/306/36 
f 470/310/2 473/311/2 474/312/2 
f 474/312/2 471/313/2 470/310/2 
f 473/314/37 475/315/37 476/316/37 
f 476/316/37 474/309/37 473/314/37 
f 475/317/38 473/318/38 470/319/38 
f 470/319/38 469/320/38 475/317/38 
f 472/321/39 471/322/39 474/319/39 
f 474/319/39 476/320/39 472/321/39 
f 477/294/40 478/295/40 479/296/40 
f 479/296/40 480/297/40 477/294/40 
f 478/298/2 481/299/2 482/300/2 
f 482/300/2 479/301/2 478/298/2 
f 481/294/41 483/295/41 484/296/41 
f 484/296/41 482/297/41 481/294/41 
f 483/302/42 481/303/42 478/304/42 
f 478/304/42 477/305/42 483/302/42 
f 480/302/43 479/303/43 482/304/43 
f 482/304/43 484/305/43 480/302/43 
f 485/306/44 486/307/44 487/308/44 
f 487/308/44 488/309/44 485/306/44 
f 486/310/2 489/311/2 490/312/2 
f 490/312/2 487/313/2 486/310/2 
f 489/314/45 491/315/45 492/316/45 
f 492/316/45 490/309/45 489/314/45 
f 491/317/46 489/318/46 486/319/46 
f 486/319/46 485/320/46 491/317/46 
f 488/321/47 487/322/47 490/319/47 
f 490/319/47 492/320/47 488/321/47 
f 493/294/48 494/295/48 495/296/48 
f 495/296/48 496/297/48 493/294/48 
f 494/298/2 497/299/2 498/300/2 
f 498/300/2 495/301/2 494/298/2 
f 497/294/49 499/295/49 500/296/49 
f 500/296/49 498/297/49 497/294/49 
f 499/302/50 497/303/50 494/304/50 
f 494/304/50 493/305/50 499/302/50 
f 496/302/51 495/303/51 498/304/51 
f 498/304/51 500/305/51 496/302/51 
f 501/306/52 502/307/52 503/308/52 
f 503/308/52 504/309/52 501/306/52 
f 502/310/31 505/311/31 506/312/31 
f 506/312/31 503/313/31 502/310/31 
f 505/314/53 507/315/53 508/316/53 
f 508/316/53 506/309/53 505/314/53 
f 507/317/54 505/318/54 502/319/54 
f 502/319/54 501/320/54 507/317/54 
f 504/321/55 503/322/55 506/319/55 
f 506/319/55 508/320/55 504/321/55 
f 509/294/56 510/295/56 511/296/56 
f 511/296/56 512/297/56 509/294/56 
f 510/298/31 513/299/31 514/300/31 
f 514/300/31 511/301/31 510/298/31 
f 513/294/57 515/295/57 516/296/57 
f 516/296/57 514/297/57 513/294/57 
f 515/302/58 513/303/58 510/304/58 
f 510/304/58 509/305/58 515/302/58 
f 512/302/59 511/303/59 514/304/59 
f 514/304/59 516/305/59 512/302/59 
f 517/306/60 518/307/60 519/308/60 
f 519/308/60 520/309/60 517/306/60 
f 518/310/31 521/311/31 522/312/31 
f 522/312/31 519/313/31 518/310/31 
f 521/314/61 523/315/61 524/316/61 
f 524/316/61 522/309/61 521/314/61 
f 523/317/62 521/318/62 518/319/62 
f 518/319/62 517/320/62 523/317/62 
f 520/321/63 519/322/63 522/319/63 
f 522/319/63 524/320/63 520/321/63 
f 525/294/64 526/295/64 527/296/64 
f 527/296/64 528/297/64 525/294/64 
f 526/298/31 529/299/31 530/300/31 
f 530/300/31 527/301/31 526/298/31 
f 529/294/65 531/295/65 532/296/65 
f 532/296/65 530/297/65 529/294/65 
f 531/302/66 529/303/66 526/304/66 
f 526/304/66 525/305/66 531/302/66 
f 528/302/67 527/303/67 530/304/67 
f 530/304/67 532/305/67 528/302/67 
f 533/306/68 534/307/68 535/308/68 
f 535/308/68 536/309/68 533/306/68 
f 534/310/2 537/311/2 538/312/2 
f 538/312/2 535/313/2 534/310/2 
f 537/314/69 539/315/69 540/316/69 
f 540/316/69 538/309/69 537/314/69 
f 539/317/70 537/318/70 534/319/70 
f 534/319/70 533/320/70 539/317/70 
f 536/321/71 535/322/71 538/319/71 
f 538/319/71 540/320/71 536/321/71 
f 541/294/72 542/295/72 543/296/72 
f 543/296/72 544/297/72 541/294/72 
f 542/298/2 545/299/2 546/300/2 
f 546/300/2 543/301/2 542/298/2 
f 545/294/73 547/295/73 548/296/73 
f 548/296/73 546/297/73 545/294/73 
f 547/302/74 545/303/74 542/304/74 
f 542/304/74 541/305/74 547/302/74 
f 544/302/75 543/303/75 546/304/75 
f 546/304/75 548/305/75 544/302/75 
f 549/306/76 550/307/76 551/308/76 
f 551/308/76 552/309/76 549/306/76 
f 550/310/2 553/311/2 554/312/2 
f 554/312/2 551/313/2 550/310/2 
f 553/314/77 555/315/77 556/316/77 
f 556/316/77 554/309/77 553/314/77 
f 555/317/78 553/318/78 550/319/78 
f 550/319/78 549/320/78 555/317/78 
f 552/321/79 551/322/79 554/319/79 
f 554/319/79 556/320/79 552/321/79 
f 557/294/80 558/295/80 559/296/80 
f 559/296/80 560/297/80 557/294/80 
f 558/298/2 561/299/2 562/300/2 
f 562/300/2 559/301/2 558/298/2 
f 561/294/81 563/295/81 564/296/81 
f 564/296/81 562/297/81 561/294/81 
f 563/302/82 561/303/82 558/304/82 
f 558/304/82 557/305/82 563/302/82 
f 560/302/83 559/303/83 562/304/83 
f 562/304/83 564/305/83 560/302/83 
f 565/131/16 566/132/16 567/133/17 
f 567/133/17 568/134/17 565/131/16 
f 569/135/18 570/136/18 566/132/16 
f 566/132/16 565/131/16 569/135/18 
f 571/137/19 572/138/19 570/136/18 
f 570/136/18 569/135/18 571/137/19 
f 573/139/20 574/140/20 572/141/19 
f 572/141/19 571/142/19 573/139/20 
f 575/143/21 576/144/21 574/140/20 
f 574/140/20 573/139/20 575/143/21 
f 577/145/22 578/146/22 576/144/21 
f 576/144/21 575/143/21 577/145/22 
f 579/147/23 580/148/23 578/146/22 
f 578/146/22 577/145/22 579/147/23 
f 581/149/24 582/150/24 580/148/23 
f 580/148/23 579/147/23 581/149/24 
f 583/151/25 584/152/25 582/150/24 
f 582/150/24 581/149/24 583/151/25 
f 585/153/26 586/154/26 584/152/25 
f 584/152/25 583/151/25 585/153/26 
f 587/155/1 588/156/1 586/154/26 
f 586/154/26 585/153/26 587/155/1 
f 589/157/27 590/158/27 588/156/1 
f 588/156/1 587/155/1 589/157/27 
f 591/159/28 592/160/28 590/158/27 
f 590/158/27 589/157/27 591/159/28 
f 593/161/29 594/162/29 592/160/28 
f 592/160/28 591/159/28 593/161/29 
f 595/163/30 596/164/30 594/162/29 
f 594/162/29 593/161/29 595/163/30 
f 568/134/17 567/133/17 596/164/30 
f 596/164/30 595/163/30 568/134/17 
f 597/165/2 598/166/2 599/167/2 
f 599/167/2 600/168/2 601/169/2 
f 601/169/2 602/170/2 603/171/2 
f 599/167/2 601/169/2 603/171/2 
f 603/171/2 604/172/2 605/173/2 
f 605/173/2 606/174/2 607/175/2 
f 603/171/2 605/173/2 607/175/2 
f 607/175/2 608/176/2 609/177/2 
f 609/177/2 610/178/2 611/179/2 
f 607/175/2 609/177/2 611/179/2 
f 603/171/2 607/175/2 611/179/2 
f 599/167/2 603/171/2 611/179/2 
f 597/165/2 599/167/2 611/179/2 
f 612/180/2 597/165/2 611/179/2 
f 613/181/2 614/182/31 566/183/31 
f 566/183/31 567/184/2 613/181/2 
f 614/182/31 615/185/31 570/186/31 
f 570/186/31 566/183/31 614/182/31 
f 615/185/31 616/187/2 572/188/2 
f 572/188/2 570/186/31 615/185/31 
f 616/187/2 617/189/2 574/190/2 
f 574/190/2 572/188/2 616/187/2 
f 617/189/2 618/191/2 576/192/2 
f 576/192/2 574/190/2 617/189/2 
f 618/191/2 619/193/2 578/194/2 
f 578/194/2 576/192/2 618/191/2 
f 619/193/2 620/195/2 580/196/2 
f 580/196/2 578/194/2 619/193/2 
f 620/195/2 621/197/2 582/198/2 
f 582/198/2 580/196/2 620/195/2 
f 621/197/2 622/199/2 584/200/2 
f 584/200/2 582/198/2 621/197/2 
f 622/199/2 623/201/2 586/202/2 
f 586/202/2 584/200/2 622/199/2 
f 623/201/2 624/203/2 588/204/2 
f 588/204/2 586/202/2 623/201/2 
f 624/203/2 625/205/2 590/206/2 
f 590/206/2 588/204/2 624/203/2 
f 625/205/2 626/207/2 592/208/2 
f 592/208/2 590/206/2 625/205/2 
f 626/207/2 627/209/2 594/210/2 
f 594/210/2 592/208/2 626/207/2 
f 627/209/2 628/211/2 596/212/2 
f 596/212/2 594/210/2 627/209/2 
f 628/211/2 613/181/2 567/184/2 
f 567/184/2 596/212/2 628/211/2 
f 614/132/16 597/213/16 612/214/17 
f 612/214/17 613/133/17 614/132/16 
f 615/136/18 598/215/18 597/213/16 
f 597/213/16 614/132/16 615/136/18 
f 616/138/19 599/216/19 598/215/18 
f 598/215/18 615/136/18 616/138/19 
f 617/140/20 600/217/20 599/218/19 
f 599/218/19 616/141/19 617/140/20 
f 618/144/21 601/219/21 600/217/20 
f 600/217/20 617/140/20 618/144/21 
f 619/146/22 602/220/22 601/219/21 
f 601/219/21 618/144/21 619/146/22 
f 620/148/23 603/221/23 602/220/22 
f 602/220/22 619/146/22 620/148/23 
f 621/150/24 604/222/24 603/221/23 
f 603/221/23 620/148/23 621/150/24 
f 622/152/25 605/223/25 604/222/24 
f 604/222/24 621/150/24 622/152/25 
f 623/154/26 606/224/26 605/223/25 
f 605/223/25 622/152/25 623/154/26 
f 624/156/1 607/225/1 606/224/26 
f 606/224/26 623/154/26 624/156/1 
f 625/158/27 608/226/27 607/225/1 
f 607/225/1 624/156/1 625/158/27 
f 626/160/28 609/227/28 608/226/27 
f 608/226/27 625/158/27 626/160/28 
f 627/162/29 610/228/29 609/227/28 
f 609/227/28 626/160/28 627/162/29 
f 628/164/30 611/229/30 610/228/29 
f 610/228/29 627/162/29 628/164/30 
f 613/133/17 612/214/17 611/229/30 
f 611/229/30 628/164/30 613/133/17 
f 629/306/44 630/307/44 631/308/44 
f 631/308/44 632/309/44 629/306/44 
f 630/310/2 633/311/2 634/312/2 
f 634/312/2 631/313/2 630/310/2 
f 633/314/45 635/315/45 636/316/45 
f 636/316/45 634/309/45 633/314/45 
f 635/317/46 633/318/46 630/319/46 
f 630/319/46 629/320/46 635/317/46 
f 632/321/47 631/322/47 634/319/47 
f 634/319/47 636/320/47 632/321/47 
f 637/294/48 638/295/48 639/296/48 
f 639/296/48 640/297/48 637/294/48 
f 638/298/2 641/299/2 642/300/2 
f 642/300/2 639/301/2 638/298/2 
f 641/294/49 643/295/49 644/296/49 
f 644/296/49 642/297/49 641/294/49 
f 643/302/50 641/303/50 638/304/50 
f 638/304/50 637/305/50 643/302/50 
f 640/302/51 639/303/51 642/304/51 
f 642/304/51 644/305/51 640/302/51 
f 645/306/52 646/307/52 647/308/52 
f 647/308/52 648/309/52 645/306/52 
f 646/310/31 649/311/31 650/312/31 
f 650/312/31 647/313/31 646/310/31 
f 649/314/53 651/315/53 652/316/53 
f 652/316/53 650/309/53 649/314/53 
f 651/317/54 649/318/54 646/319/54 
f 646/319/54 645/320/54 651/317/54 
f 648/321/55 647/322/55 650/319/55 
f 650/319/55 652/320/55 648/321/55 
f 653/294/56 654/295/56 655/296/56 
f 655/296/56 656/297/56 653/294/56 
f 654/298/2 657/299/2 658/300/2 
f 658/300/2 655/301/2 654/298/2 
f 657/294/57 659/295/57 660/296/57 
f 660/296/57 658/297/57 657/294/57 
f 659/302/58 657/303/58 654/304/58 
f 654/304/58 653/305/58 659/302/58 
f 656/302/59 655/303/59 658/304/59 
f 658/304/59 660/305/59 656/302/59 
f 661/306/60 662/307/60 663/308/60 
f 663/308/60 664/309/60 661/306/60 
f 662/310/31 665/311/31 666/312/31 
f 666/312/31 663/313/31 662/310/31 
f 665/314/61 667/315/61 668/316/61 
f 668/316/61 666/309/61 665/314/61 
f 667/317/62 665/318/62 662/319/62 
f 662/319/62 661/320/62 667/317/62 
f 664/321/63 663/322/63 666/319/63 
f 666/319/63 668/320/63 664/321/63 
f 669/294/64 670/295/64 671/296/64 
f 671/296/64 672/297/64 669/294/64 
f 670/298/31 673/299/31 674/300/31 
f 674/300/31 671/301/31 670/298/31 
f 673/294/65 675/295/65 676/296/65 
f 676/296/65 674/297/65 673/294/65 
f 675/302/66 673/303/66 670/304/66 
f 670/304/66 669/305/66 675/302/66 
f 672/302/96 671/303/96 674/304/96 
f 674/304/96 676/305/96 672/302/96 
f 677/306/68 678/307/68 679/308/68 
f 679/308/68 680/309/68 677/306/68 
f 678/310/2 681/311/2 682/312/2 
f 682/312/2 679/313/2 678/310/2 
f 681/314/69 683/315/69 684/316/69 
f 684/316/69 682/309/69 681/314/69 
f 683/317/70 681/318/70 678/319/70 
f 678/319/70 677/320/70 683/317/70 
f 680/321/71 679/322/71 682/319/71 
f 682/319/71 684/320/71 680/321/71 
f 685/294/72 686/295/72 687/296/72 
f 687/296/72 688/297/72 685/294/72 
f 686/298/2 689/299/2 690/300/2 
f 690/300/2 687/301/2 686/298/2 
f 689/294/73 691/295/73 692/296/73 
f 692/296/73 690/297/73 689/294/73 
f 691/302/74 689/303/74 686/304/74 
f 686/304/74 685/305/74 691/302/74 
f 688/302/75 687/303/75 690/304/75 
f 690/304/75 692/305/75 688/302/75 
f 693/306/76 694/307/76 695/308/76 
f 695/308/76 696/309/76 693/306/76 
f 694/310/2 697/311/2 698/312/2 
f 698/312/2 695/313/2 694/310/2 
f 697/314/77 699/315/77 700/316/77 
f 700/316/77 698/309/77 697/314/77 
f 699/317/78 697/318/78 694/319/78 
f 694/319/78 693/320/78 699/317/78 
f 696/321/79 695/322/79 698/319/79 
f 698/319/79 700/320/79 696/321/79 
f 701/294/80 702/295/80 703/296/80 
f 703/296/80 704/297/80 701/294/80 
f 702/298/2 705/299/2 706/300/2 
f 706/300/2 703/301/2 702/298/2 
f 705/294/81 707/295/81 708/296/81 
f 708/296/81 706/297/81 705/294/81 
f 707/302/82 705/303/82 702/304/82 
f 702/304/82 701/305/82 707/302/82 
f 704/302/83 703/303/83 706/304/83 
f 706/304/83 708/305/83 704/302/83 
f 709/306/84 710/307/84 711/308/84 
f 711/308/84 712/309/84 709/306/84 
f 710/310/2 713/311/2 714/312/2 
f 714/312/2 711/313/2 710/310/2 
f 713/314/85 715/315/85 716/316/85 
f 716/316/85 714/309/85 713/314/85 
f 715/317/86 713/318/86 710/319/86 
f 710/319/86 709/320/86 715/317/86 
f 712/321/87 711/322/87 714/319/87 
f 714/319/87 716/320/87 712/321/87 
f 717/294/88 718/295/88 719/296/88 
f 719/296/88 720/297/88 717/294/88 
f 718/298/31 721/299/31 722/300/31 
f 722/300/31 719/301/31 718/298/31 
f 721/294/89 723/295/89 724/296/89 
f 724/296/89 722/297/89 721/294/89 
f 723/302/90 721/303/90 718/304/90 
f 718/304/90 717/305/90 723/302/90 
f 720/302/91 719/303/91 722/304/91 
f 722/304/91 724/305/91 720/302/91 
f 725/306/92 726/307/92 727/308/92 
f 727/308/92 728/309/92 725/306/92 
f 726/310/2 729/311/2 730/312/2 
f 730/312/2 727/313/2 726/310/2 
f 729/314/93 731/315/93 732/316/93 
f 732/316/93 730/309/93 729/314/93 
f 731/317/94 729/318/94 726/319/94 
f 726/319/94 725/320/94 731/317/94 
f 728/321/95 727/322/95 730/319/95 
f 730/319/95 732/320/95 728/321/95 
f 733/294/32 734/295/32 735/296/32 
f 735/296/32 736/297/32 733/294/32 
f 734/298/2 737/299/2 738/300/2 
f 738/300/2 735/301/2 734/298/2 
f 737/294/33 739/295/33 740/296/33 
f 740/296/33 738/297/33 737/294/33 
f 739/302/34 737/303/34 734/304/34 
f 734/304/34 733/305/34 739/302/34 
f 736/302/35 735/303/35 738/304/35 
f 738/304/35 740/305/35 736/302/35 
f 741/306/36 742/307/36 743/308/36 
f 743/308/36 744/309/36 741/306/36 
f 742/310/2 745/311/2 746/312/2 
f 746/312/2 743/313/2 742/310/2 
f 745/314/37 747/315/37 748/316/37 
f 748/316/37 746/309/37 745/314/37 
f 747/317/38 745/318/38 742/319/38 
f 742/319/38 741/320/38 747/317/38 
f 744/321/39 743/322/39 746/319/39 
f 746/319/39 748/320/39 744/321/39 
f 749/294/40 750/295/40 751/296/40 
f 751/296/40 752/297/40 749/294/40 
f 750/298/2 753/299/2 754/300/2 
f 754/300/2 751/301/2 750/298/2 
f 753/294/41 755/295/41 756/296/41 
f 756/296/41 754/297/41 753/294/41 
f 755/302/42 753/303/42 750/304/42 
f 750/304/42 749/305/42 755/302/42 
f 752/302/43 751/303/43 754/304/43 
f 754/304/43 756/305/43 752/302/43 
f 757/323/30 758/324/30 759/325/30 
f 759/325/30 760/326/30 757/323/30 
f 758/327/2 761/328/2 762/329/2 
f 762/329/2 759/330/2 758/327/2 
f 761/331/23 763/332/23 764/325/23 
f 764/325/23 762/326/23 761/331/23 
f 763/333/19 761/334/19 758/335/19 
f 758/335/19 757/336/19 763/333/19 
f 760/333/1 759/334/1 762/335/1 
f 762/335/1 764/336/1 760/333/1 
f 765/337/30 766/338/30 767/339/30 
f 767/339/30 768/340/30 765/337/30 
f 766/341/2 769/342/2 770/343/2 
f 770/343/2 767/344/2 766/341/2 
f 769/337/23 771/338/23 772/339/23 
f 772/339/23 770/340/23 769/337/23 
f 771/345/19 769/346/19 766/347/19 
f 766/347/19 765/348/19 771/345/19 
f 768/345/1 767/346/1 770/347/1 
f 770/347/1 772/348/1 768/345/1 
f 773/323/30 774/324/30 775/325/30 
f 775/325/30 776/326/30 773/323/30 
f 774/327/2 777/328/2 778/329/2 
f 778/329/2 775/330/2 774/327/2 
f 777/331/23 779/332/23 780/325/23 
f 780/325/23 778/326/23 777/331/23 
f 779/333/19 777/334/19 774/335/19 
f 774/335/19 773/336/19 779/333/19 
f 776/333/1 775/334/1 778/335/1 
f 778/335/1 780/336/1 776/333/1 
f 781/337/30 782/338/30 783/339/30 
f 783/339/30 784/340/30 781/337/30 
f 782/341/2 785/342/2 786/343/2 
f 786/343/2 783/344/2 782/341/2 
f 785/337/23 787/338/23 788/339/23 
f 788/339/23 786/340/23 785/337/23 
f 787/345/19 785/346/19 782/347/19 
f 782/347/19 781/348/19 787/345/19 
f 784/345/1 783/346/1 786/347/1 
f 786/347/1 788/348/1 784/345/1 
f 789/323/30 790/324/30 791/325/30 
f 791/325/30 792/326/30 789/323/30 
f 790/327/2 793/328/2 794/329/2 
f 794/329/2 791/330/2 790/327/2 
f 793/331/23 795/332/23 796/325/23 
f 796/325/23 794/326/23 793/331/23 
f 795/333/19 793/334/19 790/335/19 
f 790/335/19 789/336/19 795/333/19 
f 792/333/1 791/334/1 794/335/1 
f 794/335/1 796/336/1 792/333/1 
f 797/337/30 798/338/30 799/339/30 
f 799/339/30 800/340/30 797/337/30 
f 798/341/2 801/342/2 802/343/2 
f 802/343/2 799/344/2 798/341/2 
f 801/337/23 803/338/23 804/339/23 
f 804/339/23 802/340/23 801/337/23 
f 803/345/19 801/346/19 798/347/19 
f 798/347/19 797/348/19 803/345/19 
f 800/345/1 799/346/1 802/347/1 
f 802/347/1 804/348/1 800/345/1 
f 805/323/30 806/324/30 807/325/30 
f 807/325/30 808/326/30 805/323/30 
f 806/327/2 809/328/2 810/329/2 
f 810/329/2 807/330/2 806/327/2 
f 809/331/23 811/332/23 812/325/23 
f 812/325/23 810/326/23 809/331/23 
f 811/333/19 809/334/19 806/335/19 
f 806/335/19 805/336/19 811/333/19 
f 808/333/1 807/334/1 810/335/1 
f 810/335/1 812/336/1 808/333/1 
f 813/337/30 814/338/30 815/339/30 
f 815/339/30 816/340/30 813/337/30 
f 814/341/2 817/342/2 818/343/2 
f 818/343/2 815/344/2 814/341/2 
f 817/337/23 819/338/23 820/339/23 
f 820/339/23 818/340/23 817/337/23 
f 819/345/19 817/346/19 814/347/19 
f 814/347/19 813/348/19 819/345/19 
f 816/345/1 815/346/1 818/347/1 
f 818/347/1 820/348/1 816/345/1 
f 821/323/30 822/324/30 823/325/30 
f 823/325/30 824/326/30 821/323/30 
f 822/327/2 825/328/2 826/329/2 
f 826/329/2 823/330/2 822/327/2 
f 825/331/23 827/332/23 828/325/23 
f 828/325/23 826/326/23 825/331/23 
f 827/333/19 825/334/19 822/335/19 
f 822/335/19 821/336/19 827/333/19 
f 824/333/1 823/334/1 826/335/1 
f 826/335/1 828/336/1 824/333/1 
f 829/337/30 830/338/30 831/339/30 
f 831/339/30 832/340/30 829/337/30 
f 830/341/2 833/342/2 834/343/2 
f 834/343/2 831/344/2 830/341/2 
f 833/337/23 835/338/23 836/339/23 
f 836/339/23 834/340/23 833/337/23 
f 835/345/19 833/346/19 830/347/19 
f 830/347/19 829/348/19 835/345/19 
f 832/345/1 831/346/1 834/347/1 
f 834/347/1 836/348/1 832/345/1 
f 837/323/30 838/324/30 839/325/30 
f 839/325/30 840/326/30 837/323/30 
f 838/327/2 841/328/2 842/329/2 
f 842/329/2 839/330/2 838/327/2 
f 841/331/23 843/332/23 844/325/23 
f 844/325/23 842/326/23 841/331/23 
f 843/333/19 841/334/19 838/335/19 
f 838/335/19 837/336/19 843/333/19 
f 840/333/1 839/334/1 842/335/1 
f 842/335/1 844/336/1 840/333/1 
f 845/337/30 846/338/30 847/339/30 
f 847/339/30 848/340/30 845/337/30 
f 846/341/2 849/342/2 850/343/2 
f 850/343/2 847/344/2 846/341/2 
f 849/337/23 851/338/23 852/339/23 
f 852/339/23 850/340/23 849/337/23 
f 851/345/19 849/346/19 846/347/19 
f 846/347/19 845/348/19 851/345/19 
f 848/345/1 847/346/1 850/347/1 
f 850/347/1 852/348/1 848/345/1 
f 853/323/30 854/324/30 855/325/30 
f 855/325/30 856/326/30 853/323/30 
f 854/327/2 857/328/2 858/329/2 
f 858/329/2 855/330/2 854/327/2 
f 857/331/23 859/332/23 860/325/23 
f 860/325/23 858/326/23 857/331/23 
f 859/333/19 857/334/19 854/335/19 
f 854/335/19 853/336/19 859/333/19 
f 856/333/1 855/334/1 858/335/1 
f 858/335/1 860/336/1 856/333/1 
f 861/337/30 862/338/30 863/339/30 
f 863/339/30 864/340/30 861/337/30 
f 862/341/2 865/342/2 866/343/2 
f 866/343/2 863/344/2 862/341/2 
f 865/337/23 867/338/23 868/339/23 
f 868/339/23 866/340/23 865/337/23 
f 867/345/19 865/346/19 862/347/19 
f 862/347/19 861/348/19 867/345/19 
f 864/345/1 863/346/1 866/347/1 
f 866/347/1 868/348/1 864/345/1 
f 869/323/30 870/324/30 871/325/30 
f 871/325/30 872/326/30 869/323/30 
f 870/327/2 873/328/2 874/329/2 
f 874/329/2 871/330/2 870/327/2 
f 873/331/23 875/332/23 876/325/23 
f 876/325/23 874/326/23 873/331/23 
f 875/333/19 873/334/19 870/335/19 
f 870/335/19 869/336/19 875/333/19 
f 872/333/1 871/334/1 874/335/1 
f 874/335/1 876/336/1 872/333/1 
f 877/337/30 878/338/30 879/339/30 
f 879/339/30 880/340/30 877/337/30 
f 878/341/2 881/342/2 882/343/2 
f 882/343/2 879/344/2 878/341/2 
f 881/337/23 883/338/23 884/339/23 
f 884/339/23 882/340/23 881/337/23 
f 883/345/19 881/346/19 878/347/19 
f 878/347/19 877/348/19 883/345/19 
f 880/345/1 879/346/1 882/347/1 
f 882/347/1 884/348/1 880/345/1 
f 885/323/30 886/324/30 887/325/30 
f 887/325/30 888/326/30 885/323/30 
f 886/327/2 889/328/2 890/329/2 
f 890/329/2 887/330/2 886/327/2 
f 889/331/23 891/332/23 892/325/23 
f 892/325/23 890/326/23 889/331/23 
f 891/333/19 889/334/19 886/335/19 
f 886/335/19 885/336/19 891/333/19 
f 888/333/1 887/334/1 890/335/1 
f 890/335/1 892/336/1 888/333/1 
f 893/337/30 894/338/30 895/339/30 
f 895/339/30 896/340/30 893/337/30 
f 894/341/2 897/342/2 898/343/2 
f 898/343/2 895/344/2 894/341/2 
f 897/337/23 899/338/23 900/339/23 
f 900/339/23 898/340/23 897/337/23 
f 899/345/19 897/346/19 894/347/19 
f 894/347/19 893/348/19 899/345/19 
f 896/345/1 895/346/1 898/347/1 
f 898/347/1 900/348/1 896/345/1 
f 901/323/30 902/324/30 903/325/30 
f 903/325/30 904/326/30 901/323/30 
f 902/327/2 905/328/2 906/329/2 
f 906/329/2 903/330/2 902/327/2 
f 905/331/23 907/332/23 908/325/23 
f 908/325/23 906/326/23 905/331/23 
f 907/333/19 905/334/19 902/335/19 
f 902/335/19 901/336/19 907/333/19 
f 904/333/1 903/334/1 906/335/1 
f 906/335/1 908/336/1 904/333/1 
f 909/337/30 910/338/30 911/339/30 
f 911/339/30 912/340/30 909/337/30 
f 910/341/2 913/342/2 914/343/2 
f 914/343/2 911/344/2 910/341/2 
f 913/337/23 915/338/23 916/339/23 
f 916/339/23 914/340/23 913/337/23 
f 915/345/19 913/346/19 910/347/19 
f 910/347/19 909/348/19 915/345/19 
f 912/345/1 911/346/1 914/347/1 
f 914/347/1 916/348/1 912/345/1 
f 917/323/30 918/324/30 919/325/30 
f 919/325/30 920/326/30 917/323/30 
f 918/327/2 921/328/2 922/329/2 
f 922/329/2 919/330/2 918/327/2 
f 921/331/23 923/332/23 924/325/23 
f 924/325/23 922/326/23 921/331/23 
f 923/333/19 921/334/19 918/335/19 
f 918/335/19 917/336/19 923/333/19 
f 920/333/1 919/334/1 922/335/1 
f 922/335/1 924/336/1 920/333/1 
f 925/337/30 926/338/30 927/339/30 
f 927/339/30 928/340/30 925/337/30 
f 926/341/2 929/342/2 930/343/2 
f 930/343/2 927/344/2 926/341/2 
f 929/337/23 931/338/23 932/339/23 
f 932/339/23 930/340/23 929/337/23 
f 931/345/19 929/346/19 926/347/19 
f 926/347/19 925/348/19 931/345/19 
f 928/345/1 927/346/1 930/347/1 
f 930/347/1 932/348/1 928/345/1 
f 933/323/30 934/324/30 935/325/30 
f 935/325/30 936/326/30 933/323/30 
f 934/327/2 937/328/2 938/329/2 
f 938/329/2 935/330/2 934/327/2 
f 937/331/23 939/332/23 940/325/23 
f 940/325/23 938/326/23 937/331/23 
f 939/333/19 937/334/19 934/335/19 
f 934/335/19 933/336/19 939/333/19 
f 936/333/1 935/334/1 938/335/1 
f 938/335/1 940/336/1 936/333/1 
f 941/337/30 942/338/30 943/339/30 
f 943/339/30 944/340/30 941/337/30 
f 942/341/2 945/342/2 946/343/2 
f 946/343/2 943/344/2 942/341/2 
f 945/337/23 947/338/23 948/339/23 
f 948/339/23 946/340/23 945/337/23 
f 947/345/19 945/346/19 942/347/19 
f 942/347/19 941/348/19 947/345/19 
f 944/345/1 943/346/1 946/347/1 
f 946/347/1 948/348/1 944/345/1 
f 949/323/30 950/324/30 951/325/30 
f 951/325/30 952/326/30 949/323/30 
f 950/327/2 953/328/2 954/329/2 
f 954/329/2 951/330/2 950/327/2 
f 953/331/23 955/332/23 956/325/23 
f 956/325/23 954/326/23 953/331/23 
f 955/333/19 953/334/19 950/335/19 
f 950/335/19 949/336/19 955/333/19 
f 952/333/1 951/334/1 954/335/1 
f 954/335/1 956/336/1 952/333/1 
f 957/323/30 958/324/30 959/325/30 
f 959/325/30 960/326/30 957/323/30 
f 958/327/2 961/328/2 962/329/2 
f 962/329/2 959/330/2 958/327/2 
f 961/331/23 963/332/23 964/325/23 
f 964/325/23 962/326/23 961/331/23 
f 963/333/19 961/334/19 958/335/19 
f 958/335/19 957/336/19 963/333/19 
f 960/333/1 959/334/1 962/335/1 
f 962/335/1 964/336/1 960/333/1 
f 965/337/30 966/338/30 967/339/30 
f 967/339/30 968/340/30 965/337/30 
f 966/341/2 969/342/2 970/343/2 
f 970/343/2 967/344/2 966/341/2 
f 969/337/23 971/338/23 972/339/23 
f 972/339/23 970/340/23 969/337/23 
f 971/345/19 969/346/19 966/347/19 
f 966/347/19 965/348/19 971/345/19 
f 968/345/1 967/346/1 970/347/1 
f 970/347/1 972/348/1 968/345/1 
f 973/323/30 974/324/30 975/325/30 
f 975/325/30 976/326/30 973/323/30 
f 974/327/2 977/328/2 978/329/2 
f 978/329/2 975/330/2 974/327/2 
f 977/331/23 979/332/23 980/325/23 
f 980/325/23 978/326/23 977/331/23 
f 979/333/19 977/334/19 974/335/19 
f 974/335/19 973/336/19 979/333/19 
f 976/333/1 975/334/1 978/335/1 
f 978/335/1 980/336/1 976/333/1 
f 981/337/30 982/338/30 983/339/30 
f 983/339/30 984/340/30 981/337/30 
f 982/341/2 985/342/2 986/343/2 
f 986/343/2 983/344/2 982/341/2 
f 985/337/23 987/338/23 988/339/23 
f 988/339/23 986/340/23 985/337/23 
f 987/345/19 985/346/19 982/347/19 
f 982/347/19 981/348/19 987/345/19 
f 984/345/1 983/346/1 986/347/1 
f 986/347/1 988/348/1 984/345/1 
f 989/323/30 990/324/30 991/325/30 
f 991/325/30 992/326/30 989/323/30 
f 990/327/2 993/328/2 994/329/2 
f 994/329/2 991/330/2 990/327/2 
f 993/331/23 995/332/23 996/325/23 
f 996/325/23 994/326/23 993/331/23 
f 995/333/19 993/334/19 990/335/19 
f 990/335/19 989/336/19 995/333/19 
f 992/333/1 991/334/1 994/335/1 
f 994/335/1 996/336/1 992/333/1 
f 997/337/30 998/338/30 999/339/30 
f 999/339/30 1000/340/30 997/337/30 
f 998/341/2 1001/342/2 1002/343/2 
f 1002/343/2 999/344/2 998/341/2 
f 1001/337/23 1003/338/23 1004/339/23 
f 1004/339/23 1002/340/23 1001/337/23 
f 1003/345/19 1001/346/19 998/347/19 
f 998/347/19 997/348/19 1003/345/19 
f 1000/345/1 999/346/1 1002/347/1 
f 1002/347/1 1004/348/1 1000/345/1 
f 1005/323/30 1006/324/30 1007/325/30 
f 1007/325/30 1008/326/30 1005/323/30 
f 1006/327/2 1009/328/2 1010/329/2 
f 1010/329/2 1007/330/2 1006/327/2 
f 1009/331/23 1011/332/23 1012/325/23 
f 1012/325/23 1010/326/23 1009/331/23 
f 1011/333/19 1009/334/19 1006/335/19 
f 1006/335/19 1005/336/19 1011/333/19 
f 1008/333/1 1007/334/1 1010/335/1 
f 1010/335/1 1012/336/1 1008/333/1 
f 1013/337/30 1014/338/30 1015/339/30 
f 1015/339/30 1016/340/30 1013/337/30 
f 1014/341/2 1017/342/2 1018/343/2 
f 1018/343/2 1015/344/2 1014/341/2 
f 1017/337/23 1019/338/23 1020/339/23 
f 1020/339/23 1018/340/23 1017/337/23 
f 1019/345/19 1017/346/19 1014/347/19 
f 1014/347/19 1013/348/19 1019/345/19 
f 1016/345/1 1015/346/1 1018/347/1 
f 1018/347/1 1020/348/1 1016/345/1 
f 1021/323/30 1022/324/30 1023/325/30 
f 1023/325/30 1024/326/30 1021/323/30 
f 1022/327/2 1025/328/2 1026/329/2 
f 1026/329/2 1023/330/2 1022/327/2 
f 1025/331/23 1027/332/23 1028/325/23 
f 1028/325/23 1026/326/23 1025/331/23 
f 1027/333/19 1025/334/19 1022/335/19 
f 1022/335/19 1021/336/19 1027/333/19 
f 1024/333/1 1023/334/1 1026/335/1 
f 1026/335/1 1028/336/1 1024/333/1 
f 1029/337/30 1030/338/30 1031/339/30 
f 1031/339/30 1032/340/30 1029/337/30 
f 1030/341/2 1033/342/2 1034/343/2 
f 1034/343/2 1031/344/2 1030/341/2 
f 1033/337/23 1035/338/23 1036/339/23 
f 1036/339/23 1034/340/23 1033/337/23 
f 1035/345/19 1033/346/19 1030/347/19 
f 1030/347/19 1029/348/19 1035/345/19 
f 1032/345/1 1031/346/1 1034/347/1 
f 1034/347/1 1036/348/1 1032/345/1 
f 1037/323/30 1038/324/30 1039/325/30 
f 1039/325/30 1040/326/30 1037/323/30 
f 1038/327/2 1041/328/2 1042/329/2 
f 1042/329/2 1039/330/2 1038/327/2 
f 1041/331/23 1043/332/23 1044/325/23 
f 1044/325/23 1042/326/23 1041/331/23 
f 1043/333/19 1041/334/19 1038/335/19 
f 1038/335/19 1037/336/19 1043/333/19 
f 1040/333/1 1039/334/1 1042/335/1 
f 1042/335/1 1044/336/1 1040/333/1 
f 1045/337/30 1046/338/30 1047/339/30 
f 1047/339/30 1048/340/30 1045/337/30 
f 1046/341/2 1049/342/2 1050/343/2 
f 1050/343/2 1047/344/2 1046/341/2 
f 1049/337/23 1051/338/23 1052/339/23 
f 1052/339/23 1050/340/23 1049/337/23 
f 1051/345/19 1049/346/19 1046/347/19 
f 1046/347/19 1045/348/19 1051/345/19 
f 1048/345/1 1047/346/1 1050/347/1 
f 1050/347/1 1052/348/1 1048/345/1 
f 1053/323/30 1054/324/30 1055/325/30 
f 1055/325/30 1056/326/30 1053/323/30 
f 1054/327/2 1057/328/2 1058/329/2 
f 1058/329/2 1055/330/2 1054/327/2 
f 1057/331/23 1059/332/23 1060/325/23 
f 1060/325/23 1058/326/23 1057/331/23 
f 1059/333/19 1057/334/19 1054/335/19 
f 1054/335/19 1053/336/19 1059/333/19 
f 1056/333/1 1055/334/1 1058/335/1 
f 1058/335/1 1060/336/1 1056/333/1 
f 1061/337/30 1062/338/30 1063/339/30 
f 1063/339/30 1064/340/30 1061/337/30 
f 1062/341/2 1065/342/2 1066/343/2 
f 1066/343/2 1063/344/2 1062/341/2 
f 1065/337/23 1067/338/23 1068/339/23 
f 1068/339/23 1066/340/23 1065/337/23 
f 1067/345/19 1065/346/19 1062/347/19 
f 1062/347/19 1061/348/19 1067/345/19 
f 1064/345/1 1063/346/1 1066/347/1 
f 1066/347/1 1068/348/1 1064/345/1 
f 1069/323/30 1070/324/30 1071/325/30 
f 1071/325/30 1072/326/30 1069/323/30 
f 1070/327/2 1073/328/2 1074/329/2 
f 1074/329/2 1071/330/2 1070/327/2 
f 1073/331/23 1075/332/23 1076/325/23 
f 1076/325/23 1074/326/23 1073/331/23 
f 1075/333/19 1073/334/19 1070/335/19 
f 1070/335/19 1069/336/19 1075/333/19 
f 1072/333/1 1071/334/1 1074/335/1 
f 1074/335/1 1076/336/1 1072/333/1 
f 1077/337/30 1078/338/30 1079/339/30 
f 1079/339/30 1080/340/30 1077/337/30 
f 1078/341/2 1081/342/2 1082/343/2 
f 1082/343/2 1079/344/2 1078/341/2 
f 1081/337/23 1083/338/23 1084/339/23 
f 1084/339/23 1082/340/23 1081/337/23 
f 1083/345/19 1081/346/19 1078/347/19 
f 1078/347/19 1077/348/19 1083/345/19 
f 1080/345/1 1079/346/1 1082/347/1 
f 1082/347/1 1084/348/1 1080/345/1 
f 1085/323/30 1086/324/30 1087/325/30 
f 1087/325/30 1088/326/30 1085/323/30 
f 1086/327/2 1089/328/2 1090/329/2 
f 1090/329/2 1087/330/2 1086/327/2 
f 1089/331/23 1091/332/23 1092/325/23 
f 1092/325/23 1090/326/23 1089/331/23 
f 1091/333/19 1089/334/19 1086/335/19 
f 1086/335/19 1085/336/19 1091/333/19 
f 1088/333/1 1087/334/1 1090/335/1 
f 1090/335/1 1092/336/1 1088/333/1 
f 1093/337/30 1094/338/30 1095/339/30 
f 1095/339/30 1096/340/30 1093/337/30 
f 1094/341/2 1097/342/2 1098/343/2 
f 1098/343/2 1095/344/2 1094/341/2 
f 1097/337/23 1099/338/23 1100/339/23 
f 1100/339/23 1098/340/23 1097/337/23 
f 1099/345/19 1097/346/19 1094/347/19 
f 1094/347/19 1093/348/19 1099/345/19 
f 1096/345/1 1095/346/1 1098/347/1 
f 1098/347/1 1100/348/1 1096/345/1 
f 1101/323/30 1102/324/30 1103/325/30 
f 1103/325/30 1104/326/30 1101/323/30 
f 1102/327/2 1105/328/2 1106/329/2 
f 1106/329/2 1103/330/2 1102/327/2 
f 1105/331/23 1107/332/23 1108/325/23 
f 1108/325/23 1106/326/23 1105/331/23 
f 1107/333/19 1105/334/19 1102/335/19 
f 1102/335/19 1101/336/19 1107/333/19 
f 1104/333/1 1103/334/1 1106/335/1 
f 1106/335/1 1108/336/1 1104/333/1 
f 1109/337/30 1110/338/30 1111/339/30 
f 1111/339/30 1112/340/30 1109/337/30 
f 1110/341/2 1113/342/2 1114/343/2 
f 1114/343/2 1111/344/2 1110/341/2 
f 1113/337/23 1115/338/23 1116/339/23 
f 1116/339/23 1114/340/23 1113/337/23 
f 1115/345/19 1113/346/19 1110/347/19 
f 1110/347/19 1109/348/19 1115/345/19 
f 1112/345/1 1111/346/1 1114/347/1 
f 1114/347/1 1116/348/1 1112/345/1 
f 1117/323/30 1118/324/30 1119/325/30 
f 1119/325/30 1120/326/30 1117/323/30 
f 1118/327/2 1121/328/2 1122/329/2 
f 1122/329/2 1119/330/2 1118/327/2 
f 1121/331/23 1123/332/23 1124/325/23 
f 1124/325/23 1122/326/23 1121/331/23 
f 1123/333/19 1121/334/19 1118/335/19 
f 1118/335/19 1117/336/19 1123/333/19 
f 1120/333/1 1119/334/1 1122/335/1 
f 1122/335/1 1124/336/1 1120/333/1 
f 1125/337/30 1126/338/30 1127/339/30 
f 1127/339/30 1128/340/30 1125/337/30 
f 1126/341/2 1129/342/2 1130/343/2 
f 1130/343/2 1127/344/2 1126/341/2 
f 1129/337/23 1131/338/23 1132/339/23 
f 1132/339/23 1130/340/23 1129/337/23 
f 1131/345/19 1129/346/19 1126/347/19 
f 1126/347/19 1125/348/19 1131/345/19 
f 1128/345/1 1127/346/1 1130/347/1 
f 1130/347/1 1132/348/1 1128/345/1 
f 1133/349/1 1134/350/1 1135/351/1 
f 1135/351/1 1136/352/1 1133/349/1 
f 1134/353/2 1137/354/2 1138/355/2 
f 1138/355/2 1135/356/2 1134/353/2 
f 1137/357/19 1139/358/19 1140/359/19 
f 1140/359/19 1138/360/19 1137/357/19 
f 1139/361/30 1137/362/30 1134/363/30 
f 1134/363/30 1133/364/30 1139/361/30 
f 1136/365/23 1135/366/23 1138/367/23 
f 1138/367/23 1140/368/23 1136/365/23 
f 1141/349/1 1142/350/1 1143/351/1 
f 1143/351/1 1144/352/1 1141/349/1 
f 1142/353/2 1145/354/2 1146/355/2 
f 1146/355/2 1143/356/2 1142/353/2 
f 1145/357/19 1147/358/19 1148/359/19 
f 1148/359/19 1146/360/19 1145/357/19 
f 1147/361/30 1145/362/30 1142/363/30 
f 1142/363/30 1141/364/30 1147/361/30 
f 1144/365/23 1143/366/23 1146/367/23 
f 1146/367/23 1148/368/23 1144/365/23 
f 1149/349/1 1150/350/1 1151/351/1 
f 1151/351/1 1152/352/1 1149/349/1 
f 1150/353/2 1153/354/2 1154/355/2 
f 1154/355/2 1151/356/2 1150/353/2 
f 1153/357/19 1155/358/19 1156/359/19 
f 1156/359/19 1154/360/19 1153/357/19 
f 1155/361/30 1153/362/30 1150/363/30 
f 1150/363/30 1149/364/30 1155/361/30 
f 1152/365/23 1151/366/23 1154/367/23 
f 1154/367/23 1156/368/23 1152/365/23 
f 1157/349/1 1158/350/1 1159/351/1 
f 1159/351/1 1160/352/1 1157/349/1 
f 1158/353/2 1161/354/2 1162/355/2 
f 1162/355/2 1159/356/2 1158/353/2 
f 1161/357/19 1163/358/19 1164/359/19 
f 1164/359/19 1162/360/19 1161/357/19 
f 1163/361/30 1161/362/30 1158/363/30 
f 1158/363/30 1157/364/30 1163/361/30 
f 1160/365/23 1159/366/23 1162/367/23 
f 1162/367/23 1164/368/23 1160/365/23 
f 1165/349/1 1166/350/1 1167/351/1 
f 1167/351/1 1168/352/1 1165/349/1 
f 1166/353/2 1169/354/2 1170/355/2 
f 1170/355/2 1167/356/2 1166/353/2 
f 1169/357/19 1171/358/19 1172/359/19 
f 1172/359/19 1170/360/19 1169/357/19 
f 1171/361/30 1169/362/30 1166/363/30 
f 1166/363/30 1165/364/30 1171/361/30 
f 1168/365/23 1167/366/23 1170/367/23 
f 1170/367/23 1172/368/23 1168/365/23 
f 1173/349/1 1174/350/1 1175/351/1 
f 1175/351/1 1176/352/1 1173/349/1 
f 1174/353/2 1177/354/2 1178/355/2 
f 1178/355/2 1175/356/2 1174/353/2 
f 1177/357/19 1179/358/19 1180/359/19 
f 1180/359/19 1178/360/19 1177/357/19 
f 1179/361/30 1177/362/30 1174/363/30 
f 1174/363/30 1173/364/30 1179/361/30 
f 1176/365/23 1175/366/23 1178/367/23 
f 1178/367/23 1180/368/23 1176/365/23 
f 1181/349/1 1182/350/1 1183/351/1 
f 1183/351/1 1184/352/1 1181/349/1 
f 1182/353/2 1185/354/2 1186/355/2 
f 1186/355/2 1183/356/2 1182/353/2 
f 1185/357/19 1187/358/19 1188/359/19 
f 1188/359/19 1186/360/19 1185/357/19 
f 1187/361/30 1185/362/30 1182/363/30 
f 1182/363/30 1181/364/30 1187/361/30 
f 1184/365/23 1183/366/23 1186/367/23 
f 1186/367/23 1188/368/23 1184/365/23 
f 1189/349/1 1190/350/1 1191/351/1 
f 1191/351/1 1192/352/1 1189/349/1 
f 1190/353/2 1193/354/2 1194/355/2 
f 1194/355/2 1191/356/2 1190/353/2 
f 1193/357/19 1195/358/19 1196/359/19 
f 1196/359/19 1194/360/19 1193/357/19 
f 1195/361/30 1193/362/30 1190/363/30 
f 1190/363/30 1189/364/30 1195/361/30 
f 1192/365/23 1191/366/23 1194/367/23 
f 1194/367/23 1196/368/23 1192/365/23 
f 1197/349/1 1198/350/1 1199/351/1 
f 1199/351/1 1200/352/1 1197/349/1 
f 1198/353/2 1201/354/2 1202/355/2 
f 1202/355/2 1199/356/2 1198/353/2 
f 1201/357/19 1203/358/19 1204/359/19 
f 1204/359/19 1202/360/19 1201/357/19 
f 1203/361/30 1201/362/30 1198/363/30 
f 1198/363/30 1197/364/30 1203/361/30 
f 1200/365/23 1199/366/23 1202/367/23 
f 1202/367/23 1204/368/23 1200/365/23 
f 1205/349/1 1206/350/1 1207/351/1 
f 1207/351/1 1208/352/1 1205/349/1 
f 1206/353/2 1209/354/2 1210/355/2 
f 1210/355/2 1207/356/2 1206/353/2 
f 1209/357/19 1211/358/19 1212/359/19 
f 1212/359/19 1210/360/19 1209/357/19 
f 1211/361/30 1209/362/30 1206/363/30 
f 1206/363/30 1205/364/30 1211/361/30 
f 1208/365/23 1207/366/23 1210/367/23 
f 1210/367/23 1212/368/23 1208/365/23 
f 1213/349/1 1214/350/1 1215/351/1 
f 1215/351/1 1216/352/1 1213/349/1 
f 1214/353/2 1217/354/2 1218/355/2 
f 1218/355/2 1215/356/2 1214/353/2 
f 1217/357/19 1219/358/19 1220/359/19 
f 1220/359/19 1218/360/19 1217/357/19 
f 1219/361/30 1217/362/30 1214/363/30 
f 1214/363/30 1213/364/30 1219/361/30 
f 1216/365/23 1215/366/23 1218/367/23 
f 1218/367/23 1220/368/23 1216/365/23 
f 1221/349/1 1222/350/1 1223/351/1 
f 1223/351/1 1224/352/1 1221/349/1 
f 1222/353/2 1225/354/2 1226/355/2 
f 1226/355/2 1223/356/2 1222/353/2 
f 1225/357/19 1227/358/19 1228/359/19 
f 1228/359/19 1226/360/19 1225/357/19 
f 1227/361/30 1225/362/30 1222/363/30 
f 1222/363/30 1221/364/30 1227/361/30 
f 1224/365/23 1223/366/23 1226/367/23 
f 1226/367/23 1228/368/23 1224/365/23 
f 1229/369/1 1230/370/1 1231/371/1 
f 1231/371/1 1232/372/1 1229/369/1 
f 1230/373/2 1233/374/2 1234/375/2 
f 1234/375/2 1231/376/2 1230/373/2 
f 1233/377/19 1235/378/19 1236/379/19 
f 1236/379/19 1234/380/19 1233/377/19 
f 1235/381/30 1233/382/30 1230/383/30 
f 1230/383/30 1229/384/30 1235/381/30 
f 1232/385/23 1231/386/23 1234/387/23 
f 1234/387/23 1236/388/23 1232/385/23 
f 1237/369/1 1238/370/1 1239/371/1 
f 1239/371/1 1240/372/1 1237/369/1 
f 1238/373/2 1241/374/2 1242/375/2 
f 1242/375/2 1239/376/2 1238/373/2 
f 1241/377/19 1243/378/19 1244/379/19 
f 1244/379/19 1242/380/19 1241/377/19 
f 1243/381/30 1241/382/30 1238/383/30 
f 1238/383/30 1237/384/30 1243/381/30 
f 1240/385/23 1239/386/23 1242/387/23 
f 1242/387/23 1244/388/23 1240/385/23 
f 1245/369/1 1246/370/1 1247/371/1 
f 1247/371/1 1248/372/1 1245/369/1 
f 1246/373/2 1249/374/2 1250/375/2 
f 1250/375/2 1247/376/2 1246/373/2 
f 1249/377/19 1251/378/19 1252/379/19 
f 1252/379/19 1250/380/19 1249/377/19 
f 1251/381/30 1249/382/30 1246/383/30 
f 1246/383/30 1245/384/30 1251/381/30 
f 1248/385/23 1247/386/23 1250/387/23 
f 1250/387/23 1252/388/23 1248/385/23 
f 1253/369/1 1254/370/1 1255/371/1 
f 1255/371/1 1256/372/1 1253/369/1 
f 1254/373/2 1257/374/2 1258/375/2 
f 1258/375/2 1255/376/2 1254/373/2 
f 1257/377/19 1259/378/19 1260/379/19 
f 1260/379/19 1258/380/19 1257/377/19 
f 1259/381/30 1257/382/30 1254/383/30 
f 1254/383/30 1253/384/30 1259/381/30 
f 1256/385/23 1255/386/23 1258/387/23 
f 1258/387/23 1260/388/23 1256/385/23 
f 1261/349/1 1262/350/1 1263/351/1 
f 1263/351/1 1264/352/1 1261/349/1 
f 1262/353/2 1265/354/2 1266/355/2 
f 1266/355/2 1263/356/2 1262/353/2 
f 1265/357/19 1267/358/19 1268/359/19 
f 1268/359/19 1266/360/19 1265/357/19 
f 1267/361/30 1265/362/30 1262/363/30 
f 1262/363/30 1261/364/30 1267/361/30 
f 1264/365/23 1263/366/23 1266/367/23 
f 1266/367/23 1268/368/23 1264/365/23 
f 1269/349/1 1270/350/1 1271/351/1 
f 1271/351/1 1272/352/1 1269/349/1 
f 1270/353/2 1273/354/2 1274/355/2 
f 1274/355/2 1271/356/2 1270/353/2 
f 1273/357/19 1275/358/19 1276/359/19 
f 1276/359/19 1274/360/19 1273/357/19 
f 1275/361/30 1273/362/30 1270/363/30 
f 1270/363/30 1269/364/30 1275/361/30 
f 1272/365/23 1271/366/23 1274/367/23 
f 1274/367/23 1276/368/23 1272/365/23 
f 1277/349/1 1278/350/1 1279/351/1 
f 1279/351/1 1280/352/1 1277/349/1 
f 1278/353/2 1281/354/2 1282/355/2 
f 1282/355/2 1279/356/2 1278/353/2 
f 1281/357/19 1283/358/19 1284/359/19 
f 1284/359/19 1282/360/19 1281/357/19 
f 1283/361/30 1281/362/30 1278/363/30 
f 1278/363/30 1277/364/30 1283/361/30 
f 1280/365/23 1279/366/23 1282/367/23 
f 1282/367/23 1284/368/23 1280/365/23 
f 1285/349/1 1286/350/1 1287/351/1 
f 1287/351/1 1288/352/1 1285/349/1 
f 1286/353/2 1289/354/2 1290/355/2 
f 1290/355/2 1287/356/2 1286/353/2 
f 1289/357/19 1291/358/19 1292/359/19 
f 1292/359/19 1290/360/19 1289/357/19 
f 1291/361/30 1289/362/30 1286/363/30 
f 1286/363/30 1285/364/30 1291/361/30 
f 1288/365/23 1287/366/23 1290/367/23 
f 1290/367/23 1292/368/23 1288/365/23 
f 1293/349/1 1294/350/1 1295/351/1 
f 1295/351/1 1296/352/1 1293/349/1 
f 1294/353/2 1297/354/2 1298/355/2 
f 1298/355/2 1295/356/2 1294/353/2 
f 1297/357/19 1299/358/19 1300/359/19 
f 1300/359/19 1298/360/19 1297/357/19 
f 1299/361/30 1297/362/30 1294/363/30 
f 1294/363/30 1293/364/30 1299/361/30 
f 1296/365/23 1295/366/23 1298/367/23 
f 1298/367/23 1300/368/23 1296/365/23 
f 1301/349/1 1302/350/1 1303/351/1 
f 1303/351/1 1304/352/1 1301/349/1 
f 1302/353/2 1305/354/2 1306/355/2 
f 1306/355/2 1303/356/2 1302/353/2 
f 1305/357/19 1307/358/19 1308/359/19 
f 1308/359/19 1306/360/19 1305/357/19 
f 1307/361/30 1305/362/30 1302/363/30 
f 1302/363/30 1301/364/30 1307/361/30 
f 1304/365/23 1303/366/23 1306/367/23 
f 1306/367/23 1308/368/23 1304/365/23 
f 1309/349/1 1310/350/1 1311/351/1 
f 1311/351/1 1312/352/1 1309/349/1 
f 1310/353/2 1313/354/2 1314/355/2 
f 1314/355/2 1311/356/2 1310/353/2 
f 1313/357/19 1315/358/19 1316/359/19 
f 1316/359/19 1314/360/19 1313/357/19 
f 1315/361/30 1313/362/30 1310/363/30 
f 1310/363/30 1309/364/30 1315/361/30 
f 1312/365/23 1311/366/23 1314/367/23 
f 1314/367/23 1316/368/23 1312/365/23 
f 1317/349/1 1318/350/1 1319/351/1 
f 1319/351/1 1320/352/1 1317/349/1 
f 1318/353/2 1321/354/2 1322/355/2 
f 1322/355/2 1319/356/2 1318/353/2 
f 1321/357/19 1323/358/19 1324/359/19 
f 1324/359/19 1322/360/19 1321/357/19 
f 1323/361/30 1321/362/30 1318/363/30 
f 1318/363/30 1317/364/30 1323/361/30 
f 1320/365/23 1319/366/23 1322/367/23 
f 1322/367/23 1324/368/23 1320/365/23 
f 1325/349/1 1326/350/1 1327/351/1 
f 1327/351/1 1328/352/1 1325/349/1 
f 1326/353/2 1329/354/2 1330/355/2 
f 1330/355/2 1327/356/2 1326/353/2 
f 1329/357/19 1331/358/19 1332/359/19 
f 1332/359/19 1330/360/19 1329/357/19 
f 1331/361/30 1329/362/30 1326/363/30 
f 1326/363/30 1325/364/30 1331/361/30 
f 1328/365/23 1327/366/23 1330/367/23 
f 1330/367/23 1332/368/23 1328/365/23 
f 1333/349/1 1334/350/1 1335/351/1 
f 1335/351/1 1336/352/1 1333/349/1 
f 1334/353/2 1337/354/2 1338/355/2 
f 1338/355/2 1335/356/2 1334/353/2 
f 1337/357/19 1339/358/19 1340/359/19 
f 1340/359/19 1338/360/19 1337/357/19 
f 1339/361/30 1337/362/30 1334/363/30 
f 1334/363/30 1333/364/30 1339/361/30 
f 1336/365/23 1335/366/23 1338/367/23 
f 1338/367/23 1340/368/23 1336/365/23 
f 1341/349/1 1342/350/1 1343/351/1 
f 1343/351/1 1344/352/1 1341/349/1 
f 1342/353/2 1345/354/2 1346/355/2 
f 1346/355/2 1343/356/2 1342/353/2 
f 1345/357/19 1347/358/19 1348/359/19 
f 1348/359/19 1346/360/19 1345/357/19 
f 1347/361/30 1345/362/30 1342/363/30 
f 1342/363/30 1341/364/30 1347/361/30 
f 1344/365/23 1343/366/23 1346/367/23 
f 1346/367/23 1348/368/23 1344/365/23 
f 1349/349/1 1350/350/1 1351/351/1 
f 1351/351/1 1352/352/1 1349/349/1 
f 1350/353/2 1353/354/2 1354/355/2 
f 1354/355/2 1351/356/2 1350/353/2 
f 1353/357/19 1355/358/19 1356/359/19 
f 1356/359/19 1354/360/19 1353/357/19 
f 1355/361/30 1353/362/30 1350/363/30 
f 1350/363/30 1349/364/30 1355/361/30 
f 1352/365/23 1351/366/23 1354/367/23 
f 1354/367/23 1356/368/23 1352/365/23 
f 1357/349/1 1358/350/1 1359/351/1 
f 1359/351/1 1360/352/1 1357/349/1 
f 1358/353/2 1361/354/2 1362/355/2 
f 1362/355/2 1359/356/2 1358/353/2 
f 1361/357/19 1363/358/19 1364/359/19 
f 1364/359/19 1362/360/19 1361/357/19 
f 1363/361/30 1361/362/30 1358/363/30 
f 1358/363/30 1357/364/30 1363/361/30 
f 1360/365/23 1359/366/23 1362/367/23 
f 1362/367/23 1364/368/23 1360/365/23 
f 1365/349/1 1366/350/1 1367/351/1 
f 1367/351/1 1368/352/1 1365/349/1 
f 1366/353/2 1369/354/2 1370/355/2 
f 1370/355/2 1367/356/2 1366/353/2 
f 1369/357/19 1371/358/19 1372/359/19 
f 1372/359/19 1370/360/19 1369/357/19 
f 1371/361/30 1369/362/30 1366/363/30 
f 1366/363/30 1365/364/30 1371/361/30 
f 1368/365/23 1367/366/23 1370/367/23 
f 1370/367/23 1372/368/23 1368/365/23 
f 1373/349/1 1374/350/1 1375/351/1 
f 1375/351/1 1376/352/1 1373/349/1 
f 1374/353/2 1377/354/2 1378/355/2 
f 1378/355/2 1375/356/2 1374/353/2 
f 1377/357/19 1379/358/19 1380/359/19 
f 1380/359/19 1378/360/19 1377/357/19 
f 1379/361/30 1377/362/30 1374/363/30 
f 1374/363/30 1373/364/30 1379/361/30 
f 1376/365/23 1375/366/23 1378/367/23 
f 1378/367/23 1380/368/23 1376/365/23 
f 1381/349/1 1382/350/1 1383/351/1 
f 1383/351/1 1384/352/1 1381/349/1 
f 1382/353/2 1385/354/2 1386/355/2 
f 1386/355/2 1383/356/2 1382/353/2 
f 1385/357/19 1387/358/19 1388/359/19 
f 1388/359/19 1386/360/19 1385/357/19 
f 1387/361/30 1385/362/30 1382/363/30 
f 1382/363/30 1381/364/30 1387/361/30 
f 1384/365/23 1383/366/23 1386/367/23 
f 1386/367/23 1388/368/23 1384/365/23 
f 1389/349/1 1390/350/1 1391/351/1 
f 1391/351/1 1392/352/1 1389/349/1 
f 1390/353/2 1393/354/2 1394/355/2 
f 1394/355/2 1391/356/2 1390/353/2 
f 1393/357/19 1395/358/19 1396/359/19 
f 1396/359/19 1394/360/19 1393/357/19 
f 1395/361/30 1393/362/30 1390/363/30 
f 1390/363/30 1389/364/30 1395/361/30 
f 1392/365/23 1391/366/23 1394/367/23 
f 1394/367/23 1396/368/23 1392/365/23 
f 1397/349/1 1398/350/1 1399/351/1 
f 1399/351/1 1400/352/1 1397/349/1 
f 1398/353/2 1401/354/2 1402/355/2 
f 1402/355/2 1399/356/2 1398/353/2 
f 1401/357/19 1403/358/19 1404/359/19 
f 1404/359/19 1402/360/19 1401/357/19 
f 1403/361/30 1401/362/30 1398/363/30 
f 1398/363/30 1397/364/30 1403/361/30 
f 1400/365/23 1399/366/23 1402/367/23 
f 1402/367/23 1404/368/23 1400/365/23 
f 1405/349/1 1406/350/1 1407/351/1 
f 1407/351/1 1408/352/1 1405/349/1 
f 1406/353/2 1409/354/2 1410/355/2 
f 1410/355/2 1407/356/2 1406/353/2 
f 1409/357/19 1411/358/19 1412/359/19 
f 1412/359/19 1410/360/19 1409/357/19 
f 1411/361/30 1409/362/30 1406/363/30 
f 1406/363/30 1405/364/30 1411/361/30 
f 1408/365/23 1407/366/23 1410/367/23 
f 1410/367/23 1412/368/23 1408/365/23 
f 1413/349/1 1414/350/1 1415/351/1 
f 1415/351/1 1416/352/1 1413/349/1 
f 1414/353/2 1417/354/2 1418/355/2 
f 1418/355/2 1415/356/2 1414/353/2 
f 1417/357/19 1419/358/19 1420/359/19 
f 1420/359/19 1418/360/19 1417/357/19 
f 1419/361/30 1417/362/30 1414/363/30 
f 1414/363/30 1413/364/30 1419/361/30 
f 1416/365/23 1415/366/23 1418/367/23 
f 1418/367/23 1420/368/23 1416/365/23 
f 1421/349/1 1422/350/1 1423/351/1 
f 1423/351/1 1424/352/1 1421/349/1 
f 1422/353/2 1425/354/2 1426/355/2 
f 1426/355/2 1423/356/2 1422/353/2 
f 1425/357/19 1427/358/19 1428/359/19 
f 1428/359/19 1426/360/19 1425/357/19 
f 1427/361/30 1425/362/30 1422/363/30 
f 1422/363/30 1421/364/30 1427/361/30 
f 1424/365/23 1423/366/23 1426/367/23 
f 1426/367/23 1428/368/23 1424/365/23 
f 1429/349/1 1430/350/1 1431/351/1 
f 1431/351/1 1432/352/1 1429/349/1 
f 1430/353/2 1433/354/2 1434/355/2 
f 1434/355/2 1431/356/2 1430/353/2 
f 1433/357/19 1435/358/19 1436/359/19 
f 1436/359/19 1434/360/19 1433/357/19 
f 1435/361/30 1433/362/30 1430/363/30 
f 1430/363/30 1429/364/30 1435/361/30 
f 1432/365/23 1431/366/23 1434/367/23 
f 1434/367/23 1436/368/23 1432/365/23 
f 1437/349/1 1438/350/1 1439/351/1 
f 1439/351/1 1440/352/1 1437/349/1 
f 1438/353/2 1441/354/2 1442/355/2 
f 1442/355/2 1439/356/2 1438/353/2 
f 1441/357/19 1443/358/19 1444/359/19 
f 1444/359/19 1442/360/19 1441/357/19 
f 1443/361/30 1441/362/30 1438/363/30 
f 1438/363/30 1437/364/30 1443/361/30 
f 1440/365/23 1439/366/23 1442/367/23 
f 1442/367/23 1444/368/23 1440/365/23 
f 1445/349/1 1446/350/1 1447/351/1 
f 1447/351/1 1448/352/1 1445/349/1 
f 1446/353/2 1449/354/2 1450/355/2 
f 1450/355/2 1447/356/2 1446/353/2 
f 1449/357/19 1451/358/19 1452/359/19 
f 1452/359/19 1450/360/19 1449/357/19 
f 1451/361/30 1449/362/30 1446/363/30 
f 1446/363/30 1445/364/30 1451/361/30 
f 1448/365/23 1447/366/23 1450/367/23 
f 1450/367/23 1452/368/23 1448/365/23 
f 1453/337/30 1454/338/30 1455/339/30 
f 1455/339/30 1456/340/30 1453/337/30 
f 1454/341/2 1457/342/2 1458/343/2 
f 1458/343/2 1455/344/2 1454/341/2 
f 1457/337/23 1459/338/23 1460/339/23 
f 1460/339/23 1458/340/23 1457/337/23 
f 1459/345/19 1457/346/19 1454/347/19 
f 1454/347/19 1453/348/19 1459/345/19 
f 1456/345/1 1455/346/1 1458/347/1 
f 1458/347/1 1460/348/1 1456/345/1 
f 1461/323/30 1462/324/30 1463/325/30 
f 1463/325/30 1464/326/30 1461/323/30 
f 1462/327/2 1465/328/2 1466/329/2 
f 1466/329/2 1463/330/2 1462/327/2 
f 1465/331/23 1467/332/23 1468/325/23 
f 1468/325/23 1466/326/23 1465/331/23 
f 1467/333/19 1465/334/19 1462/335/19 
f 1462/335/19 1461/336/19 1467/333/19 
f 1464/333/1 1463/334/1 1466/335/1 
f 1466/335/1 1468/336/1 1464/333/1 
f 1469/337/30 1470/338/30 1471/339/30 
f 1471/339/30 1472/340/30 1469/337/30 
f 1470/341/2 1473/342/2 1474/343/2 
f 1474/343/2 1471/344/2 1470/341/2 
f 1473/337/23 1475/338/23 1476/339/23 
f 1476/339/23 1474/340/23 1473/337/23 
f 1475/345/19 1473/346/19 1470/347/19 
f 1470/347/19 1469/348/19 1475/345/19 
f 1472/345/1 1471/346/1 1474/347/1 
f 1474/347/1 1476/348/1 1472/345/1 
f 1477/323/30 1478/324/30 1479/325/30 
f 1479/325/30 1480/326/30 1477/323/30 
f 1478/327/2 1481/328/2 1482/329/2 
f 1482/329/2 1479/330/2 1478/327/2 
f 1481/331/23 1483/332/23 1484/325/23 
f 1484/325/23 1482/326/23 1481/331/23 
f 1483/333/19 1481/334/19 1478/335/19 
f 1478/335/19 1477/336/19 1483/333/19 
f 1480/333/1 1479/334/1 1482/335/1 
f 1482/335/1 1484/336/1 1480/333/1 
f 1485/337/30 1486/338/30 1487/339/30 
f 1487/339/30 1488/340/30 1485/337/30 
f 1486/341/2 1489/342/2 1490/343/2 
f 1490/343/2 1487/344/2 1486/341/2 
f 1489/337/23 1491/338/23 1492/339/23 
f 1492/339/23 1490/340/23 1489/337/23 
f 1491/345/19 1489/346/19 1486/347/19 
f 1486/347/19 1485/348/19 1491/345/19 
f 1488/345/1 1487/346/1 1490/347/1 
f 1490/347/1 1492/348/1 1488/345/1 
f 1493/323/30 1494/324/30 1495/325/30 
f 1495/325/30 1496/326/30 1493/323/30 
f 1494/327/2 1497/328/2 1498/329/2 
f 1498/329/2 1495/330/2 1494/327/2 
f 1497/331/23 1499/332/23 1500/325/23 
f 1500/325/23 1498/326/23 1497/331/23 
f 1499/333/19 1497/334/19 1494/335/19 
f 1494/335/19 1493/336/19 1499/333/19 
f 1496/333/1 1495/334/1 1498/335/1 
f 1498/335/1 1500/336/1 1496/333/1 
f 1501/337/30 1502/338/30 1503/339/30 
f 1503/339/30 1504/340/30 1501/337/30 
f 1502/341/2 1505/342/2 1506/343/2 
f 1506/343/2 1503/344/2 1502/341/2 
f 1505/337/23 1507/338/23 1508/339/23 
f 1508/339/23 1506/340/23 1505/337/23 
f 1507/345/19 1505/346/19 1502/347/19 
f 1502/347/19 1501/348/19 1507/345/19 
f 1504/345/1 1503/346/1 1506/347/1 
f 1506/347/1 1508/348/1 1504/345/1 
f 1509/323/30 1510/324/30 1511/325/30 
f 1511/325/30 1512/326/30 1509/323/30 
f 1510/327/2 1513/328/2 1514/329/2 
f 1514/329/2 1511/330/2 1510/327/2 
f 1513/331/23 1515/332/23 1516/325/23 
f 1516/325/23 1514/326/23 1513/331/23 
f 1515/333/19 1513/334/19 1510/335/19 
f 1510/335/19 1509/336/19 1515/333/19 
f 1512/333/1 1511/334/1 1514/335/1 
f 1514/335/1 1516/336/1 1512/333/1 
f 1517/337/30 1518/338/30 1519/339/30 
f 1519/339/30 1520/340/30 1517/337/30 
f 1518/341/2 1521/342/2 1522/343/2 
f 1522/343/2 1519/344/2 1518/341/2 
f 1521/337/23 1523/338/23 1524/339/23 
f 1524/339/23 1522/340/23 1521/337/23 
f 1523/345/19 1521/346/19 1518/347/19 
f 1518/347/19 1517/348/19 1523/345/19 
f 1520/345/1 1519/346/1 1522/347/1 
f 1522/347/1 1524/348/1 1520/345/1 
f 1525/323/30 1526/324/30 1527/325/30 
f 1527/325/30 1528/326/30 1525/323/30 
f 1526/327/2 1529/328/2 1530/329/2 
f 1530/329/2 1527/330/2 1526/327/2 
f 1529/331/23 1531/332/23 1532/325/23 
f 1532/325/23 1530/326/23 1529/331/23 
f 1531/333/19 1529/334/19 1526/335/19 
f 1526/335/19 1525/336/19 1531/333/19 
f 1528/333/1 1527/334/1 1530/335/1 
f 1530/335/1 1532/336/1 1528/333/1 
f 1533/337/30 1534/338/30 1535/339/30 
f 1535/339/30 1536/340/30 1533/337/30 
f 1534/341/2 1537/342/2 1538/343/2 
f 1538/343/2 1535/344/2 1534/341/2 
f 1537/337/23 1539/338/23 1540/339/23 
f 1540/339/23 1538/340/23 1537/337/23 
f 1539/345/19 1537/346/19 1534/347/19 
f 1534/347/19 1533/348/19 1539/345/19 
f 1536/345/1 1535/346/1 1538/347/1 
f 1538/347/1 1540/348/1 1536/345/1 
f 1541/323/30 1542/324/30 1543/325/30 
f 1543/325/30 1544/326/30 1541/323/30 
f 1542/327/2 1545/328/2 1546/329/2 
f 1546/329/2 1543/330/2 1542/327/2 
f 1545/331/23 1547/332/23 1548/325/23 
f 1548/325/23 1546/326/23 1545/331/23 
f 1547/333/19 1545/334/19 1542/335/19 
f 1542/335/19 1541/336/19 1547/333/19 
f 1544/333/1 1543/334/1 1546/335/1 
f 1546/335/1 1548/336/1 1544/333/1 
f 1549/337/30 1550/338/30 1551/339/30 
f 1551/339/30 1552/340/30 1549/337/30 
f 1550/341/2 1553/342/2 1554/343/2 
f 1554/343/2 1551/344/2 1550/341/2 
f 1553/337/23 1555/338/23 1556/339/23 
f 1556/339/23 1554/340/23 1553/337/23 
f 1555/345/19 1553/346/19 1550/347/19 
f 1550/347/19 1549/348/19 1555/345/19 
f 1552/345/1 1551/346/1 1554/347/1 
f 1554/347/1 1556/348/1 1552/345/1 
f 1557/323/30 1558/324/30 1559/325/30 
f 1559/325/30 1560/326/30 1557/323/30 
f 1558/327/2 1561/328/2 1562/329/2 
f 1562/329/2 1559/330/2 1558/327/2 
f 1561/331/23 1563/332/23 1564/325/23 
f 1564/325/23 1562/326/23 1561/331/23 
f 1563/333/19 1561/334/19 1558/335/19 
f 1558/335/19 1557/336/19 1563/333/19 
f 1560/333/1 1559/334/1 1562/335/1 
f 1562/335/1 1564/336/1 1560/333/1 
f 1565/337/30 1566/338/30 1567/339/30 
f 1567/339/30 1568/340/30 1565/337/30 
f 1566/341/2 1569/342/2 1570/343/2 
f 1570/343/2 1567/344/2 1566/341/2 
f 1569/337/23 1571/338/23 1572/339/23 
f 1572/339/23 1570/340/23 1569/337/23 
f 1571/345/19 1569/346/19 1566/347/19 
f 1566/347/19 1565/348/19 1571/345/19 
f 1568/345/1 1567/346/1 1570/347/1 
f 1570/347/1 1572/348/1 1568/345/1 
f 1573/323/30 1574/324/30 1575/325/30 
f 1575/325/30 1576/326/30 1573/323/30 
f 1574/327/2 1577/328/2 1578/329/2 
f 1578/329/2 1575/330/2 1574/327/2 
f 1577/331/23 1579/332/23 1580/325/23 
f 1580/325/23 1578/326/23 1577/331/23 
f 1579/333/19 1577/334/19 1574/335/19 
f 1574/335/19 1573/336/19 1579/333/19 
f 1576/333/1 1575/334/1 1578/335/1 
f 1578/335/1 1580/336/1 1576/333/1 
f 1581/337/30 1582/338/30 1583/339/30 
f 1583/339/30 1584/340/30 1581/337/30 
f 1582/341/2 1585/342/2 1586/343/2 
f 1586/343/2 1583/344/2 1582/341/2 
f 1585/337/23 1587/338/23 1588/339/23 
f 1588/339/23 1586/340/23 1585/337/23 
f 1587/345/19 1585/346/19 1582/347/19 
f 1582/347/19 1581/348/19 1587/345/19 
f 1584/345/1 1583/346/1 1586/347/1 
f 1586/347/1 1588/348/1 1584/345/1 
f 1589/323/30 1590/324/30 1591/325/30 
f 1591/325/30 1592/326/30 1589/323/30 
f 1590/327/2 1593/328/2 1594/329/2 
f 1594/329/2 1591/330/2 1590/327/2 
f 1593/331/23 1595/332/23 1596/325/23 
f 1596/325/23 1594/326/23 1593/331/23 
f 1595/333/19 1593/334/19 1590/335/19 
f 1590/335/19 1589/336/19 1595/333/19 
f 1592/333/1 1591/334/1 1594/335/1 
f 1594/335/1 1596/336/1 1592/333/1 
f 1597/337/30 1598/338/30 1599/339/30 
f 1599/339/30 1600/340/30 1597/337/30 
f 1598/341/2 1601/342/2 1602/343/2 
f 1602/343/2 1599/344/2 1598/341/2 
f 1601/337/23 1603/338/23 1604/339/23 
f 1604/339/23 1602/340/23 1601/337/23 
f 1603/345/19 1601/346/19 1598/347/19 
f 1598/347/19 1597/348/19 1603/345/19 
f 1600/345/1 1599/346/1 1602/347/1 
f 1602/347/1 1604/348/1 1600/345/1 
f 1605/323/30 1606/324/30 1607/325/30 
f 1607/325/30 1608/326/30 1605/323/30 
f 1606/327/2 1609/328/2 1610/329/2 
f 1610/329/2 1607/330/2 1606/327/2 
f 1609/331/23 1611/332/23 1612/325/23 
f 1612/325/23 1610/326/23 1609/331/23 
f 1611/333/19 1609/334/19 1606/335/19 
f 1606/335/19 1605/336/19 1611/333/19 
f 1608/333/1 1607/334/1 1610/335/1 
f 1610/335/1 1612/336/1 1608/333/1 
f 1613/337/30 1614/338/30 1615/339/30 
f 1615/339/30 1616/340/30 1613/337/30 
f 1614/341/2 1617/342/2 1618/343/2 
f 1618/343/2 1615/344/2 1614/341/2 
f 1617/337/23 1619/338/23 1620/339/23 
f 1620/339/23 1618/340/23 1617/337/23 
f 1619/345/19 1617/346/19 1614/347/19 
f 1614/347/19 1613/348/19 1619/345/19 
f 1616/345/1 1615/346/1 1618/347/1 
f 1618/347/1 1620/348/1 1616/345/1 
f 1621/323/30 1622/324/30 1623/325/30 
f 1623/325/30 1624/326/30 1621/323/30 
f 1622/327/2 1625/328/2 1626/329/2 
f 1626/329/2 1623/330/2 1622/327/2 
f 1625/331/23 1627/332/23 1628/325/23 
f 1628/325/23 1626/326/23 1625/331/23 
f 1627/333/19 1625/334/19 1622/335/19 
f 1622/335/19 1621/336/19 1627/333/19 
f 1624/333/1 1623/334/1 1626/335/1 
f 1626/335/1 1628/336/1 1624/333/1 
f 1629/323/30 1630/324/30 1631/325/30 
f 1631/325/30 1632/326/30 1629/323/30 
f 1630/327/2 1633/328/2 1634/329/2 
f 1634/329/2 1631/330/2 1630/327/2 
f 1633/331/23 1635/332/23 1636/325/23 
f 1636/325/23 1634/326/23 1633/331/23 
f 1635/333/19 1633/334/19 1630/335/19 
f 1630/335/19 1629/336/19 1635/333/19 
f 1632/333/1 1631/334/1 1634/335/1 
f 1634/335/1 1636/336/1 1632/333/1 
f 1637/337/30 1638/338/30 1639/339/30 
f 1639/339/30 1640/340/30 1637/337/30 
f 1638/341/2 1641/342/2 1642/343/2 
f 1642/343/2 1639/344/2 1638/341/2 
f 1641/337/23 1643/338/23 1644/339/23 
f 1644/339/23 1642/340/23 1641/337/23 
f 1643/345/19 1641/346/19 1638/347/19 
f 1638/347/19 1637/348/19 1643/345/19 
f 1640/345/1 1639/346/1 1642/347/1 
f 1642/347/1 1644/348/1 1640/345/1 
f 1645/323/30 1646/324/30 1647/325/30 
f 1647/325/30 1648/326/30 1645/323/30 
f 1646/327/2 1649/328/2 1650/329/2 
f 1650/329/2 1647/330/2 1646/327/2 
f 1649/331/23 1651/332/23 1652/325/23 
f 1652/325/23 1650/326/23 1649/331/23 
f 1651/333/19 1649/334/19 1646/335/19 
f 1646/335/19 1645/336/19 1651/333/19 
f 1648/333/1 1647/334/1 1650/335/1 
f 1650/335/1 1652/336/1 1648/333/1 
f 1653/389/30 1654/390/30 1655/391/30 
f 1655/391/30 1656/392/30 1653/389/30 
f 1654/393/2 1657/394/2 1658/395/2 
f 1658/395/2 1655/396/2 1654/393/2 
f 1657/389/23 1659/390/23 1660/391/23 
f 1660/391/23 1658/392/23 1657/389/23 
f 1659/397/19 1657/398/19 1654/399/19 
f 1654/399/19 1653/400/19 1659/397/19 
f 1656/397/1 1655/398/1 1658/399/1 
f 1658/399/1 1660/400/1 1656/397/1 
f 1661/401/30 1662/402/30 1663/403/30 
f 1663/403/30 1664/404/30 1661/401/30 
f 1662/405/2 1665/406/2 1666/407/2 
f 1666/407/2 1663/408/2 1662/405/2 
f 1665/401/23 1667/402/23 1668/403/23 
f 1668/403/23 1666/404/23 1665/401/23 
f 1667/409/19 1665/410/19 1662/411/19 
f 1662/411/19 1661/412/19 1667/409/19 
f 1664/409/1 1663/410/1 1666/411/1 
f 1666/411/1 1668/412/1 1664/409/1 
f 1669/337/30 1670/338/30 1671/339/30 
f 1671/339/30 1672/340/30 1669/337/30 
f 1670/341/2 1673/342/2 1674/343/2 
f 1674/343/2 1671/344/2 1670/341/2 
f 1673/337/23 1675/338/23 1676/339/23 
f 1676/339/23 1674/340/23 1673/337/23 
f 1675/345/19 1673/346/19 1670/347/19 
f 1670/347/19 1669/348/19 1675/345/19 
f 1672/345/1 1671/346/1 1674/347/1 
f 1674/347/1 1676/348/1 1672/345/1 
f 1677/323/30 1678/324/30 1679/325/30 
f 1679/325/30 1680/326/30 1677/323/30 
f 1678/327/2 1681/328/2 1682/329/2 
f 1682/329/2 1679/330/2 1678/327/2 
f 1681/331/23 1683/332/23 1684/325/23 
f 1684/325/23 1682/326/23 1681/331/23 
f 1683/333/19 1681/334/19 1678/335/19 
f 1678/335/19 1677/336/19 1683/333/19 
f 1680/333/1 1679/334/1 1682/335/1 
f 1682/335/1 1684/336/1 1680/333/1 
f 1685/337/30 1686/338/30 1687/339/30 
f 1687/339/30 1688/340/30 1685/337/30 
f 1686/341/2 1689/342/2 1690/343/2 
f 1690/343/2 1687/344/2 1686/341/2 
f 1689/337/23 1691/338/23 1692/339/23 
f 1692/339/23 1690/340/23 1689/337/23 
f 1691/345/19 1689/346/19 1686/347/19 
f 1686/347/19 1685/348/19 1691/345/19 
f 1688/345/1 1687/346/1 1690/347/1 
f 1690/347/1 1692/348/1 1688/345/1 
f 1693/323/30 1694/324/30 1695/325/30 
f 1695/325/30 1696/326/30 1693/323/30 
f 1694/327/2 1697/328/2 1698/329/2 
f 1698/329/2 1695/330/2 1694/327/2 
f 1697/331/23 1699/332/23 1700/325/23 
f 1700/325/23 1698/326/23 1697/331/23 
f 1699/333/19 1697/334/19 1694/335/19 
f 1694/335/19 1693/336/19 1699/333/19 
f 1696/333/1 1695/334/1 1698/335/1 
f 1698/335/1 1700/336/1 1696/333/1 
f 1701/337/30 1702/338/30 1703/339/30 
f 1703/339/30 1704/340/30 1701/337/30 
f 1702/341/2 1705/342/2 1706/343/2 
f 1706/343/2 1703/344/2 1702/341/2 
f 1705/337/23 1707/338/23 1708/339/23 
f 1708/339/23 1706/340/23 1705/337/23 
f 1707/345/19 1705/346/19 1702/347/19 
f 1702/347/19 1701/348/19 1707/345/19 
f 1704/345/1 1703/346/1 1706/347/1 
f 1706/347/1 1708/348/1 1704/345/1 
f 1709/323/30 1710/324/30 1711/325/30 
f 1711/325/30 1712/326/30 1709/323/30 
f 1710/327/2 1713/328/2 1714/329/2 
f 1714/329/2 1711/330/2 1710/327/2 
f 1713/331/23 1715/332/23 1716/325/23 
f 1716/325/23 1714/326/23 1713/331/23 
f 1715/333/19 1713/334/19 1710/335/19 
f 1710/335/19 1709/336/19 1715/333/19 
f 1712/333/1 1711/334/1 1714/335/1 
f 1714/335/1 1716/336/1 1712/333/1 
f 1717/337/30 1718/338/30 1719/339/30 
f 1719/339/30 1720/340/30 1717/337/30 
f 1718/341/2 1721/342/2 1722/343/2 
f 1722/343/2 1719/344/2 1718/341/2 
f 1721/337/23 1723/338/23 1724/339/23 
f 1724/339/23 1722/340/23 1721/337/23 
f 1723/345/19 1721/346/19 1718/347/19 
f 1718/347/19 1717/348/19 1723/345/19 
f 1720/345/1 1719/346/1 1722/347/1 
f 1722/347/1 1724/348/1 1720/345/1 
f 1725/323/30 1726/324/30 1727/325/30 
f 1727/325/30 1728/326/30 1725/323/30 
f 1726/327/2 1729/328/2 1730/329/2 
f 1730/329/2 1727/330/2 1726/327/2 
f 1729/331/23 1731/332/23 1732/325/23 
f 1732/325/23 1730/326/23 1729/331/23 
f 1731/333/19 1729/334/19 1726/335/19 
f 1726/335/19 1725/336/19 1731/333/19 
f 1728/333/1 1727/334/1 1730/335/1 
f 1730/335/1 1732/336/1 1728/333/1 
f 1733/337/30 1734/338/30 1735/339/30 
f 1735/339/30 1736/340/30 1733/337/30 
f 1734/341/2 1737/342/2 1738/343/2 
f 1738/343/2 1735/344/2 1734/341/2 
f 1737/337/23 1739/338/23 1740/339/23 
f 1740/339/23 1738/340/23 1737/337/23 
f 1739/345/19 1737/346/19 1734/347/19 
f 1734/347/19 1733/348/19 1739/345/19 
f 1736/345/1 1735/346/1 1738/347/1 
f 1738/347/1 1740/348/1 1736/345/1 
f 1741/323/30 1742/324/30 1743/325/30 
f 1743/325/30 1744/326/30 1741/323/30 
f 1742/327/2 1745/328/2 1746/329/2 
f 1746/329/2 1743/330/2 1742/327/2 
f 1745/331/23 1747/332/23 1748/325/23 
f 1748/325/23 1746/326/23 1745/331/23 
f 1747/333/19 1745/334/19 1742/335/19 
f 1742/335/19 1741/336/19 1747/333/19 
f 1744/333/1 1743/334/1 1746/335/1 
f 1746/335/1 1748/336/1 1744/333/1 
f 1749/337/30 1750/338/30 1751/339/30 
f 1751/339/30 1752/340/30 1749/337/30 
f 1750/341/2 1753/342/2 1754/343/2 
f 1754/343/2 1751/344/2 1750/341/2 
f 1753/337/23 1755/338/23 1756/339/23 
f 1756/339/23 1754/340/23 1753/337/23 
f 1755/345/19 1753/346/19 1750/347/19 
f 1750/347/19 1749/348/19 1755/345/19 
f 1752/345/1 1751/346/1 1754/347/1 
f 1754/347/1 1756/348/1 1752/345/1 
f 1757/323/30 1758/324/30 1759/325/30 
f 1759/325/30 1760/326/30 1757/323/30 
f 1758/327/2 1761/328/2 1762/329/2 
f 1762/329/2 1759/330/2 1758/327/2 
f 1761/331/23 1763/332/23 1764/325/23 
f 1764/325/23 1762/326/23 1761/331/23 
f 1763/333/19 1761/334/19 1758/335/19 
f 1758/335/19 1757/336/19 1763/333/19 
f 1760/333/1 1759/334/1 1762/335/1 
f 1762/335/1 1764/336/1 1760/333/1 
f 1765/337/30 1766/338/30 1767/339/30 
f 1767/339/30 1768/340/30 1765/337/30 
f 1766/341/2 1769/342/2 1770/343/2 
f 1770/343/2 1767/344/2 1766/341/2 
f 1769/337/23 1771/338/23 1772/339/23 
f 1772/339/23 1770/340/23 1769/337/23 
f 1771/345/19 1769/346/19 1766/347/19 
f 1766/347/19 1765/348/19 1771/345/19 
f 1768/345/1 1767/346/1 1770/347/1 
f 1770/347/1 1772/348/1 1768/345/1 
f 1773/323/30 1774/324/30 1775/325/30 
f 1775/325/30 1776/326/30 1773/323/30 
f 1774/327/2 1777/328/2 1778/329/2 
f 1778/329/2 1775/330/2 1774/327/2 
f 1777/331/23 1779/332/23 1780/325/23 
f 1780/325/23 1778/326/23 1777/331/23 
f 1779/333/19 1777/334/19 1774/335/19 
f 1774/335/19 1773/336/19 1779/333/19 
f 1776/333/1 1775/334/1 1778/335/1 
f 1778/335/1 1780/336/1 1776/333/1 
f 1781/337/30 1782/338/30 1783/339/30 
f 1783/339/30 1784/340/30 1781/337/30 
f 1782/341/2 1785/342/2 1786/343/2 
f 1786/343/2 1783/344/2 1782/341/2 
f 1785/337/23 1787/338/23 1788/339/23 
f 1788/339/23 1786/340/23 1785/337/23 
f 1787/345/19 1785/346/19 1782/347/19 
f 1782/347/19 1781/348/19 1787/345/19 
f 1784/345/1 1783/346/1 1786/347/1 
f 1786/347/1 1788/348/1 1784/345/1 
f 1789/323/30 1790/324/30 1791/325/30 
f 1791/325/30 1792/326/30 1789/323/30 
f 1790/327/2 1793/328/2 1794/329/2 
f 1794/329/2 1791/330/2 1790/327/2 
f 1793/331/23 1795/332/23 1796/325/23 
f 1796/325/23 1794/326/23 1793/331/23 
f 1795/333/19 1793/334/19 1790/335/19 
f 1790/335/19 1789/336/19 1795/333/19 
f 1792/333/1 1791/334/1 1794/335/1 
f 1794/335/1 1796/336/1 1792/333/1 
f 1797/337/30 1798/338/30 1799/339/30 
f 1799/339/30 1800/340/30 1797/337/30 
f 1798/341/2 1801/342/2 1802/343/2 
f 1802/343/2 1799/344/2 1798/341/2 
f 1801/337/23 1803/338/23 1804/339/23 
f 1804/339/23 1802/340/23 1801/337/23 
f 1803/345/19 1801/346/19 1798/347/19 
f 1798/347/19 1797/348/19 1803/345/19 
f 1800/345/1 1799/346/1 1802/347/1 
f 1802/347/1 1804/348/1 1800/345/1 
f 1805/323/30 1806/324/30 1807/325/30 
f 1807/325/30 1808/326/30 1805/323/30 
f 1806/327/2 1809/328/2 1810/329/2 
f 1810/329/2 1807/330/2 1806/327/2 
f 1809/331/23 1811/332/23 1812/325/23 
f 1812/325/23 1810/326/23 1809/331/23 
f 1811/333/19 1809/334/19 1806/335/19 
f 1806/335/19 1805/336/19 1811/333/19 
f 1808/333/1 1807/334/1 1810/335/1 
f 1810/335/1 1812/336/1 1808/333/1 
f 1813/337/30 1814/338/30 1815/339/30 
f 1815/339/30 1816/340/30 1813/337/30 
f 1814/341/2 1817/342/2 1818/343/2 
f 1818/343/2 1815/344/2 1814/341/2 
f 1817/337/97 1819/338/97 1820/339/97 
f 1820/339/97 1818/340/97 1817/337/97 
f 1819/345/19 1817/346/19 1814/347/19 
f 1814/347/19 1813/348/19 1819/345/19 
f 1816/345/1 1815/346/1 1818/347/1 
f 1818/347/1 1820/348/1 1816/345/1 
f 1821/323/30 1822/324/30 1823/325/30 
f 1823/325/30 1824/326/30 1821/323/30 
f 1822/327/2 1825/328/2 1826/329/2 
f 1826/329/2 1823/330/2 1822/327/2 
f 1825/331/23 1827/332/23 1828/325/23 
f 1828/325/23 1826/326/23 1825/331/23 
f 1827/333/19 1825/334/19 1822/335/19 
f 1822/335/19 1821/336/19 1827/333/19 
f 1824/333/1 1823/334/1 1826/335/1 
f 1826/335/1 1828/336/1 1824/333/1 
f 1829/349/1 1830/350/1 1831/351/1 
f 1831/351/1 1832/352/1 1829/349/1 
f 1830/353/2 1833/354/2 1834/355/2 
f 1834/355/2 1831/356/2 1830/353/2 
f 1833/357/19 1835/358/19 1836/359/19 
f 1836/359/19 1834/360/19 1833/357/19 
f 1835/361/30 1833/362/30 1830/363/30 
f 1830/363/30 1829/364/30 1835/361/30 
f 1832/365/23 1831/366/23 1834/367/23 
f 1834/367/23 1836/368/23 1832/365/23 
f 1837/349/1 1838/350/1 1839/351/1 
f 1839/351/1 1840/352/1 1837/349/1 
f 1838/353/2 1841/354/2 1842/355/2 
f 1842/355/2 1839/356/2 1838/353/2 
f 1841/357/19 1843/358/19 1844/359/19 
f 1844/359/19 1842/360/19 1841/357/19 
f 1843/361/30 1841/362/30 1838/363/30 
f 1838/363/30 1837/364/30 1843/361/30 
f 1840/365/23 1839/366/23 1842/367/23 
f 1842/367/23 1844/368/23 1840/365/23 
f 1845/349/1 1846/350/1 1847/351/1 
f 1847/351/1 1848/352/1 1845/349/1 
f 1846/353/2 1849/354/2 1850/355/2 
f 1850/355/2 1847/356/2 1846/353/2 
f 1849/357/19 1851/358/19 1852/359/19 
f 1852/359/19 1850/360/19 1849/357/19 
f 1851/361/30 1849/362/30 1846/363/30 
f 1846/363/30 1845/364/30 1851/361/30 
f 1848/365/23 1847/366/23 1850/367/23 
f 1850/367/23 1852/368/23 1848/365/23 
f 1853/349/1 1854/350/1 1855/351/1 
f 1855/351/1 1856/352/1 1853/349/1 
f 1854/353/2 1857/354/2 1858/355/2 
f 1858/355/2 1855/356/2 1854/353/2 
f 1857/357/19 1859/358/19 1860/359/19 
f 1860/359/19 1858/360/19 1857/357/19 
f 1859/361/30 1857/362/30 1854/363/30 
f 1854/363/30 1853/364/30 1859/361/30 
f 1856/365/23 1855/366/23 1858/367/23 
f 1858/367/23 1860/368/23 1856/365/23 
f 1861/349/1 1862/350/1 1863/351/1 
f 1863/351/1 1864/352/1 1861/349/1 
f 1862/353/2 1865/354/2 1866/355/2 
f 1866/355/2 1863/356/2 1862/353/2 
f 1865/357/19 1867/358/19 1868/359/19 
f 1868/359/19 1866/360/19 1865/357/19 
f 1867/361/30 1865/362/30 1862/363/30 
f 1862/363/30 1861/364/30 1867/361/30 
f 1864/365/23 1863/366/23 1866/367/23 
f 1866/367/23 1868/368/23 1864/365/23 
f 1869/349/1 1870/350/1 1871/351/1 
f 1871/351/1 1872/352/1 1869/349/1 
f 1870/353/2 1873/354/2 1874/355/2 
f 1874/355/2 1871/356/2 1870/353/2 
f 1873/357/19 1875/358/19 1876/359/19 
f 1876/359/19 1874/360/19 1873/357/19 
f 1875/361/30 1873/362/30 1870/363/30 
f 1870/363/30 1869/364/30 1875/361/30 
f 1872/365/23 1871/366/23 1874/367/23 
f 1874/367/23 1876/368/23 1872/365/23 
f 1877/349/1 1878/350/1 1879/351/1 
f 1879/351/1 1880/352/1 1877/349/1 
f 1878/353/2 1881/354/2 1882/355/2 
f 1882/355/2 1879/356/2 1878/353/2 
f 1881/357/19 1883/358/19 1884/359/19 
f 1884/359/19 1882/360/19 1881/357/19 
f 1883/361/30 1881/362/30 1878/363/30 
f 1878/363/30 1877/364/30 1883/361/30 
f 1880/365/23 1879/366/23 1882/367/23 
f 1882/367/23 1884/368/23 1880/365/23 
f 1885/349/1 1886/350/1 1887/351/1 
f 1887/351/1 1888/352/1 1885/349/1 
f 1886/353/2 1889/354/2 1890/355/2 
f 1890/355/2 1887/356/2 1886/353/2 
f 1889/357/19 1891/358/19 1892/359/19 
f 1892/359/19 1890/360/19 1889/357/19 
f 1891/361/30 1889/362/30 1886/363/30 
f 1886/363/30 1885/364/30 1891/361/30 
f 1888/365/23 1887/366/23 1890/367/23 
f 1890/367/23 1892/368/23 1888/365/23 
f 1893/349/1 1894/350/1 1895/351/1 
f 1895/351/1 1896/352/1 1893/349/1 
f 1894/353/2 1897/354/2 1898/355/2 
f 1898/355/2 1895/356/2 1894/353/2 
f 1897/357/19 1899/358/19 1900/359/19 
f 1900/359/19 1898/360/19 1897/357/19 
f 1899/361/30 1897/362/30 1894/363/30 
f 1894/363/30 1893/364/30 1899/361/30 
f 1896/365/23 1895/366/23 1898/367/23 
f 1898/367/23 1900/368/23 1896/365/23 
f 1901/349/1 1902/350/1 1903/351/1 
f 1903/351/1 1904/352/1 1901/349/1 
f 1902/353/2 1905/354/2 1906/355/2 
f 1906/355/2 1903/356/2 1902/353/2 
f 1905/357/19 1907/358/19 1908/359/19 
f 1908/359/19 1906/360/19 1905/357/19 
f 1907/361/30 1905/362/30 1902/363/30 
f 1902/363/30 1901/364/30 1907/361/30 
f 1904/365/23 1903/366/23 1906/367/23 
f 1906/367/23 1908/368/23 1904/365/23 
f 1909/349/1 1910/350/1 1911/351/1 
f 1911/351/1 1912/352/1 1909/349/1 
f 1910/353/2 1913/354/2 1914/355/2 
f 1914/355/2 1911/356/2 1910/353/2 
f 1913/357/19 1915/358/19 1916/359/19 
f 1916/359/19 1914/360/19 1913/357/19 
f 1915/361/30 1913/362/30 1910/363/30 
f 1910/363/30 1909/364/30 1915/361/30 
f 1912/365/23 1911/366/23 1914/367/23 
f 1914/367/23 1916/368/23 1912/365/23 
f 1917/349/1 1918/350/1 1919/351/1 
f 1919/351/1 1920/352/1 1917/349/1 
f 1918/353/2 1921/354/2 1922/355/2 
f 1922/355/2 1919/356/2 1918/353/2 
f 1921/357/19 1923/358/19 1924/359/19 
f 1924/359/19 1922/360/19 1921/357/19 
f 1923/361/30 1921/362/30 1918/363/30 
f 1918/363/30 1917/364/30 1923/361/30 
f 1920/365/23 1919/366/23 1922/367/23 
f 1922/367/23 1924/368/23 1920/365/23 
f 1925/349/1 1926/350/1 1927/351/1 
f 1927/351/1 1928/352/1 1925/349/1 
f 1926/353/2 1929/354/2 1930/355/2 
f 1930/355/2 1927/356/2 1926/353/2 
f 1929/357/19 1931/358/19 1932/359/19 
f 1932/359/19 1930/360/19 1929/357/19 
f 1931/361/30 1929/362/30 1926/363/30 
f 1926/363/30 1925/364/30 1931/361/30 
f 1928/365/23 1927/366/23 1930/367/23 
f 1930/367/23 1932/368/23 1928/365/23 
f 1933/349/1 1934/350/1 1935/351/1 
f 1935/351/1 1936/352/1 1933/349/1 
f 1934/353/2 1937/354/2 1938/355/2 
f 1938/355/2 1935/356/2 1934/353/2 
f 1937/357/19 1939/358/19 1940/359/19 
f 1940/359/19 1938/360/19 1937/357/19 
f 1939/361/30 1937/362/30 1934/363/30 
f 1934/363/30 1933/364/30 1939/361/30 
f 1936/365/23 1935/366/23 1938/367/23 
f 1938/367/23 1940/368/23 1936/365/23 
f 1941/349/1 1942/350/1 1943/351/1 
f 1943/351/1 1944/352/1 1941/349/1 
f 1942/353/2 1945/354/2 1946/355/2 
f 1946/355/2 1943/356/2 1942/353/2 
f 1945/357/19 1947/358/19 1948/359/19 
f 1948/359/19 1946/360/19 1945/357/19 
f 1947/361/30 1945/362/30 1942/363/30 
f 1942/363/30 1941/364/30 1947/361/30 
f 1944/365/23 1943/366/23 1946/367/23 
f 1946/367/23 1948/368/23 1944/365/23 
f 1949/349/1 1950/350/1 1951/351/1 
f 1951/351/1 1952/352/1 1949/349/1 
f 1950/353/2 1953/354/2 1954/355/2 
f 1954/355/2 1951/356/2 1950/353/2 
f 1953/357/19 1955/358/19 1956/359/19 
f 1956/359/19 1954/360/19 1953/357/19 
f 1955/361/30 1953/362/30 1950/363/30 
f 1950/363/30 1949/364/30 1955/361/30 
f 1952/365/23 1951/366/23 1954/367/23 
f 1954/367/23 1956/368/23 1952/365/23 
f 1957/349/1 1958/350/1 1959/351/1 
f 1959/351/1 1960/352/1 1957/349/1 
f 1958/353/2 1961/354/2 1962/355/2 
f 1962/355/2 1959/356/2 1958/353/2 
f 1961/357/19 1963/358/19 1964/359/19 
f 1964/359/19 1962/360/19 1961/357/19 
f 1963/361/30 1961/362/30 1958/363/30 
f 1958/363/30 1957/364/30 1963/361/30 
f 1960/365/23 1959/366/23 1962/367/23 
f 1962/367/23 1964/368/23 1960/365/23 
f 1965/349/1 1966/350/1 1967/351/1 
f 1967/351/1 1968/352/1 1965/349/1 
f 1966/353/2 1969/354/2 1970/355/2 
f 1970/355/2 1967/356/2 1966/353/2 
f 1969/357/19 1971/358/19 1972/359/19 
f 1972/359/19 1970/360/19 1969/357/19 
f 1971/361/30 1969/362/30 1966/363/30 
f 1966/363/30 1965/364/30 1971/361/30 
f 1968/365/23 1967/366/23 1970/367/23 
f 1970/367/23 1972/368/23 1968/365/23 
f 1973/349/1 1974/350/1 1975/351/1 
f 1975/351/1 1976/352/1 1973/349/1 
f 1974/353/2 1977/354/2 1978/355/2 
f 1978/355/2 1975/356/2 1974/353/2 
f 1977/357/19 1979/358/19 1980/359/19 
f 1980/359/19 1978/360/19 1977/357/19 
f 1979/361/30 1977/362/30 1974/363/30 
f 1974/363/30 1973/364/30 1979/361/30 
f 1976/365/23 1975/366/23 1978/367/23 
f 1978/367/23 1980/368/23 1976/365/23 
f 1981/349/1 1982/350/1 1983/351/1 
f 1983/351/1 1984/352/1 1981/349/1 
f 1982/353/2 1985/354/2 1986/355/2 
f 1986/355/2 1983/356/2 1982/353/2 
f 1985/357/19 1987/358/19 1988/359/19 
f 1988/359/19 1986/360/19 1985/357/19 
f 1987/361/30 1985/362/30 1982/363/30 
f 1982/363/30 1981/364/30 1987/361/30 
f 1984/365/23 1983/366/23 1986/367/23 
f 1986/367/23 1988/368/23 1984/365/23 
f 1989/349/1 1990/350/1 1991/351/1 
f 1991/351/1 1992/352/1 1989/349/1 
f 1990/353/2 1993/354/2 1994/355/2 
f 1994/355/2 1991/356/2 1990/353/2 
f 1993/357/19 1995/358/19 1996/359/19 
f 1996/359/19 1994/360/19 1993/357/19 
f 1995/361/30 1993/362/30 1990/363/30 
f 1990/363/30 1989/364/30 1995/361/30 
f 1992/365/23 1991/366/23 1994/367/23 
f 1994/367/23 1996/368/23 1992/365/23 
f 1997/349/1 1998/350/1 1999/351/1 
f 1999/351/1 2000/352/1 1997/349/1 
f 1998/353/2 2001/354/2 2002/355/2 
f 2002/355/2 1999/356/2 1998/353/2 
f 2001/357/19 2003/358/19 2004/359/19 
f 2004/359/19 2002/360/19 2001/357/19 
f 2003/361/30 2001/362/30 1998/363/30 
f 1998/363/30 1997/364/30 2003/361/30 
f 2000/365/23 1999/366/23 2002/367/23 
f 2002/367/23 2004/368/23 2000/365/23 
f 2005/349/1 2006/350/1 2007/351/1 
f 2007/351/1 2008/352/1 2005/349/1 
f 2006/353/2 2009/354/2 2010/355/2 
f 2010/355/2 2007/356/2 2006/353/2 
f 2009/357/19 2011/358/19 2012/359/19 
f 2012/359/19 2010/360/19 2009/357/19 
f 2011/361/30 2009/362/30 2006/363/30 
f 2006/363/30 2005/364/30 2011/361/30 
f 2008/365/23 2007/366/23 2010/367/23 
f 2010/367/23 2012/368/23 2008/365/23 
f 2013/349/1 2014/350/1 2015/351/1 
f 2015/351/1 2016/352/1 2013/349/1 
f 2014/353/2 2017/354/2 2018/355/2 
f 2018/355/2 2015/356/2 2014/353/2 
f 2017/357/19 2019/358/19 2020/359/19 
f 2020/359/19 2018/360/19 2017/357/19 
f 2019/361/30 2017/362/30 2014/363/30 
f 2014/363/30 2013/364/30 2019/361/30 
f 2016/365/23 2015/366/23 2018/367/23 
f 2018/367/23 2020/368/23 2016/365/23 
f 2021/349/1 2022/350/1 2023/351/1 
f 2023/351/1 2024/352/1 2021/349/1 
f 2022/353/2 2025/354/2 2026/355/2 
f 2026/355/2 2023/356/2 2022/353/2 
f 2025/357/19 2027/358/19 2028/359/19 
f 2028/359/19 2026/360/19 2025/357/19 
f 2027/361/30 2025/362/30 2022/363/30 
f 2022/363/30 2021/364/30 2027/361/30 
f 2024/365/23 2023/366/23 2026/367/23 
f 2026/367/23 2028/368/23 2024/365/23 
f 2029/349/1 2030/350/1 2031/351/1 
f 2031/351/1 2032/352/1 2029/349/1 
f 2030/353/2 2033/354/2 2034/355/2 
f 2034/355/2 2031/356/2 2030/353/2 
f 2033/357/19 2035/358/19 2036/359/19 
f 2036/359/19 2034/360/19 2033/357/19 
f 2035/361/30 2033/362/30 2030/363/30 
f 2030/363/30 2029/364/30 2035/361/30 
f 2032/365/23 2031/366/23 2034/367/23 
f 2034/367/23 2036/368/23 2032/365/23 
f 2037/349/1 2038/350/1 2039/351/1 
f 2039/351/1 2040/352/1 2037/349/1 
f 2038/353/2 2041/354/2 2042/355/2 
f 2042/355/2 2039/356/2 2038/353/2 
f 2041/357/19 2043/358/19 2044/359/19 
f 2044/359/19 2042/360/19 2041/357/19 
f 2043/361/30 2041/362/30 2038/363/30 
f 2038/363/30 2037/364/30 2043/361/30 
f 2040/365/23 2039/366/23 2042/367/23 
f 2042/367/23 2044/368/23 2040/365/23 
f 2045/349/1 2046/350/1 2047/351/1 
f 2047/351/1 2048/352/1 2045/349/1 
f 2046/353/2 2049/354/2 2050/355/2 
f 2050/355/2 2047/356/2 2046/353/2 
f 2049/357/19 2051/358/19 2052/359/19 
f 2052/359/19 2050/360/19 2049/357/19 
f 2051/361/30 2049/362/30 2046/363/30 
f 2046/363/30 2045/364/30 2051/361/30 
f 2048/365/23 2047/366/23 2050/367/23 
f 2050/367/23 2052/368/23 2048/365/23 
f 2053/349/1 2054/350/1 2055/351/1 
f 2055/351/1 2056/352/1 2053/349/1 
f 2054/353/2 2057/354/2 2058/355/2 
f 2058/355/2 2055/356/2 2054/353/2 
f 2057/357/19 2059/358/19 2060/359/19 
f 2060/359/19 2058/360/19 2057/357/19 
f 2059/361/30 2057/362/30 2054/363/30 
f 2054/363/30 2053/364/30 2059/361/30 
f 2056/365/23 2055/366/23 2058/367/23 
f 2058/367/23 2060/368/23 2056/365/23 
f 2061/349/1 2062/350/1 2063/351/1 
f 2063/351/1 2064/352/1 2061/349/1 
f 2062/353/2 2065/354/2 2066/355/2 
f 2066/355/2 2063/356/2 2062/353/2 
f 2065/357/19 2067/358/19 2068/359/19 
f 2068/359/19 2066/360/19 2065/357/19 
f 2067/361/30 2065/362/30 2062/363/30 
f 2062/363/30 2061/364/30 2067/361/30 
f 2064/365/23 2063/366/23 2066/367/23 
f 2066/367/23 2068/368/23 2064/365/23 
f 2069/349/1 2070/350/1 2071/351/1 
f 2071/351/1 2072/352/1 2069/349/1 
f 2070/353/2 2073/354/2 2074/355/2 
f 2074/355/2 2071/356/2 2070/353/2 
f 2073/357/19 2075/358/19 2076/359/19 
f 2076/359/19 2074/360/19 2073/357/19 
f 2075/361/30 2073/362/30 2070/363/30 
f 2070/363/30 2069/364/30 2075/361/30 
f 2072/365/23 2071/366/23 2074/367/23 
f 2074/367/23 2076/368/23 2072/365/23 
f 2077/413/1 2078/414/1 2079/415/1 
f 2079/415/1 2080/416/1 2077/413/1 
f 2078/417/2 2081/418/2 2082/419/2 
f 2082/419/2 2079/420/2 2078/417/2 
f 2081/421/19 2083/422/19 2084/423/19 
f 2084/423/19 2082/424/19 2081/421/19 
f 2083/425/30 2081/426/30 2078/427/30 
f 2078/427/30 2077/428/30 2083/425/30 
f 2080/429/23 2079/430/23 2082/431/23 
f 2082/431/23 2084/432/23 2080/429/23 
f 2085/413/1 2086/414/1 2087/415/1 
f 2087/415/1 2088/416/1 2085/413/1 
f 2086/417/2 2089/418/2 2090/419/2 
f 2090/419/2 2087/420/2 2086/417/2 
f 2089/421/19 2091/422/19 2092/423/19 
f 2092/423/19 2090/424/19 2089/421/19 
f 2091/425/30 2089/426/30 2086/427/30 
f 2086/427/30 2085/428/30 2091/425/30 
f 2088/429/23 2087/430/23 2090/431/23 
f 2090/431/23 2092/432/23 2088/429/23 
f 2093/349/1 2094/350/1 2095/351/1 
f 2095/351/1 2096/352/1 2093/349/1 
f 2094/353/2 2097/354/2 2098/355/2 
f 2098/355/2 2095/356/2 2094/353/2 
f 2097/357/19 2099/358/19 2100/359/19 
f 2100/359/19 2098/360/19 2097/357/19 
f 2099/361/30 2097/362/30 2094/363/30 
f 2094/363/30 2093/364/30 2099/361/30 
f 2096/365/23 2095/366/23 2098/367/23 
f 2098/367/23 2100/368/23 2096/365/23 
f 2101/349/1 2102/350/1 2103/351/1 
f 2103/351/1 2104/352/1 2101/349/1 
f 2102/353/2 2105/354/2 2106/355/2 
f 2106/355/2 2103/356/2 2102/353/2 
f 2105/357/19 2107/358/19 2108/359/19 
f 2108/359/19 2106/360/19 2105/357/19 
f 2107/361/30 2105/362/30 2102/363/30 
f 2102/363/30 2101/364/30 2107/361/30 
f 2104/365/23 2103/366/23 2106/367/23 
f 2106/367/23 2108/368/23 2104/365/23 
f 2109/413/1 2110/414/1 2111/415/1 
f 2111/415/1 2112/416/1 2109/413/1 
f 2110/417/2 2113/418/2 2114/419/2 
f 2114/419/2 2111/420/2 2110/417/2 
f 2113/421/19 2115/422/19 2116/423/19 
f 2116/423/19 2114/424/19 2113/421/19 
f 2115/425/30 2113/426/30 2110/427/30 
f 2110/427/30 2109/428/30 2115/425/30 
f 2112/429/23 2111/430/23 2114/431/23 
f 2114/431/23 2116/432/23 2112/429/23 
f 2117/413/1 2118/414/1 2119/415/1 
f 2119/415/1 2120/416/1 2117/413/1 
f 2118/417/2 2121/418/2 2122/419/2 
f 2122/419/2 2119/420/2 2118/417/2 
f 2121/421/19 2123/422/19 2124/423/19 
f 2124/423/19 2122/424/19 2121/421/19 
f 2123/425/30 2121/426/30 2118/427/30 
f 2118/427/30 2117/428/30 2123/425/30 
f 2120/429/23 2119/430/23 2122/431/23 
f 2122/431/23 2124/432/23 2120/429/23 
f 2125/349/1 2126/350/1 2127/351/1 
f 2127/351/1 2128/352/1 2125/349/1 
f 2126/353/2 2129/354/2 2130/355/2 
f 2130/355/2 2127/356/2 2126/353/2 
f 2129/357/19 2131/358/19 2132/359/19 
f 2132/359/19 2130/360/19 2129/357/19 
f 2131/361/30 2129/362/30 2126/363/30 
f 2126/363/30 2125/364/30 2131/361/30 
f 2128/365/23 2127/366/23 2130/367/23 
f 2130/367/23 2132/368/23 2128/365/23 
f 2133/349/1 2134/350/1 2135/351/1 
f 2135/351/1 2136/352/1 2133/349/1 
f 2134/353/2 2137/354/2 2138/355/2 
f 2138/355/2 2135/356/2 2134/353/2 
f 2137/357/19 2139/358/19 2140/359/19 
f 2140/359/19 2138/360/19 2137/357/19 
f 2139/361/30 2137/362/30 2134/363/30 
f 2134/363/30 2133/364/30 2139/361/30 
f 2136/365/23 2135/366/23 2138/367/23 
f 2138/367/23 2140/368/23 2136/365/23 
f 2141/413/1 2142/414/1 2143/415/1 
f 2143/415/1 2144/416/1 2141/413/1 
f 2142/417/2 2145/418/2 2146/419/2 
f 2146/419/2 2143/420/2 2142/417/2 
f 2145/421/19 2147/422/19 2148/423/19 
f 2148/423/19 2146/424/19 2145/421/19 
f 2147/425/30 2145/426/30 2142/427/30 
f 2142/427/30 2141/428/30 2147/425/30 
f 2144/429/23 2143/430/23 2146/431/23 
f 2146/431/23 2148/432/23 2144/429/23 
f 2149/306/68 2150/307/68 2151/308/68 
f 2151/308/68 2152/309/68 2149/306/68 
f 2150/310/2 2153/311/2 2154/312/2 
f 2154/312/2 2151/313/2 2150/310/2 
f 2153/314/69 2155/315/69 2156/316/69 
f 2156/316/69 2154/309/69 2153/314/69 
f 2155/317/70 2153/318/70 2150/319/70 
f 2150/319/70 2149/320/70 2155/317/70 
f 2152/321/71 2151/322/71 2154/319/71 
f 2154/319/71 2156/320/71 2152/321/71 
f 2157/294/64 2158/295/64 2159/296/64 
f 2159/296/64 2160/297/64 2157/294/64 
f 2158/298/31 2161/299/31 2162/300/31 
f 2162/300/31 2159/301/31 2158/298/31 
f 2161/294/98 2163/295/98 2164/296/98 
f 2164/296/98 2162/297/98 2161/294/98 
f 2163/302/66 2161/303/66 2158/304/66 
f 2158/304/66 2157/305/66 2163/302/66 
f 2160/302/67 2159/303/67 2162/304/67 
f 2162/304/67 2164/305/67 2160/302/67 
f 2165/306/60 2166/307/60 2167/308/60 
f 2167/308/60 2168/309/60 2165/306/60 
f 2166/310/31 2169/311/31 2170/312/31 
f 2170/312/31 2167/313/31 2166/310/31 
f 2169/314/61 2171/315/61 2172/316/61 
f 2172/316/61 2170/309/61 2169/314/61 
f 2171/317/62 2169/318/62 2166/319/62 
f 2166/319/62 2165/320/62 2171/317/62 
f 2168/321/63 2167/322/63 2170/319/63 
f 2170/319/63 2172/320/63 2168/321/63 
f 2173/294/56 2174/295/56 2175/296/56 
f 2175/296/56 2176/297/56 2173/294/56 
f 2174/298/31 2177/299/31 2178/300/31 
f 2178/300/31 2175/301/31 2174/298/31 
f 2177/294/57 2179/295/57 2180/296/57 
f 2180/296/57 2178/297/57 2177/294/57 
f 2179/302/58 2177/303/58 2174/304/58 
f 2174/304/58 2173/305/58 2179/302/58 
f 2176/302/59 2175/303/59 2178/304/59 
f 2178/304/59 2180/305/59 2176/302/59 
f 2181/306/52 2182/307/52 2183/308/52 
f 2183/308/52 2184/309/52 2181/306/52 
f 2182/310/31 2185/311/31 2186/312/31 
f 2186/312/31 2183/313/31 2182/310/31 
f 2185/314/53 2187/315/53 2188/316/53 
f 2188/316/53 2186/309/53 2185/314/53 
f 2187/317/54 2185/318/54 2182/319/54 
f 2182/319/54 2181/320/54 2187/317/54 
f 2184/321/55 2183/322/55 2186/319/55 
f 2186/319/55 2188/320/55 2184/321/55 
f 2189/294/48 2190/295/48 2191/296/48 
f 2191/296/48 2192/297/48 2189/294/48 
f 2190/298/2 2193/299/2 2194/300/2 
f 2194/300/2 2191/301/2 2190/298/2 
f 2193/294/49 2195/295/49 2196/296/49 
f 2196/296/49 2194/297/49 2193/294/49 
f 2195/302/50 2193/303/50 2190/304/50 
f 2190/304/50 2189/305/50 2195/302/50 
f 2192/302/51 2191/303/51 2194/304/51 
f 2194/304/51 2196/305/51 2192/302/51 
f 2197/306/44 2198/307/44 2199/308/44 
f 2199/308/44 2200/309/44 2197/306/44 
f 2198/310/2 2201/311/2 2202/312/2 
f 2202/312/2 2199/313/2 2198/310/2 
f 2201/314/45 2203/315/45 2204/316/45 
f 2204/316/45 2202/309/45 2201/314/45 
f 2203/317/46 2201/318/46 2198/319/46 
f 2198/319/46 2197/320/46 2203/317/46 
f 2200/321/47 2199/322/47 2202/319/47 
f 2202/319/47 2204/320/47 2200/321/47 
f 2205/294/40 2206/295/40 2207/296/40 
f 2207/296/40 2208/297/40 2205/294/40 
f 2206/298/2 2209/299/2 2210/300/2 
f 2210/300/2 2207/301/2 2206/298/2 
f 2209/294/41 2211/295/41 2212/296/41 
f 2212/296/41 2210/297/41 2209/294/41 
f 2211/302/42 2209/303/42 2206/304/42 
f 2206/304/42 2205/305/42 2211/302/42 
f 2208/302/43 2207/303/43 2210/304/43 
f 2210/304/43 2212/305/43 2208/302/43 
f 2213/306/36 2214/307/36 2215/308/36 
f 2215/308/36 2216/309/36 2213/306/36 
f 2214/310/2 2217/311/2 2218/312/2 
f 2218/312/2 2215/313/2 2214/310/2 
f 2217/314/37 2219/315/37 2220/316/37 
f 2220/316/37 2218/309/37 2217/314/37 
f 2219/317/38 2217/318/38 2214/319/38 
f 2214/319/38 2213/320/38 2219/317/38 
f 2216/321/39 2215/322/39 2218/319/39 
f 2218/319/39 2220/320/39 2216/321/39 
f 2221/294/32 2222/295/32 2223/296/32 
f 2223/296/32 2224/297/32 2221/294/32 
f 2222/298/2 2225/299/2 2226/300/2 
f 2226/300/2 2223/301/2 2222/298/2 
f 2225/294/33 2227/295/33 2228/296/33 
f 2228/296/33 2226/297/33 2225/294/33 
f 2227/302/34 2225/303/34 2222/304/34 
f 2222/304/34 2221/305/34 2227/302/34 
f 2224/302/35 2223/303/35 2226/304/35 
f 2226/304/35 2228/305/35 2224/302/35 
f 2229/306/92 2230/307/92 2231/308/92 
f 2231/308/92 2232/309/92 2229/306/92 
f 2230/310/2 2233/311/2 2234/312/2 
f 2234/312/2 2231/313/2 2230/310/2 
f 2233/314/93 2235/315/93 2236/316/93 
f 2236/316/93 2234/309/93 2233/314/93 
f 2235/317/94 2233/318/94 2230/319/94 
f 2230/319/94 2229/320/94 2235/317/94 
f 2232/321/95 2231/322/95 2234/319/95 
f 2234/319/95 2236/320/95 2232/321/95 
f 2237/294/88 2238/295/88 2239/296/88 
f 2239/296/88 2240/297/88 2237/294/88 
f 2238/298/31 2241/299/31 2242/300/31 
f 2242/300/31 2239/301/31 2238/298/31 
f 2241/294/89 2243/295/89 2244/296/89 
f 2244/296/89 2242/297/89 2241/294/89 
f 2243/302/90 2241/303/90 2238/304/90 
f 2238/304/90 2237/305/90 2243/302/90 
f 2240/302/91 2239/303/91 2242/304/91 
f 2242/304/91 2244/305/91 2240/302/91 
f 2245/306/84 2246/307/84 2247/308/84 
f 2247/308/84 2248/309/84 2245/306/84 
f 2246/310/2 2249/311/2 2250/312/2 
f 2250/312/2 2247/313/2 2246/310/2 
f 2249/314/85 2251/315/85 2252/316/85 
f 2252/316/85 2250/309/85 2249/314/85 
f 2251/317/86 2249/318/86 2246/319/86 
f 2246/319/86 2245/320/86 2251/317/86 
f 2248/321/87 2247/322/87 2250/319/87 
f 2250/319/87 2252/320/87 2248/321/87 
f 2253/294/80 2254/295/80 2255/296/80 
f 2255/296/80 2256/297/80 2253/294/80 
f 2254/298/2 2257/299/2 2258/300/2 
f 2258/300/2 2255/301/2 2254/298/2 
f 2257/294/81 2259/295/81 2260/296/81 
f 2260/296/81 2258/297/81 2257/294/81 
f 2259/302/82 2257/303/82 2254/304/82 
f 2254/304/82 2253/305/82 2259/302/82 
f 2256/302/83 2255/303/83 2258/304/83 
f 2258/304/83 2260/305/83 2256/302/83 
f 2261/306/76 2262/307/76 2263/308/76 
f 2263/308/76 2264/309/76 2261/306/76 
f 2262/310/2 2265/311/2 2266/312/2 
f 2266/312/2 2263/313/2 2262/310/2 
f 2265/314/77 2267/315/77 2268/316/77 
f 2268/316/77 2266/309/77 2265/314/77 
f 2267/317/78 2265/318/78 2262/319/78 
f 2262/319/78 2261/320/78 2267/317/78 
f 2264/321/79 2263/322/79 2266/319/79 
f 2266/319/79 2268/320/79 2264/321/79 
f 2269/294/72 2270/295/72 2271/296/72 
f 2271/296/72 2272/297/72 2269/294/72 
f 2270/298/2 2273/299/2 2274/300/2 
f 2274/300/2 2271/301/2 2270/298/2 
f 2273/294/73 2275/295/73 2276/296/73 
f 2276/296/73 2274/297/73 2273/294/73 
f 2275/302/74 2273/303/74 2270/304/74 
f 2270/304/74 2269/305/74 2275/302/74 
f 2272/302/75 2271/303/75 2274/304/75 
f 2274/304/75 2276/305/75 2272/302/75 
# 2982 faces

