# 3ds Max Wavefront OBJ Exporter v0.99 - (c)2007 guruware
# File Created: 23.11.2022 12:57:32

#
# object Castle_Interior
#

v  -18.8089 8.6307 -30.0323
v  -18.8089 15.9295 -30.0323
v  -18.8089 15.9295 -12.9282
v  -18.8089 8.6307 -12.9282
v  8.4516 8.6307 -30.0323
v  19.9739 8.6307 -30.0323
v  19.9739 15.9295 -30.0323
v  2.5405 8.6307 -30.0323
v  8.4516 15.9295 -30.0323
v  2.5405 15.9295 -30.0323
v  0.7978 15.9295 -30.0323
v  -0.9726 15.9295 -30.0323
v  -6.7440 15.9295 -30.0323
v  -9.2669 15.9295 -30.0323
v  0.7978 8.6307 -30.0323
v  -9.2669 8.6307 -30.0323
v  -6.7440 8.6307 -30.0323
v  -0.9726 8.6307 -30.0323
v  19.9739 8.6307 -12.9282
v  19.9739 15.9295 -12.9282
v  -1.0984 27.5805 -21.6561
v  -1.1511 27.2964 -21.6991
v  -0.6334 27.3070 -21.5111
v  -0.6353 27.6476 -21.5607
v  -0.0774 27.6512 -21.4344
v  -0.0622 27.3026 -21.4718
v  0.4983 27.6422 -21.5739
v  0.4984 27.3000 -21.5717
v  -0.6075 27.9888 -21.6384
v  -1.1092 27.9061 -21.5940
v  -0.0687 27.9830 -21.4735
v  0.4982 27.9845 -21.5750
v  -0.6101 28.3265 -21.6093
v  -1.1634 28.3266 -21.5789
v  -0.0571 28.3221 -21.5680
v  0.4984 28.3266 -21.5719
v  0.6170 28.4650 -21.5559
v  0.6170 23.5627 -21.5559
v  0.5960 23.5627 -21.5823
v  0.5960 28.4650 -21.5823
v  0.5655 23.5627 -21.5970
v  0.5655 28.4650 -21.5970
v  0.5317 23.5627 -21.5970
v  0.5317 28.4650 -21.5970
v  0.5013 28.4650 -21.5823
v  0.5013 23.5627 -21.5823
v  0.4803 28.4650 -21.5559
v  0.4803 23.5627 -21.5559
v  0.4727 23.5627 -21.5230
v  0.4727 28.4650 -21.5230
v  0.4803 23.5627 -21.4900
v  0.4803 28.4650 -21.4900
v  0.5013 23.5627 -21.4636
v  0.5013 28.4650 -21.4636
v  0.5317 23.5627 -21.4490
v  0.5317 28.4650 -21.4490
v  0.5655 23.5627 -21.4490
v  0.5655 28.4650 -21.4490
v  0.5960 23.5627 -21.4636
v  0.5960 28.4650 -21.4636
v  0.6170 23.5627 -21.4900
v  0.6170 28.4650 -21.4900
v  0.6245 23.5627 -21.5230
v  0.6245 28.4650 -21.5230
v  1.5905 22.0734 -20.3965
v  1.5905 23.5133 -20.3965
v  -0.5079 23.5133 -20.3965
v  -0.5079 22.0734 -20.3965
v  -0.2106 23.8459 -22.3269
v  -0.2106 23.8459 -20.7151
v  1.2933 23.8459 -20.7151
v  1.2933 23.8459 -22.3269
v  1.5905 22.0734 -22.6455
v  -0.5079 22.0734 -22.6455
v  -0.5079 23.5133 -22.6455
v  1.5905 23.5133 -22.6455
v  1.2933 23.5133 -20.7151
v  -0.2106 23.5133 -20.7151
v  1.2933 23.5133 -22.3269
v  -0.2106 23.5133 -22.3269
v  -12.8075 16.8172 -13.1559
v  -14.0110 16.8172 -13.1559
v  -14.0110 15.8300 -13.1559
v  -12.8075 15.8300 -13.1559
v  -13.6407 17.3257 -13.8840
v  -13.6407 17.3257 -13.1559
v  -13.1778 17.3257 -13.1559
v  -13.1778 17.3257 -13.8840
v  -14.0110 15.8300 -13.8840
v  -14.0110 16.8172 -13.8840
v  -12.8075 16.8172 -13.8840
v  -12.8075 15.8300 -13.8840
v  -9.2669 8.0038 -12.9282
v  -9.2669 8.6307 -12.9282
v  -18.8089 8.0038 -12.9282
v  -8.1589 22.2053 -15.9214
v  -4.6206 22.2053 -27.0391
v  -9.6613 22.2053 -27.0391
v  -9.6613 22.2053 -15.9214
v  -8.1589 15.9295 -15.9214
v  -9.6613 15.9295 -15.9214
v  -9.2669 15.9295 -12.9282
v  10.8263 15.9295 -15.9214
v  10.8263 15.9295 -27.0391
v  -9.6613 15.9295 -27.0391
v  -4.6206 15.9295 -27.0391
v  -8.1589 16.1551 -15.9214
v  -9.6613 16.1551 -15.9214
v  -18.8089 14.0024 -12.9282
v  -18.8089 13.2714 -12.9282
v  -9.2669 13.2714 -12.9282
v  -9.2669 14.0024 -12.9282
v  -18.8089 12.8842 -12.9282
v  -9.2669 12.8842 -12.9282
v  -18.8089 12.4539 -12.9282
v  -9.2669 12.4539 -12.9282
v  -18.8089 11.9806 -12.9282
v  -9.2669 11.9806 -12.9282
v  -18.8089 11.5934 -12.9282
v  -9.2669 11.5934 -12.9282
v  -18.8089 10.9831 -12.9282
v  -9.2669 10.9831 -12.9282
v  -0.9726 8.0038 -12.9282
v  2.5405 8.0038 -12.9282
v  2.5704 8.6307 -12.9282
v  -0.9726 8.6307 -12.9282
v  0.7978 15.9295 -12.9282
v  0.6962 15.9295 -15.9214
v  -0.9775 15.9295 -15.9214
v  -0.9726 15.9295 -12.9282
v  0.6962 16.1551 -15.9214
v  -0.9775 16.1551 -15.9214
v  -0.9775 22.2053 -15.9214
v  0.6962 22.2053 -15.9214
v  0.6962 22.2053 -27.0391
v  -0.2390 22.2053 -27.0391
v  -0.2390 15.9295 -27.0391
v  0.6962 15.9295 -27.0391
v  8.4516 8.0038 -12.9282
v  8.4516 8.6307 -12.9282
v  8.4516 10.9831 -12.9282
v  2.5696 10.9831 -12.9282
v  8.4516 11.5934 -12.9282
v  8.4516 11.9806 -12.9282
v  2.5138 11.9806 -12.9282
v  2.5458 11.5960 -12.9282
v  8.4516 12.4539 -12.9282
v  2.4772 12.1408 -12.9282
v  2.2373 12.5943 -12.9282
v  8.4516 12.8842 -12.9282
v  8.4516 13.2714 -12.9282
v  1.8468 12.9706 -12.9282
v  8.4516 14.0024 -12.9282
v  1.3671 13.2117 -12.9282
v  7.1694 15.9295 -15.9214
v  2.3554 15.9295 -15.9214
v  2.5405 15.9295 -12.9282
v  8.4516 15.9295 -12.9282
v  2.3554 16.1551 -15.9214
v  7.1694 16.1551 -15.9214
v  7.1694 22.2053 -15.9214
v  4.7395 22.2053 -27.0391
v  1.6168 22.2053 -27.0391
v  2.3554 22.2053 -15.9214
v  1.6168 15.9295 -27.0391
v  4.7395 15.9295 -27.0391
v  -6.7440 8.6307 -12.9282
v  -6.7440 8.0038 -12.9282
v  -6.7440 10.9831 -12.9282
v  -6.7440 15.9295 -12.9282
v  -5.9444 15.9295 -15.9214
v  -5.9444 16.1551 -15.9214
v  -5.9444 22.2053 -15.9214
v  -3.2878 22.2053 -27.0391
v  -3.2878 15.9295 -27.0391
v  -0.9726 10.9831 -12.9282
v  -0.9326 11.8579 -12.9282
v  -6.7440 11.9806 -12.9282
v  -6.7440 11.5934 -12.9282
v  -0.9726 11.5934 -12.9282
v  -0.8792 12.1498 -12.9282
v  -6.7440 12.4539 -12.9282
v  -0.6285 12.6094 -12.9282
v  -6.7440 12.8842 -12.9282
v  -0.2488 12.9770 -12.9282
v  -6.7440 13.2714 -12.9282
v  -6.7440 14.0024 -12.9282
v  0.2425 13.2192 -12.9282
v  10.9803 8.0038 -12.9282
v  10.9803 8.6307 -12.9282
v  10.9803 10.9831 -12.9282
v  10.9803 15.9295 -12.9282
v  9.3890 15.9295 -15.9214
v  9.3890 16.1551 -15.9214
v  9.3890 22.2053 -15.9214
v  10.8263 22.2053 -15.9214
v  10.8263 22.2053 -27.0391
v  19.9739 8.0038 -12.9282
v  19.9739 10.9831 -12.9282
v  10.9803 11.5934 -12.9282
v  19.9739 11.5934 -12.9282
v  19.9739 11.9806 -12.9282
v  10.9803 11.9806 -12.9282
v  19.9739 12.4539 -12.9282
v  10.9803 12.4539 -12.9282
v  19.9739 12.8842 -12.9282
v  10.9803 12.8842 -12.9282
v  19.9739 13.2714 -12.9282
v  10.9803 13.2714 -12.9282
v  19.9739 14.0024 -12.9282
v  10.9803 14.0024 -12.9282
v  10.8263 16.1551 -15.9214
v  0.7978 13.2991 -12.9282
v  -0.9726 8.6307 -13.6124
v  -0.9726 10.9831 -13.6124
v  -0.9726 11.5934 -13.6124
v  -0.9326 11.8579 -13.6124
v  -0.8792 12.1498 -13.6124
v  -0.6285 12.6094 -13.6124
v  -0.2488 12.9770 -13.6124
v  0.2425 13.2192 -13.6124
v  2.5704 8.6307 -13.6124
v  2.5696 10.9831 -13.6124
v  2.5138 11.9806 -13.6124
v  2.5458 11.5960 -13.6124
v  2.4772 12.1408 -13.6124
v  2.2373 12.5943 -13.6124
v  1.8468 12.9706 -13.6124
v  1.3671 13.2117 -13.6124
v  0.7978 13.2991 -13.6124
v  -9.2669 11.9806 -13.5727
v  -9.2669 11.5934 -13.5727
v  -9.2669 12.4539 -13.5727
v  -9.2669 12.8842 -13.5727
v  -9.2669 13.2714 -13.5727
v  -9.2669 14.0024 -13.5727
v  -6.7440 11.9806 -13.5727
v  -6.7440 11.5934 -13.5727
v  -6.7440 12.4539 -13.5727
v  -6.7440 12.8842 -13.5727
v  -6.7440 13.2714 -13.5727
v  -6.7440 14.0024 -13.5727
v  8.4516 11.5934 -13.5727
v  8.4516 11.9806 -13.5727
v  8.4516 12.4539 -13.5727
v  8.4516 12.8842 -13.5727
v  8.4516 13.2714 -13.5727
v  8.4516 14.0024 -13.5727
v  10.9803 11.5934 -13.5727
v  10.9803 11.9806 -13.5727
v  10.9803 12.4539 -13.5727
v  10.9803 12.8842 -13.5727
v  10.9803 13.2714 -13.5727
v  10.9803 14.0024 -13.5727
v  -6.7440 10.9831 -13.5727
v  -9.2669 10.9831 -13.5727
v  10.9803 10.9831 -13.5727
v  8.4516 10.9831 -13.5727
v  -5.9444 20.3534 -15.9214
v  -0.9775 20.3534 -15.9214
v  -8.1589 20.3534 -15.9214
v  -9.6613 20.3534 -15.9214
v  10.8263 20.3534 -15.9214
v  9.3890 20.3534 -15.9214
v  7.1694 20.3534 -15.9214
v  2.3554 20.3534 -15.9214
v  0.6962 20.3534 -15.9214
v  -0.9775 17.9060 -15.9214
v  -5.9444 17.9060 -15.9214
v  -8.1589 17.9060 -15.9214
v  -9.6613 17.9060 -15.9214
v  10.8263 17.9060 -15.9214
v  9.3890 17.9060 -15.9214
v  7.1694 17.9060 -15.9214
v  2.3554 17.9060 -15.9214
v  -8.1589 17.9060 -16.2991
v  -8.1589 20.3534 -16.2991
v  -5.9444 17.9060 -16.2991
v  -5.9444 20.3534 -16.2991
v  7.1694 17.9060 -16.2991
v  7.1694 20.3534 -16.2991
v  9.3890 17.9060 -16.2991
v  9.3890 20.3534 -16.2991
v  2.3554 20.3534 -16.6263
v  0.6962 20.3534 -16.6263
v  -0.9775 20.3534 -16.6263
v  -0.9775 16.1551 -16.6263
v  -0.9775 17.9060 -16.6263
v  2.3554 17.9060 -16.6263
v  2.3554 16.1551 -16.6263
v  0.6962 16.1551 -16.6263
v  -10.6675 15.8300 -13.1559
v  -10.6675 16.8172 -13.1559
v  -11.8710 16.8172 -13.1559
v  -11.8710 15.8300 -13.1559
v  -11.0378 17.3257 -13.8840
v  -11.5007 17.3257 -13.8840
v  -11.5007 17.3257 -13.1559
v  -11.0378 17.3257 -13.1559
v  -11.8710 15.8300 -13.8840
v  -11.8710 16.8172 -13.8840
v  -10.6675 16.8172 -13.8840
v  -10.6675 15.8300 -13.8840
v  -8.5275 15.8300 -13.1559
v  -8.5275 16.8172 -13.1559
v  -9.7310 16.8172 -13.1559
v  -9.7310 15.8300 -13.1559
v  -8.8978 17.3257 -13.8840
v  -9.3607 17.3257 -13.8840
v  -9.3607 17.3257 -13.1559
v  -8.8978 17.3257 -13.1559
v  -8.5275 16.8172 -13.8840
v  -8.5275 15.8300 -13.8840
v  -9.7310 15.8300 -13.8840
v  -9.7310 16.8172 -13.8840
v  -6.3875 15.8300 -13.1559
v  -6.3875 16.8172 -13.1559
v  -7.5910 16.8172 -13.1559
v  -7.5910 15.8300 -13.1559
v  -6.7578 17.3257 -13.8840
v  -7.2207 17.3257 -13.8840
v  -7.2207 17.3257 -13.1559
v  -6.7578 17.3257 -13.1559
v  -6.3875 16.8172 -13.8840
v  -6.3875 15.8300 -13.8840
v  -7.5910 15.8300 -13.8840
v  -7.5910 16.8172 -13.8840
v  -4.2475 15.8300 -13.1559
v  -4.2475 16.8172 -13.1559
v  -5.4510 16.8172 -13.1559
v  -5.4510 15.8300 -13.1559
v  -4.6178 17.3257 -13.8840
v  -5.0807 17.3257 -13.8840
v  -5.0807 17.3257 -13.1559
v  -4.6178 17.3257 -13.1559
v  -4.2475 16.8172 -13.8840
v  -4.2475 15.8300 -13.8840
v  -5.4510 15.8300 -13.8840
v  -5.4510 16.8172 -13.8840
v  -2.1075 15.8300 -13.1559
v  -2.1075 16.8172 -13.1559
v  -3.3110 16.8172 -13.1559
v  -3.3110 15.8300 -13.1559
v  -2.4778 17.3257 -13.8840
v  -2.9407 17.3257 -13.8840
v  -2.9407 17.3257 -13.1559
v  -2.4778 17.3257 -13.1559
v  -2.1075 16.8172 -13.8840
v  -2.1075 15.8300 -13.8840
v  -3.3110 15.8300 -13.8840
v  -3.3110 16.8172 -13.8840
v  0.0325 15.8300 -13.1559
v  0.0325 16.8172 -13.1559
v  -1.1710 16.8172 -13.1559
v  -1.1710 15.8300 -13.1559
v  -0.3378 17.3257 -13.8840
v  -0.8007 17.3257 -13.8840
v  -0.8007 17.3257 -13.1559
v  -0.3378 17.3257 -13.1559
v  0.0325 16.8172 -13.8840
v  0.0325 15.8300 -13.8840
v  -1.1710 15.8300 -13.8840
v  -1.1710 16.8172 -13.8840
v  2.1725 15.8300 -13.1559
v  2.1725 16.8172 -13.1559
v  0.9690 16.8172 -13.1559
v  0.9690 15.8300 -13.1559
v  1.8022 17.3257 -13.8840
v  1.3393 17.3257 -13.8840
v  1.3393 17.3257 -13.1559
v  1.8022 17.3257 -13.1559
v  0.9690 15.8300 -13.8840
v  0.9690 16.8172 -13.8840
v  2.1725 16.8172 -13.8840
v  2.1725 15.8300 -13.8840
v  3.1090 16.8172 -13.1559
v  3.1090 15.8300 -13.1559
v  4.3125 15.8300 -13.1559
v  4.3125 16.8172 -13.1559
v  3.9422 17.3257 -13.8840
v  3.4793 17.3257 -13.8840
v  3.4793 17.3257 -13.1559
v  3.9422 17.3257 -13.1559
v  4.3125 16.8172 -13.8840
v  4.3125 15.8300 -13.8840
v  3.1090 15.8300 -13.8840
v  3.1090 16.8172 -13.8840
v  6.4525 15.8300 -13.1559
v  6.4525 16.8172 -13.1559
v  5.2490 16.8172 -13.1559
v  5.2490 15.8300 -13.1559
v  6.0822 17.3257 -13.8840
v  5.6193 17.3257 -13.8840
v  5.6193 17.3257 -13.1559
v  6.0822 17.3257 -13.1559
v  5.2490 15.8300 -13.8840
v  5.2490 16.8172 -13.8840
v  6.4525 16.8172 -13.8840
v  6.4525 15.8300 -13.8840
v  8.5925 15.8300 -13.1559
v  8.5925 16.8172 -13.1559
v  7.3890 16.8172 -13.1559
v  7.3890 15.8300 -13.1559
v  8.2222 17.3257 -13.8840
v  7.7593 17.3257 -13.8840
v  7.7593 17.3257 -13.1559
v  8.2222 17.3257 -13.1559
v  8.5925 16.8172 -13.8840
v  8.5925 15.8300 -13.8840
v  7.3890 15.8300 -13.8840
v  7.3890 16.8172 -13.8840
v  10.7325 15.8300 -13.1559
v  10.7325 16.8172 -13.1559
v  9.5290 16.8172 -13.1559
v  9.5290 15.8300 -13.1559
v  10.3622 17.3257 -13.8840
v  9.8993 17.3257 -13.8840
v  9.8993 17.3257 -13.1559
v  10.3622 17.3257 -13.1559
v  9.5290 15.8300 -13.8840
v  9.5290 16.8172 -13.8840
v  10.7325 16.8172 -13.8840
v  10.7325 15.8300 -13.8840
v  12.8725 15.8300 -13.1559
v  12.8725 16.8172 -13.1559
v  11.6690 16.8172 -13.1559
v  11.6690 15.8300 -13.1559
v  12.5022 17.3257 -13.8840
v  12.0393 17.3257 -13.8840
v  12.0393 17.3257 -13.1559
v  12.5022 17.3257 -13.1559
v  12.8725 16.8172 -13.8840
v  12.8725 15.8300 -13.8840
v  11.6690 15.8300 -13.8840
v  11.6690 16.8172 -13.8840
v  15.0125 15.8300 -13.1559
v  15.0125 16.8172 -13.1559
v  13.8090 16.8172 -13.1559
v  13.8090 15.8300 -13.1559
v  14.6422 17.3257 -13.8840
v  14.1793 17.3257 -13.8840
v  14.1793 17.3257 -13.1559
v  14.6422 17.3257 -13.1559
v  15.0125 16.8172 -13.8840
v  15.0125 15.8300 -13.8840
v  13.8090 15.8300 -13.8840
v  13.8090 16.8172 -13.8840
v  -17.7344 16.8172 -14.4760
v  -17.7344 15.8300 -14.4760
v  -17.7344 15.8300 -15.6794
v  -17.7344 16.8172 -15.6794
v  -18.4624 17.3257 -15.3092
v  -18.4624 17.3257 -14.8462
v  -17.7344 17.3257 -14.8462
v  -17.7344 17.3257 -15.3092
v  -18.4624 16.8172 -15.6794
v  -18.4624 15.8300 -15.6794
v  -18.4624 15.8300 -14.4760
v  -18.4624 16.8172 -14.4760
v  -17.7344 15.8300 -17.7814
v  -17.7344 16.8172 -17.7814
v  -17.7344 16.8172 -16.5780
v  -17.7344 15.8300 -16.5780
v  -18.4624 17.3257 -17.4112
v  -18.4624 17.3257 -16.9482
v  -17.7344 17.3257 -16.9482
v  -17.7344 17.3257 -17.4112
v  -18.4624 15.8300 -16.5780
v  -18.4624 16.8172 -16.5780
v  -18.4624 16.8172 -17.7814
v  -18.4624 15.8300 -17.7814
v  -17.7344 15.8300 -19.8834
v  -17.7344 16.8172 -19.8834
v  -17.7344 16.8172 -18.6800
v  -17.7344 15.8300 -18.6800
v  -18.4624 17.3257 -19.5132
v  -18.4624 17.3257 -19.0502
v  -17.7344 17.3257 -19.0502
v  -17.7344 17.3257 -19.5132
v  -18.4624 16.8172 -19.8834
v  -18.4624 15.8300 -19.8834
v  -18.4624 15.8300 -18.6800
v  -18.4624 16.8172 -18.6800
v  -17.7344 15.8300 -21.9854
v  -17.7344 16.8172 -21.9854
v  -17.7344 16.8172 -20.7820
v  -17.7344 15.8300 -20.7820
v  -18.4624 17.3257 -21.6152
v  -18.4624 17.3257 -21.1522
v  -17.7344 17.3257 -21.1522
v  -17.7344 17.3257 -21.6152
v  -18.4624 15.8300 -20.7820
v  -18.4624 16.8172 -20.7820
v  -18.4624 16.8172 -21.9854
v  -18.4624 15.8300 -21.9854
v  -17.7344 15.8300 -24.0874
v  -17.7344 16.8172 -24.0874
v  -17.7344 16.8172 -22.8840
v  -17.7344 15.8300 -22.8840
v  -18.4624 17.3257 -23.7172
v  -18.4624 17.3257 -23.2542
v  -17.7344 17.3257 -23.2542
v  -17.7344 17.3257 -23.7172
v  -18.4624 16.8172 -24.0874
v  -18.4624 15.8300 -24.0874
v  -18.4624 15.8300 -22.8840
v  -18.4624 16.8172 -22.8840
v  19.5647 15.8300 -15.7701
v  19.5647 16.8172 -15.7701
v  19.5647 16.8172 -14.5666
v  19.5647 15.8300 -14.5666
v  18.8367 17.3257 -15.3998
v  18.8367 17.3257 -14.9369
v  19.5647 17.3257 -14.9369
v  19.5647 17.3257 -15.3998
v  18.8367 15.8300 -14.5666
v  18.8367 16.8172 -14.5666
v  18.8367 16.8172 -15.7701
v  18.8367 15.8300 -15.7701
v  19.5647 16.8172 -16.6686
v  19.5647 15.8300 -16.6686
v  19.5647 15.8300 -17.8721
v  19.5647 16.8172 -17.8721
v  18.8367 17.3257 -17.5018
v  18.8367 17.3257 -17.0389
v  19.5647 17.3257 -17.0389
v  19.5647 17.3257 -17.5018
v  18.8367 16.8172 -17.8721
v  18.8367 15.8300 -17.8721
v  18.8367 15.8300 -16.6687
v  18.8367 16.8172 -16.6687
v  19.5647 15.8300 -19.9741
v  19.5647 16.8172 -19.9741
v  19.5647 16.8172 -18.7707
v  19.5647 15.8300 -18.7707
v  18.8367 17.3257 -19.6038
v  18.8367 17.3257 -19.1409
v  19.5647 17.3257 -19.1409
v  19.5647 17.3257 -19.6038
v  18.8367 16.8172 -19.9741
v  18.8367 15.8300 -19.9741
v  18.8367 15.8300 -18.7707
v  18.8367 16.8172 -18.7707
v  19.5647 15.8300 -22.0761
v  19.5647 16.8172 -22.0761
v  19.5647 16.8172 -20.8727
v  19.5647 15.8300 -20.8727
v  19.5647 17.3257 -21.7058
v  18.8367 17.3257 -21.7058
v  18.8367 17.3257 -21.2429
v  19.5647 17.3257 -21.2429
v  18.8367 15.8300 -20.8727
v  18.8367 16.8172 -20.8727
v  18.8367 16.8172 -22.0761
v  18.8367 15.8300 -22.0761
v  19.5647 16.8172 -22.9747
v  19.5647 15.8300 -22.9747
v  19.5647 15.8300 -24.1781
v  19.5647 16.8172 -24.1781
v  19.5647 17.3257 -23.8078
v  18.8367 17.3257 -23.8078
v  18.8367 17.3257 -23.3449
v  19.5647 17.3257 -23.3449
v  18.8367 15.8300 -22.9747
v  18.8367 16.8172 -22.9747
v  18.8367 16.8172 -24.1781
v  18.8367 15.8300 -24.1781
v  13.4219 16.8172 -28.9254
v  13.4219 15.8300 -28.9254
v  14.6253 15.8300 -28.9254
v  14.6253 16.8172 -28.9254
v  13.7921 17.3257 -28.9254
v  14.2550 17.3257 -28.9254
v  14.2550 17.3257 -29.6534
v  13.7921 17.3257 -29.6534
v  13.4219 15.8300 -29.6534
v  13.4219 16.8172 -29.6534
v  14.6253 16.8172 -29.6534
v  14.6253 15.8300 -29.6534
v  11.5011 16.8172 -28.9254
v  11.5011 15.8300 -28.9254
v  12.7045 15.8300 -28.9254
v  12.7045 16.8172 -28.9254
v  12.3343 17.3257 -28.9254
v  12.3343 17.3257 -29.6534
v  11.8713 17.3257 -29.6534
v  11.8713 17.3257 -28.9254
v  11.5011 15.8300 -29.6534
v  11.5011 16.8172 -29.6534
v  12.7045 16.8172 -29.6534
v  12.7045 15.8300 -29.6534
v  9.5290 16.8172 -28.9254
v  9.5290 15.8300 -28.9254
v  10.7325 15.8300 -28.9254
v  10.7325 16.8172 -28.9254
v  10.3622 17.3257 -28.9254
v  10.3622 17.3257 -29.6534
v  9.8993 17.3257 -29.6534
v  9.8993 17.3257 -28.9254
v  9.5290 15.8300 -29.6534
v  9.5290 16.8172 -29.6534
v  10.7325 16.8172 -29.6534
v  10.7325 15.8300 -29.6534
v  7.3890 16.8172 -28.9254
v  7.3890 15.8300 -28.9254
v  8.5925 15.8300 -28.9254
v  8.5925 16.8172 -28.9254
v  8.2222 17.3257 -29.6534
v  7.7593 17.3257 -29.6534
v  7.7593 17.3257 -28.9254
v  8.2222 17.3257 -28.9254
v  7.3890 15.8300 -29.6534
v  7.3890 16.8172 -29.6534
v  8.5925 16.8172 -29.6534
v  8.5925 15.8300 -29.6534
v  6.4525 15.8300 -28.9254
v  6.4525 16.8172 -28.9254
v  5.2490 16.8172 -28.9254
v  5.2490 15.8300 -28.9254
v  6.0822 17.3257 -29.6534
v  5.6193 17.3257 -29.6534
v  5.6193 17.3257 -28.9254
v  6.0822 17.3257 -28.9254
v  6.4525 16.8172 -29.6534
v  6.4525 15.8300 -29.6534
v  5.2490 15.8300 -29.6534
v  5.2490 16.8172 -29.6534
v  4.3125 15.8300 -28.9254
v  4.3125 16.8172 -28.9254
v  3.1090 16.8172 -28.9254
v  3.1090 15.8300 -28.9254
v  3.9422 17.3257 -29.6534
v  3.4793 17.3257 -29.6534
v  3.4793 17.3257 -28.9254
v  3.9422 17.3257 -28.9254
v  3.1090 15.8300 -29.6534
v  3.1090 16.8172 -29.6534
v  4.3125 16.8172 -29.6534
v  4.3125 15.8300 -29.6534
v  2.1725 15.8300 -28.9254
v  2.1725 16.8172 -28.9254
v  0.9690 16.8172 -28.9254
v  0.9690 15.8300 -28.9254
v  1.8022 17.3257 -29.6534
v  1.3393 17.3257 -29.6534
v  1.3393 17.3257 -28.9254
v  1.8022 17.3257 -28.9254
v  2.1725 16.8172 -29.6534
v  2.1725 15.8300 -29.6534
v  0.9690 15.8300 -29.6534
v  0.9690 16.8172 -29.6534
v  0.0325 15.8300 -28.9254
v  0.0325 16.8172 -28.9254
v  -1.1710 16.8172 -28.9254
v  -1.1710 15.8300 -28.9254
v  -0.3378 17.3257 -29.6534
v  -0.8007 17.3257 -29.6534
v  -0.8007 17.3257 -28.9254
v  -0.3378 17.3257 -28.9254
v  -1.1710 15.8300 -29.6534
v  -1.1710 16.8172 -29.6534
v  0.0325 16.8172 -29.6534
v  0.0325 15.8300 -29.6534
v  -3.3110 16.8172 -28.9254
v  -3.3110 15.8300 -28.9254
v  -2.1075 15.8300 -28.9254
v  -2.1075 16.8172 -28.9254
v  -2.4778 17.3257 -29.6534
v  -2.9407 17.3257 -29.6534
v  -2.9407 17.3257 -28.9254
v  -2.4778 17.3257 -28.9254
v  -2.1075 16.8172 -29.6534
v  -2.1075 15.8300 -29.6534
v  -3.3110 15.8300 -29.6534
v  -3.3110 16.8172 -29.6534
v  -4.2475 15.8300 -28.9254
v  -4.2475 16.8172 -28.9254
v  -5.4510 16.8172 -28.9254
v  -5.4510 15.8300 -28.9254
v  -4.6178 17.3257 -29.6534
v  -5.0807 17.3257 -29.6534
v  -5.0807 17.3257 -28.9254
v  -4.6178 17.3257 -28.9254
v  -4.2475 16.8172 -29.6534
v  -4.2475 15.8300 -29.6534
v  -5.4510 15.8300 -29.6534
v  -5.4510 16.8172 -29.6534
v  -7.5910 16.8172 -28.9254
v  -7.5910 15.8300 -28.9254
v  -6.3875 15.8300 -28.9254
v  -6.3875 16.8172 -28.9254
v  -6.7578 17.3257 -29.6534
v  -7.2207 17.3257 -29.6534
v  -7.2207 17.3257 -28.9254
v  -6.7578 17.3257 -28.9254
v  -6.3875 16.8172 -29.6534
v  -6.3875 15.8300 -29.6534
v  -7.5910 15.8300 -29.6534
v  -7.5910 16.8172 -29.6534
v  -8.5275 15.8300 -28.9254
v  -8.5275 16.8172 -28.9254
v  -9.7310 16.8172 -28.9254
v  -9.7310 15.8300 -28.9254
v  -8.8978 17.3257 -29.6534
v  -9.3607 17.3257 -29.6534
v  -9.3607 17.3257 -28.9254
v  -8.8978 17.3257 -28.9254
v  -9.7310 15.8300 -29.6534
v  -9.7310 16.8172 -29.6534
v  -8.5275 16.8172 -29.6534
v  -8.5275 15.8300 -29.6534
v  -10.4896 15.8300 -28.9254
v  -10.4896 16.8172 -28.9254
v  -11.6931 16.8172 -28.9254
v  -11.6931 15.8300 -28.9254
v  -10.8599 17.3257 -29.6534
v  -11.3228 17.3257 -29.6534
v  -11.3228 17.3257 -28.9254
v  -10.8599 17.3257 -28.9254
v  -10.4896 16.8172 -29.6534
v  -10.4896 15.8300 -29.6534
v  -11.6931 15.8300 -29.6534
v  -11.6931 16.8172 -29.6534
v  -12.3499 15.8300 -28.9254
v  -12.3499 16.8172 -28.9254
v  -13.5534 16.8172 -28.9254
v  -13.5534 15.8300 -28.9254
v  -12.7202 17.3257 -29.6534
v  -13.1831 17.3257 -29.6534
v  -13.1831 17.3257 -28.9254
v  -12.7202 17.3257 -28.9254
v  -12.3499 16.8172 -29.6534
v  -12.3499 15.8300 -29.6534
v  -13.5534 15.8300 -29.6534
v  -13.5534 16.8172 -29.6534
v  -8.2789 23.1328 -16.1376
v  -9.4823 23.1328 -16.1376
v  -9.4823 22.1456 -16.1376
v  -8.2789 22.1456 -16.1376
v  -8.6491 23.6413 -16.8657
v  -9.1120 23.6413 -16.8657
v  -9.1120 23.6413 -16.1376
v  -8.6491 23.6413 -16.1376
v  -8.2789 23.1328 -16.8657
v  -8.2789 22.1456 -16.8657
v  -9.4823 22.1456 -16.8657
v  -9.4823 23.1328 -16.8657
v  -6.3875 22.1456 -16.1376
v  -6.3875 23.1328 -16.1376
v  -7.5910 23.1328 -16.1376
v  -7.5910 22.1456 -16.1376
v  -6.7578 23.6413 -16.8657
v  -7.2207 23.6413 -16.8657
v  -7.2207 23.6413 -16.1376
v  -6.7578 23.6413 -16.1376
v  -7.5910 22.1456 -16.8657
v  -7.5910 23.1328 -16.8657
v  -6.3875 23.1328 -16.8657
v  -6.3875 22.1456 -16.8657
v  -5.4510 23.1328 -16.1376
v  -5.4510 22.1456 -16.1376
v  -4.2475 22.1456 -16.1376
v  -4.2475 23.1328 -16.1376
v  -4.6178 23.6413 -16.8657
v  -5.0807 23.6413 -16.8657
v  -5.0807 23.6413 -16.1376
v  -4.6178 23.6413 -16.1376
v  -4.2475 23.1328 -16.8657
v  -4.2475 22.1456 -16.8657
v  -5.4510 22.1456 -16.8657
v  -5.4510 23.1328 -16.8657
v  -2.1075 22.1456 -16.1376
v  -2.1075 23.1328 -16.1376
v  -3.3110 23.1328 -16.1376
v  -3.3110 22.1456 -16.1376
v  -2.4778 23.6413 -16.8657
v  -2.9407 23.6413 -16.8657
v  -2.9407 23.6413 -16.1376
v  -2.4778 23.6413 -16.1376
v  -3.3110 22.1456 -16.8657
v  -3.3110 23.1328 -16.8657
v  -2.1075 23.1328 -16.8657
v  -2.1075 22.1456 -16.8657
v  -1.1710 23.1328 -16.1376
v  -1.1710 22.1456 -16.1376
v  0.0325 22.1456 -16.1376
v  0.0325 23.1328 -16.1376
v  -0.3378 23.6413 -16.8657
v  -0.8007 23.6413 -16.8657
v  -0.8007 23.6413 -16.1376
v  -0.3378 23.6413 -16.1376
v  0.0325 23.1328 -16.8657
v  0.0325 22.1456 -16.8657
v  -1.1710 22.1456 -16.8657
v  -1.1710 23.1328 -16.8657
v  2.1725 22.1456 -16.1376
v  2.1725 23.1328 -16.1376
v  0.9690 23.1328 -16.1376
v  0.9690 22.1456 -16.1376
v  1.8022 23.6413 -16.8657
v  1.3393 23.6413 -16.8657
v  1.3393 23.6413 -16.1376
v  1.8022 23.6413 -16.1376
v  0.9690 22.1456 -16.8657
v  0.9690 23.1328 -16.8657
v  2.1725 23.1328 -16.8657
v  2.1725 22.1456 -16.8657
v  3.1090 23.1328 -16.1376
v  3.1090 22.1456 -16.1376
v  4.3125 22.1456 -16.1376
v  4.3125 23.1328 -16.1376
v  3.9422 23.6413 -16.8657
v  3.4793 23.6413 -16.8657
v  3.4793 23.6413 -16.1376
v  3.9422 23.6413 -16.1376
v  4.3125 23.1328 -16.8657
v  4.3125 22.1456 -16.8657
v  3.1090 22.1456 -16.8657
v  3.1090 23.1328 -16.8657
v  6.4525 22.1456 -16.1376
v  6.4525 23.1328 -16.1376
v  5.2490 23.1328 -16.1376
v  5.2490 22.1456 -16.1376
v  6.0822 23.6413 -16.8657
v  5.6193 23.6413 -16.8657
v  5.6193 23.6413 -16.1376
v  6.0822 23.6413 -16.1376
v  5.2490 22.1456 -16.8657
v  5.2490 23.1328 -16.8657
v  6.4525 23.1328 -16.8657
v  6.4525 22.1456 -16.8657
v  7.3890 23.1328 -16.1376
v  7.3890 22.1456 -16.1376
v  8.5925 22.1456 -16.1376
v  8.5925 23.1328 -16.1376
v  8.2222 23.6413 -16.8657
v  7.7593 23.6413 -16.8657
v  7.7593 23.6413 -16.1376
v  8.2222 23.6413 -16.1376
v  8.5925 23.1328 -16.8657
v  8.5925 22.1456 -16.8657
v  7.3890 22.1456 -16.8657
v  7.3890 23.1328 -16.8657
v  10.7325 22.1456 -16.1376
v  10.7325 23.1328 -16.1376
v  9.5290 23.1328 -16.1376
v  9.5290 22.1456 -16.1376
v  10.3622 23.6413 -16.8657
v  9.8993 23.6413 -16.8657
v  9.8993 23.6413 -16.1376
v  10.3622 23.6413 -16.1376
v  9.5290 22.1456 -16.8657
v  9.5290 23.1328 -16.8657
v  10.7325 23.1328 -16.8657
v  10.7325 22.1456 -16.8657
v  -8.5792 23.1328 -26.1223
v  -8.5792 22.1456 -26.1223
v  -7.3758 22.1456 -26.1223
v  -7.3758 23.1328 -26.1223
v  -7.7460 23.6413 -26.8503
v  -8.2089 23.6413 -26.8503
v  -8.2089 23.6413 -26.1223
v  -7.7460 23.6413 -26.1223
v  -7.3758 23.1328 -26.8503
v  -7.3758 22.1456 -26.8503
v  -8.5792 22.1456 -26.8503
v  -8.5792 23.1328 -26.8503
v  -5.4844 22.1456 -26.1223
v  -5.4844 23.1328 -26.1223
v  -6.6878 23.1328 -26.1223
v  -6.6878 22.1456 -26.1223
v  -5.8547 23.6413 -26.8503
v  -6.3176 23.6413 -26.8503
v  -6.3176 23.6413 -26.1223
v  -5.8547 23.6413 -26.1223
v  -6.6878 22.1456 -26.8503
v  -6.6878 23.1328 -26.8503
v  -5.4844 23.1328 -26.8503
v  -5.4844 22.1456 -26.8503
v  -4.5478 23.1328 -26.1223
v  -4.5478 22.1456 -26.1223
v  -3.3444 22.1456 -26.1223
v  -3.3444 23.1328 -26.1223
v  -3.7147 23.6413 -26.8503
v  -4.1776 23.6413 -26.8503
v  -4.1776 23.6413 -26.1223
v  -3.7147 23.6413 -26.1223
v  -3.3444 23.1328 -26.8503
v  -3.3444 22.1456 -26.8503
v  -4.5478 22.1456 -26.8503
v  -4.5478 23.1328 -26.8503
v  -1.2044 22.1456 -26.1223
v  -1.2044 23.1328 -26.1223
v  -2.4078 23.1328 -26.1223
v  -2.4078 22.1456 -26.1223
v  -1.5747 23.6413 -26.8503
v  -2.0376 23.6413 -26.8503
v  -2.0376 23.6413 -26.1223
v  -1.5747 23.6413 -26.1223
v  -2.4078 22.1456 -26.8503
v  -2.4078 23.1328 -26.8503
v  -1.2044 23.1328 -26.8503
v  -1.2044 22.1456 -26.8503
v  -0.2678 23.1328 -26.1223
v  -0.2678 22.1456 -26.1223
v  0.9356 22.1456 -26.1223
v  0.9356 23.1328 -26.1223
v  0.5653 23.6413 -26.8503
v  0.1024 23.6413 -26.8503
v  0.1024 23.6413 -26.1223
v  0.5653 23.6413 -26.1223
v  0.9356 23.1328 -26.8503
v  0.9356 22.1456 -26.8503
v  -0.2678 22.1456 -26.8503
v  -0.2678 23.1328 -26.8503
v  3.0756 22.1456 -26.1223
v  3.0756 23.1328 -26.1223
v  1.8722 23.1328 -26.1223
v  1.8722 22.1456 -26.1223
v  2.7053 23.6413 -26.8503
v  2.2424 23.6413 -26.8503
v  2.2424 23.6413 -26.1223
v  2.7053 23.6413 -26.1223
v  1.8722 22.1456 -26.8503
v  1.8722 23.1328 -26.8503
v  3.0756 23.1328 -26.8503
v  3.0756 22.1456 -26.8503
v  4.0122 23.1328 -26.1223
v  4.0122 22.1456 -26.1223
v  5.2156 22.1456 -26.1223
v  5.2156 23.1328 -26.1223
v  4.8453 23.6413 -26.8503
v  4.3824 23.6413 -26.8503
v  4.3824 23.6413 -26.1223
v  4.8453 23.6413 -26.1223
v  5.2156 23.1328 -26.8503
v  5.2156 22.1456 -26.8503
v  4.0122 22.1456 -26.8503
v  4.0122 23.1328 -26.8503
v  7.3556 22.1456 -26.1223
v  7.3556 23.1328 -26.1223
v  6.1522 23.1328 -26.1223
v  6.1522 22.1456 -26.1223
v  6.9853 23.6413 -26.8503
v  6.5224 23.6413 -26.8503
v  6.5224 23.6413 -26.1223
v  6.9853 23.6413 -26.1223
v  6.1522 22.1456 -26.8503
v  6.1522 23.1328 -26.8503
v  7.3556 23.1328 -26.8503
v  7.3556 22.1456 -26.8503
v  8.2922 23.1328 -26.1223
v  8.2922 22.1456 -26.1223
v  9.4956 22.1456 -26.1223
v  9.4956 23.1328 -26.1223
v  8.6624 23.6413 -26.8503
v  8.6624 23.6413 -26.1223
v  9.1253 23.6413 -26.1223
v  9.1253 23.6413 -26.8503
v  9.4956 23.1328 -26.8503
v  9.4956 22.1456 -26.8503
v  8.2922 22.1456 -26.8503
v  8.2922 23.1328 -26.8503
v  -8.6352 22.1499 -18.1376
v  -8.6352 23.1371 -18.1376
v  -8.6352 23.1371 -16.9342
v  -8.6352 22.1499 -16.9342
v  -9.3633 23.6455 -17.7673
v  -9.3633 23.6455 -17.3044
v  -8.6352 23.6455 -17.3044
v  -8.6352 23.6455 -17.7673
v  -9.3633 22.1499 -16.9342
v  -9.3633 23.1371 -16.9342
v  -9.3633 23.1371 -18.1376
v  -9.3633 22.1499 -18.1376
v  -8.6352 23.1371 -19.0362
v  -8.6352 22.1499 -19.0362
v  -8.6352 22.1499 -20.2396
v  -8.6352 23.1371 -20.2396
v  -8.6352 23.6455 -19.8693
v  -9.3633 23.6455 -19.8693
v  -9.3633 23.6455 -19.4064
v  -8.6352 23.6455 -19.4064
v  -9.3633 23.1371 -20.2396
v  -9.3633 22.1499 -20.2396
v  -9.3633 22.1499 -19.0362
v  -9.3633 23.1371 -19.0362
v  -8.6352 22.1499 -22.3416
v  -8.6352 23.1371 -22.3416
v  -8.6352 23.1371 -21.1382
v  -8.6352 22.1499 -21.1382
v  -9.3633 23.6455 -21.9713
v  -9.3633 23.6455 -21.5084
v  -8.6352 23.6455 -21.5084
v  -8.6352 23.6455 -21.9713
v  -9.3633 22.1499 -21.1382
v  -9.3633 23.1371 -21.1382
v  -9.3633 23.1371 -22.3416
v  -9.3633 22.1499 -22.3416
v  -8.6352 23.1371 -23.2402
v  -8.6352 22.1499 -23.2402
v  -8.6352 22.1499 -24.4436
v  -8.6352 23.1371 -24.4436
v  -9.3633 23.6455 -23.6104
v  -8.6352 23.6455 -23.6104
v  -8.6352 23.6455 -24.0733
v  -9.3633 23.6455 -24.0733
v  -9.3633 23.1371 -24.4436
v  -9.3633 22.1499 -24.4436
v  -9.3633 22.1499 -23.2402
v  -9.3633 23.1371 -23.2402
v  -8.6352 22.1499 -26.5456
v  -8.6352 23.1371 -26.5456
v  -8.6352 23.1371 -25.3422
v  -8.6352 22.1499 -25.3422
v  -9.3633 23.6455 -26.1753
v  -9.3633 23.6455 -25.7124
v  -8.6352 23.6455 -25.7124
v  -8.6352 23.6455 -26.1753
v  -9.3633 22.1499 -25.3422
v  -9.3633 23.1371 -25.3422
v  -9.3633 23.1371 -26.5456
v  -9.3633 22.1499 -26.5456
v  10.6321 23.1371 -16.9342
v  10.6321 22.1499 -16.9342
v  10.6321 22.1499 -18.1376
v  10.6321 23.1371 -18.1376
v  10.6321 23.6455 -17.7673
v  9.9041 23.6455 -17.7673
v  9.9041 23.6455 -17.3044
v  10.6321 23.6455 -17.3044
v  9.9041 23.1371 -18.1376
v  9.9041 22.1499 -18.1376
v  9.9041 22.1499 -16.9342
v  9.9041 23.1371 -16.9342
v  10.6321 22.1499 -20.2396
v  10.6321 23.1371 -20.2396
v  10.6321 23.1371 -19.0362
v  10.6321 22.1499 -19.0362
v  9.9041 23.6455 -19.8693
v  9.9041 23.6455 -19.4064
v  10.6321 23.6455 -19.4064
v  10.6321 23.6455 -19.8693
v  9.9041 22.1499 -19.0362
v  9.9041 23.1371 -19.0362
v  9.9041 23.1371 -20.2396
v  9.9041 22.1499 -20.2396
v  10.6321 23.1371 -21.1382
v  10.6321 22.1499 -21.1382
v  10.6321 22.1499 -22.3416
v  10.6321 23.1371 -22.3416
v  9.9041 23.6455 -21.5084
v  10.6321 23.6455 -21.5084
v  10.6321 23.6455 -21.9713
v  9.9041 23.6455 -21.9713
v  9.9041 23.1371 -22.3416
v  9.9041 22.1499 -22.3416
v  9.9041 22.1499 -21.1382
v  9.9041 23.1371 -21.1382
v  10.6321 22.1499 -24.4436
v  10.6321 23.1371 -24.4436
v  10.6321 23.1371 -23.2402
v  10.6321 22.1499 -23.2402
v  9.9041 23.6455 -24.0733
v  9.9041 23.6455 -23.6104
v  10.6321 23.6455 -23.6104
v  10.6321 23.6455 -24.0733
v  9.9041 22.1499 -23.2402
v  9.9041 23.1371 -23.2402
v  9.9041 23.1371 -24.4436
v  9.9041 22.1499 -24.4436
v  10.6321 23.1371 -25.3422
v  10.6321 22.1499 -25.3422
v  10.6321 22.1499 -26.5456
v  10.6321 23.1371 -26.5456
v  10.6321 23.6455 -26.1753
v  9.9041 23.6455 -26.1753
v  9.9041 23.6455 -25.7124
v  10.6321 23.6455 -25.7124
v  9.9041 23.1371 -26.5456
v  9.9041 22.1499 -26.5456
v  9.9041 22.1499 -25.3422
v  9.9041 23.1371 -25.3422
v  -15.8389 1.9902 -8.1473
v  -19.9570 1.9902 -8.1473
v  -19.9570 -0.0000 -8.1473
v  -15.8389 -0.0000 -8.1473
v  -15.8389 8.4900 -8.1473
v  -15.8389 8.4900 -31.3482
v  -19.9570 8.4900 -31.3482
v  -19.9570 8.4900 -8.1473
v  -1.8387 8.4900 -8.1473
v  -1.0251 8.4900 -8.1473
v  -1.0251 8.4900 -31.3482
v  -1.8387 8.4900 -31.3482
v  -1.0251 -0.0000 -8.1473
v  -1.0251 1.9902 -8.1473
v  -1.8387 1.9902 -8.1473
v  -1.8387 -0.0000 -8.1473
v  14.1234 8.4900 -8.1473
v  14.1234 8.4900 -31.3482
v  3.4269 8.4900 -31.3482
v  3.4269 8.4900 -8.1473
v  3.4269 1.9902 -8.1473
v  3.4269 -0.0000 -8.1473
v  14.1234 -0.0000 -8.1473
v  14.1234 1.9902 -8.1473
v  -19.9570 4.8773 -8.1473
v  -19.9570 4.3864 -8.1473
v  -15.7860 4.3864 -8.1473
v  -15.6265 4.8773 -8.1473
v  14.1507 4.3864 -8.1473
v  14.3159 4.8773 -8.1473
v  3.4269 4.8773 -8.1473
v  3.4269 4.3864 -8.1473
v  -0.9422 4.3864 -8.1473
v  -0.6869 4.8773 -8.1473
v  -1.8387 4.8773 -8.1473
v  -1.8387 4.3864 -8.1473
v  -19.9570 3.8601 -8.1473
v  -15.8389 3.8601 -8.1473
v  14.1234 3.8601 -8.1473
v  3.4269 3.8601 -8.1473
v  -1.8387 3.8601 -8.1473
v  -1.0251 3.8601 -8.1473
v  2.6208 8.4900 -8.1473
v  2.6208 8.4900 -31.3482
v  2.6208 -0.0000 -8.1473
v  2.6208 1.9902 -8.1473
v  2.6208 3.8601 -8.1473
v  2.2825 4.8773 -8.1473
v  2.5378 4.3864 -8.1473
v  -0.2826 5.2742 -8.1473
v  -1.8387 5.2509 -8.1473
v  -15.3124 5.2509 -8.1473
v  -19.9570 5.2509 -8.1473
v  3.4269 5.2509 -8.1473
v  14.6320 5.2509 -8.1473
v  1.8783 5.2742 -8.1473
v  0.1951 5.5045 -8.1473
v  -1.8387 5.5045 -8.1473
v  -19.9570 5.5045 -8.1473
v  -14.8544 5.5045 -8.1473
v  15.0578 5.5045 -8.1473
v  3.4269 5.5045 -8.1473
v  1.4006 5.5045 -8.1473
v  0.7942 5.6089 -8.1473
v  -1.8387 5.6089 -8.1473
v  -14.3370 5.5978 -8.1473
v  -19.9570 5.6089 -8.1473
v  15.6098 5.5916 -8.1473
v  3.4269 5.6089 -8.1473
v  0.8014 5.6089 -8.1473
v  -12.8105 -0.0000 -8.1473
v  -12.8105 1.9902 -8.1473
v  -14.3124 5.5978 -8.1473
v  -12.8105 8.4900 -8.1473
v  -12.8105 8.4900 -31.3482
v  -12.8105 3.8601 -8.1473
v  -12.8634 4.3864 -8.1473
v  -13.0229 4.8773 -8.1473
v  -13.3370 5.2509 -8.1473
v  -13.7950 5.5045 -8.1473
v  17.1197 -0.0000 -8.1473
v  21.0841 -0.0000 -8.1473
v  21.0841 1.9902 -8.1473
v  17.1197 1.9902 -8.1473
v  21.0841 3.8601 -8.1473
v  17.1197 3.8601 -8.1473
v  21.0841 4.3864 -8.1473
v  17.0924 4.3864 -8.1473
v  21.0841 4.8773 -8.1473
v  16.9272 4.8773 -8.1473
v  21.0841 5.2509 -8.1473
v  16.6111 5.2509 -8.1473
v  21.0841 5.5045 -8.1473
v  16.1853 5.5045 -8.1473
v  15.6333 5.5916 -8.1473
v  21.0841 5.6089 -8.1473
v  21.0841 8.4900 -8.1473
v  17.1197 8.4900 -8.1473
v  21.0841 8.4900 -31.3482
v  17.1197 8.4900 -31.3482
v  -15.8389 1.9902 -8.6802
v  -15.8389 3.8601 -8.6802
v  -15.7860 4.3864 -8.6802
v  -15.6265 4.8773 -8.6802
v  -15.3124 5.2509 -8.6802
v  -14.8544 5.5045 -8.6802
v  -14.3370 5.5978 -8.6802
v  -12.8105 1.9902 -8.6802
v  -12.8105 3.8601 -8.6802
v  -12.8634 4.3864 -8.6802
v  -13.0229 4.8773 -8.6802
v  -13.3370 5.2509 -8.6802
v  -13.7950 5.5045 -8.6802
v  -14.3124 5.5978 -8.6802
v  17.1197 1.9902 -8.7968
v  14.1234 1.9902 -8.7968
v  17.1197 3.8601 -8.7968
v  17.0924 4.3864 -8.7968
v  16.9272 4.8773 -8.7968
v  16.6111 5.2509 -8.7968
v  16.1853 5.5045 -8.7968
v  15.6333 5.5916 -8.7968
v  15.6098 5.5916 -8.7968
v  14.1234 3.8601 -8.7968
v  14.1507 4.3864 -8.7968
v  14.3159 4.8773 -8.7968
v  14.6320 5.2509 -8.7968
v  15.0578 5.5045 -8.7968
v  -1.0251 -0.0000 -9.0748
v  -1.0251 1.9902 -9.0748
v  -1.0251 3.8601 -9.0748
v  -0.6869 4.8773 -9.0748
v  -0.9422 4.3864 -9.0748
v  2.6208 -0.0000 -9.0748
v  2.6208 1.9902 -9.0748
v  2.6208 3.8601 -9.0748
v  2.2825 4.8773 -9.0748
v  2.5378 4.3864 -9.0748
v  -0.2826 5.2742 -9.0748
v  1.8783 5.2742 -9.0748
v  0.1951 5.5045 -9.0748
v  1.4006 5.5045 -9.0748
v  0.7942 5.6089 -9.0748
v  0.8014 5.6089 -9.0748
v  -18.0148 8.3286 -8.4673
v  -18.0148 9.2517 -8.4673
v  -19.1159 9.2517 -8.4673
v  -19.1159 8.3286 -8.4673
v  -18.7719 9.6820 -8.4673
v  -18.3588 9.6820 -8.4673
v  -18.7719 9.6820 -9.1096
v  -18.3588 9.6820 -9.1096
v  -18.0148 9.2517 -9.1096
v  -19.1159 9.2517 -9.1096
v  -18.0148 8.3286 -9.1096
v  -19.1159 8.3286 -9.1096
v  -17.5858 9.2517 -8.4673
v  -17.5858 8.3286 -8.4673
v  -16.4848 8.3286 -8.4673
v  -16.4848 9.2517 -8.4673
v  -16.8288 9.6820 -8.4673
v  -17.2419 9.6820 -8.4673
v  -16.8288 9.6820 -9.1096
v  -17.2419 9.6820 -9.1096
v  -17.5858 9.2517 -9.1096
v  -16.4848 9.2517 -9.1096
v  -17.5858 8.3286 -9.1096
v  -16.4848 8.3286 -9.1096
v  -14.9548 8.3286 -8.4673
v  -14.9548 9.2517 -8.4673
v  -16.0559 9.2517 -8.4673
v  -16.0559 8.3286 -8.4673
v  -15.7119 9.6820 -8.4673
v  -15.2988 9.6820 -8.4673
v  -15.7119 9.6820 -9.1096
v  -15.2988 9.6820 -9.1096
v  -14.9548 9.2517 -9.1096
v  -16.0559 9.2517 -9.1096
v  -14.9548 8.3286 -9.1096
v  -16.0559 8.3286 -9.1096
v  -14.5258 9.2517 -8.4673
v  -14.5258 8.3286 -8.4673
v  -13.4248 8.3286 -8.4673
v  -13.4248 9.2517 -8.4673
v  -13.7688 9.6820 -8.4673
v  -14.1819 9.6820 -8.4673
v  -13.7688 9.6820 -9.1096
v  -14.1819 9.6820 -9.1096
v  -13.4248 9.2517 -9.1096
v  -14.5258 9.2517 -9.1096
v  -13.4248 8.3286 -9.1096
v  -14.5258 8.3286 -9.1096
v  -11.8948 8.3286 -8.4673
v  -11.8948 9.2517 -8.4673
v  -12.9958 9.2517 -8.4673
v  -12.9958 8.3286 -8.4673
v  -12.6519 9.6820 -8.4673
v  -12.2388 9.6820 -8.4673
v  -12.6519 9.6820 -9.1096
v  -12.2388 9.6820 -9.1096
v  -11.8948 9.2517 -9.1096
v  -12.9958 9.2517 -9.1096
v  -11.8948 8.3286 -9.1096
v  -12.9958 8.3286 -9.1096
v  -11.4658 9.2517 -8.4673
v  -11.4658 8.3286 -8.4673
v  -10.3648 8.3286 -8.4673
v  -10.3648 9.2517 -8.4673
v  -10.7088 9.6820 -8.4673
v  -11.1219 9.6820 -8.4673
v  -10.7088 9.6820 -9.1096
v  -11.1219 9.6820 -9.1096
v  -11.4658 9.2517 -9.1096
v  -10.3648 9.2517 -9.1096
v  -11.4658 8.3286 -9.1096
v  -10.3648 8.3286 -9.1096
v  -8.8348 8.3286 -8.4673
v  -8.8348 9.2517 -8.4673
v  -9.9358 9.2517 -8.4673
v  -9.9358 8.3286 -8.4673
v  -9.5919 9.6820 -8.4673
v  -9.1788 9.6820 -8.4673
v  -9.5919 9.6820 -9.1096
v  -9.1788 9.6820 -9.1096
v  -8.8348 9.2517 -9.1096
v  -9.9358 9.2517 -9.1096
v  -8.8348 8.3286 -9.1096
v  -9.9358 8.3286 -9.1096
v  -8.4058 9.2517 -8.4673
v  -8.4058 8.3286 -8.4673
v  -7.3048 8.3286 -8.4673
v  -7.3048 9.2517 -8.4673
v  -7.6488 9.6820 -8.4673
v  -8.0619 9.6820 -8.4673
v  -7.6488 9.6820 -9.1096
v  -8.0619 9.6820 -9.1096
v  -8.4058 9.2517 -9.1096
v  -7.3048 9.2517 -9.1096
v  -8.4058 8.3286 -9.1096
v  -7.3048 8.3286 -9.1096
v  -5.7748 8.3286 -8.4673
v  -5.7748 9.2517 -8.4673
v  -6.8759 9.2517 -8.4673
v  -6.8759 8.3286 -8.4673
v  -6.5319 9.6820 -8.4673
v  -6.1188 9.6820 -8.4673
v  -6.5319 9.6820 -9.1096
v  -6.1188 9.6820 -9.1096
v  -5.7748 9.2517 -9.1096
v  -6.8759 9.2517 -9.1096
v  -5.7748 8.3286 -9.1096
v  -6.8759 8.3286 -9.1096
v  -5.3459 9.2517 -8.4673
v  -5.3459 8.3286 -8.4673
v  -4.2448 8.3286 -8.4673
v  -4.2448 9.2517 -8.4673
v  -4.5888 9.6820 -8.4673
v  -5.0019 9.6820 -8.4673
v  -4.5888 9.6820 -9.1096
v  -5.0019 9.6820 -9.1096
v  -5.3459 9.2517 -9.1096
v  -4.2448 9.2517 -9.1096
v  -5.3459 8.3286 -9.1096
v  -4.2448 8.3286 -9.1096
v  -2.7148 8.3286 -8.4673
v  -2.7148 9.2517 -8.4673
v  -3.8158 9.2517 -8.4673
v  -3.8158 8.3286 -8.4673
v  -3.4719 9.6820 -8.4673
v  -3.0588 9.6820 -8.4673
v  -3.4719 9.6820 -9.1096
v  -3.0588 9.6820 -9.1096
v  -2.7148 9.2517 -9.1096
v  -3.8158 9.2517 -9.1096
v  -2.7148 8.3286 -9.1096
v  -3.8158 8.3286 -9.1096
v  -2.2859 9.2517 -8.4673
v  -2.2859 8.3286 -8.4673
v  -1.1848 8.3286 -8.4673
v  -1.1848 9.2517 -8.4673
v  -1.5288 9.6820 -8.4673
v  -1.9419 9.6820 -8.4673
v  -1.5288 9.6820 -9.1096
v  -1.9419 9.6820 -9.1096
v  -2.2859 9.2517 -9.1096
v  -1.1848 9.2517 -9.1096
v  -2.2859 8.3286 -9.1096
v  -1.1848 8.3286 -9.1096
v  0.3452 8.3286 -8.4673
v  0.3452 9.2517 -8.4673
v  -0.7558 9.2517 -8.4673
v  -0.7558 8.3286 -8.4673
v  -0.4119 9.6820 -8.4673
v  0.0012 9.6820 -8.4673
v  -0.4119 9.6820 -9.1096
v  0.0012 9.6820 -9.1096
v  0.3452 9.2517 -9.1096
v  -0.7558 9.2517 -9.1096
v  0.3452 8.3286 -9.1096
v  -0.7558 8.3286 -9.1096
v  0.7741 9.2517 -8.4673
v  0.7741 8.3286 -8.4673
v  1.8752 8.3286 -8.4673
v  1.8752 9.2517 -8.4673
v  1.5312 9.6820 -8.4673
v  1.1181 9.6820 -8.4673
v  1.5312 9.6820 -9.1096
v  1.1181 9.6820 -9.1096
v  0.7741 9.2517 -9.1096
v  1.8752 9.2517 -9.1096
v  0.7741 8.3286 -9.1096
v  1.8752 8.3286 -9.1096
v  3.4052 8.3286 -8.4673
v  3.4052 9.2517 -8.4673
v  2.3041 9.2517 -8.4673
v  2.3041 8.3286 -8.4673
v  2.6481 9.6820 -8.4673
v  3.0612 9.6820 -8.4673
v  2.6481 9.6820 -9.1096
v  3.0612 9.6820 -9.1096
v  3.4052 9.2517 -9.1096
v  2.3041 9.2517 -9.1096
v  3.4052 8.3286 -9.1096
v  2.3041 8.3286 -9.1096
v  3.8342 9.2517 -8.4673
v  3.8342 8.3286 -8.4673
v  4.9352 8.3286 -8.4673
v  4.9352 9.2517 -8.4673
v  4.5912 9.6820 -8.4673
v  4.1781 9.6820 -8.4673
v  4.5912 9.6820 -9.1096
v  4.1781 9.6820 -9.1096
v  3.8342 9.2517 -9.1096
v  4.9352 9.2517 -9.1096
v  3.8342 8.3286 -9.1096
v  4.9352 8.3286 -9.1096
v  6.4652 8.3286 -8.4673
v  6.4652 9.2517 -8.4673
v  5.3641 9.2517 -8.4673
v  5.3641 8.3286 -8.4673
v  5.7081 9.6820 -8.4673
v  6.1212 9.6820 -8.4673
v  5.7081 9.6820 -9.1096
v  6.1212 9.6820 -9.1096
v  6.4652 9.2517 -9.1096
v  5.3641 9.2517 -9.1096
v  6.4652 8.3286 -9.1096
v  5.3641 8.3286 -9.1096
v  7.9952 8.3286 -8.4673
v  7.9952 9.2517 -8.4673
v  6.8942 9.2517 -8.4673
v  6.8942 8.3286 -8.4673
v  7.6512 9.6820 -8.4673
v  7.2381 9.6820 -8.4673
v  7.6512 9.6820 -9.1096
v  7.2381 9.6820 -9.1096
v  6.8942 9.2517 -9.1096
v  7.9952 9.2517 -9.1096
v  6.8942 8.3286 -9.1096
v  7.9952 8.3286 -9.1096
v  9.5252 8.3286 -8.4673
v  9.5252 9.2517 -8.4673
v  8.4242 9.2517 -8.4673
v  8.4242 8.3286 -8.4673
v  8.7681 9.6820 -8.4673
v  9.1812 9.6820 -8.4673
v  8.7681 9.6820 -9.1096
v  9.1812 9.6820 -9.1096
v  9.5252 9.2517 -9.1096
v  8.4242 9.2517 -9.1096
v  9.5252 8.3286 -9.1096
v  8.4242 8.3286 -9.1096
v  9.9542 9.2517 -8.4673
v  9.9542 8.3286 -8.4673
v  11.0552 8.3286 -8.4673
v  11.0552 9.2517 -8.4673
v  10.7112 9.6820 -8.4673
v  10.2981 9.6820 -8.4673
v  10.7112 9.6820 -9.1096
v  10.2981 9.6820 -9.1096
v  9.9542 9.2517 -9.1096
v  11.0552 9.2517 -9.1096
v  9.9542 8.3286 -9.1096
v  11.0552 8.3286 -9.1096
v  12.5852 8.3286 -8.4673
v  12.5852 9.2517 -8.4673
v  11.4842 9.2517 -8.4673
v  11.4842 8.3286 -8.4673
v  11.8281 9.6820 -8.4673
v  12.2412 9.6820 -8.4673
v  11.8281 9.6820 -9.1096
v  12.2412 9.6820 -9.1096
v  12.5852 9.2517 -9.1096
v  11.4842 9.2517 -9.1096
v  12.5852 8.3286 -9.1096
v  11.4842 8.3286 -9.1096
v  13.0141 9.2517 -8.4673
v  13.0141 8.3286 -8.4673
v  14.1152 8.3286 -8.4673
v  14.1152 9.2517 -8.4673
v  13.7712 9.6820 -8.4673
v  13.3581 9.6820 -8.4673
v  13.7712 9.6820 -9.1096
v  13.3581 9.6820 -9.1096
v  13.0141 9.2517 -9.1096
v  14.1152 9.2517 -9.1096
v  13.0141 8.3286 -9.1096
v  14.1152 8.3286 -9.1096
v  15.6452 8.3286 -8.4673
v  15.6452 9.2517 -8.4673
v  14.5442 9.2517 -8.4673
v  14.5442 8.3286 -8.4673
v  14.8881 9.6820 -8.4673
v  15.3012 9.6820 -8.4673
v  14.8881 9.6820 -9.1096
v  15.3012 9.6820 -9.1096
v  15.6452 9.2517 -9.1096
v  14.5442 9.2517 -9.1096
v  15.6452 8.3286 -9.1096
v  14.5442 8.3286 -9.1096
v  16.0742 9.2517 -8.4673
v  16.0742 8.3286 -8.4673
v  17.1752 8.3286 -8.4673
v  17.1752 9.2517 -8.4673
v  16.8312 9.6820 -8.4673
v  16.4181 9.6820 -8.4673
v  16.8312 9.6820 -9.1096
v  16.4181 9.6820 -9.1096
v  16.0742 9.2517 -9.1096
v  17.1752 9.2517 -9.1096
v  16.0742 8.3286 -9.1096
v  17.1752 8.3286 -9.1096
v  18.7052 8.3286 -8.4673
v  18.7052 9.2517 -8.4673
v  17.6041 9.2517 -8.4673
v  17.6041 8.3286 -8.4673
v  17.9481 9.6820 -8.4673
v  18.3612 9.6820 -8.4673
v  17.9481 9.6820 -9.1096
v  18.3612 9.6820 -9.1096
v  18.7052 9.2517 -9.1096
v  17.6041 9.2517 -9.1096
v  18.7052 8.3286 -9.1096
v  17.6041 8.3286 -9.1096
v  19.1341 9.2517 -8.4673
v  19.1341 8.3286 -8.4673
v  20.2352 8.3286 -8.4673
v  20.2352 9.2517 -8.4673
v  19.8912 9.6820 -8.4673
v  19.4781 9.6820 -8.4673
v  19.8912 9.6820 -9.1096
v  19.4781 9.6820 -9.1096
v  19.1341 9.2517 -9.1096
v  20.2352 9.2517 -9.1096
v  19.1341 8.3286 -9.1096
v  20.2352 8.3286 -9.1096
# 1539 vertices

vn 1.0000 0.0000 -0.0000
vn 0.0000 0.0000 1.0000
vn -0.1693 0.0290 0.9851
vn -0.2798 0.0328 0.9595
vn -0.2129 0.0234 0.9768
vn -0.1846 0.0629 0.9808
vn 0.0038 0.0520 0.9986
vn 0.0307 -0.0159 0.9994
vn 0.2062 0.0052 0.9785
vn 0.2054 -0.0451 0.9776
vn -0.1057 0.0628 0.9924
vn 0.0091 -0.0138 0.9999
vn -0.0351 0.1178 0.9924
vn 0.1496 0.0934 0.9843
vn -0.0552 0.0226 0.9982
vn 0.0747 -0.0524 0.9958
vn -0.0464 0.1151 0.9923
vn 0.0920 0.1310 0.9871
vn 0.9010 0.0000 -0.4339
vn 0.6235 0.0000 -0.7818
vn 0.2225 0.0000 -0.9749
vn -0.2225 0.0000 -0.9749
vn -0.6235 0.0000 -0.7818
vn -0.9010 0.0000 -0.4339
vn -1.0000 0.0000 -0.0000
vn -0.9010 0.0000 0.4339
vn -0.6235 0.0000 0.7818
vn -0.2225 0.0000 0.9749
vn 0.2225 0.0000 0.9749
vn 0.6235 0.0000 0.7818
vn 0.9010 0.0000 0.4339
vn 0.0000 1.0000 0.0000
vn 0.0000 1.0000 -0.0000
vn 0.0000 0.0000 -1.0000
vn 0.8084 0.5887 -0.0000
vn -0.8084 0.5887 -0.0000
vn 0.9863 -0.1647 -0.0000
vn 0.9972 -0.0750 -0.0000
vn 0.9427 -0.3336 -0.0000
vn 0.7958 -0.6056 -0.0000
vn 0.5758 -0.8176 -0.0000
vn 0.2959 -0.9552 -0.0000
vn -1.0000 -0.0004 -0.0000
vn -0.9998 -0.0196 -0.0000
vn -0.9882 -0.1533 -0.0000
vn -0.9981 -0.0608 -0.0000
vn -0.9374 -0.3483 -0.0000
vn -0.7990 -0.6014 -0.0000
vn -0.5780 -0.8160 -0.0000
vn -0.3041 -0.9526 -0.0000
vn -0.0047 -1.0000 -0.0000
vn 1.0000 -0.0000 -0.0000
vn 0.0000 -1.0000 -0.0000
vn 0.0000 0.5887 -0.8084
vn 0.0000 0.5887 0.8084
vn -0.0000 0.0000 1.0000
vn -0.0000 0.5887 0.8084
vn -1.0000 -0.0000 -0.0000
vn 1.0000 0.0000 0.0000
vn 0.9987 -0.0501 -0.0000
vn 0.9786 -0.2057 -0.0000
vn 0.8744 -0.4852 -0.0000
vn 0.6355 -0.7721 -0.0000
vn 0.3354 -0.9421 -0.0000
vn 0.0891 -0.9960 -0.0000
vn -0.9987 -0.0501 -0.0000
vn -0.9786 -0.2057 -0.0000
vn -0.8744 -0.4852 -0.0000
vn -0.6355 -0.7721 -0.0000
vn -0.3354 -0.9421 -0.0000
vn -0.0891 -0.9960 -0.0000
vn -0.9997 -0.0259 -0.0000
vn -0.9823 -0.1871 -0.0000
vn -0.8711 -0.4911 -0.0000
vn -0.6464 -0.7630 -0.0000
vn -0.3399 -0.9405 -0.0000
vn -0.0782 -0.9969 -0.0000
vn 0.0782 -0.9969 -0.0000
vn 0.9997 -0.0259 -0.0000
vn 0.9823 -0.1871 -0.0000
vn 0.8711 -0.4911 -0.0000
vn 0.6464 -0.7630 -0.0000
vn 0.3399 -0.9405 -0.0000
vn 0.9969 -0.0781 -0.0000
vn 0.8038 -0.5949 -0.0000
vn 0.9499 -0.3126 -0.0000
vn -0.9969 -0.0781 -0.0000
vn -0.9499 -0.3126 -0.0000
vn -0.8038 -0.5949 -0.0000
vn 0.5751 -0.8181 -0.0000
vn -0.5751 -0.8181 -0.0000
vn 0.3059 -0.9521 -0.0000
vn -0.3059 -0.9521 -0.0000
vn 0.1717 -0.9852 -0.0000
vn -0.1717 -0.9852 -0.0000
vn 0.9437 0.3308 -0.0000
vn 0.7811 0.6244 -0.0000
vn -0.9437 0.3308 -0.0000
vn -0.7811 0.6244 -0.0000
# 99 vertex normals

vt 0.4972 0.6676 0.0000
vt 0.4972 0.7842 0.0000
vt 0.2239 0.7842 0.0000
vt 0.2239 0.6676 0.0000
vt 0.8614 0.8737 0.0000
vt 0.9934 0.8737 0.0000
vt 0.9934 0.9573 0.0000
vt 0.7937 0.8737 0.0000
vt 0.8614 0.9573 0.0000
vt 0.7937 0.9573 0.0000
vt 0.7737 0.9573 0.0000
vt 0.7535 0.9573 0.0000
vt 0.6874 0.9573 0.0000
vt 0.6585 0.9573 0.0000
vt 0.5492 0.9573 0.0000
vt 0.7737 0.8737 0.0000
vt 0.5492 0.8737 0.0000
vt 0.6585 0.8737 0.0000
vt 0.6874 0.8737 0.0000
vt 0.7535 0.8737 0.0000
vt 0.2242 0.6672 0.0000
vt 0.4975 0.6672 0.0000
vt 0.4975 0.7838 0.0000
vt 0.2242 0.7838 0.0000
vt 0.4557 0.9380 0.0000
vt 0.4535 0.9184 0.0000
vt 0.4755 0.9192 0.0000
vt 0.4755 0.9426 0.0000
vt 0.4993 0.9429 0.0000
vt 0.4999 0.9189 0.0000
vt 0.5238 0.9422 0.0000
vt 0.5238 0.9187 0.0000
vt 0.4767 0.9661 0.0000
vt 0.4553 0.9604 0.0000
vt 0.4996 0.9657 0.0000
vt 0.5238 0.9658 0.0000
vt 0.4765 0.9893 0.0000
vt 0.4529 0.9893 0.0000
vt 0.5001 0.9890 0.0000
vt 0.5238 0.9893 0.0000
vt 0.4255 0.9675 0.0000
vt 0.4255 0.8366 0.0000
vt 0.4263 0.8366 0.0000
vt 0.4263 0.9675 0.0000
vt 0.4270 0.8366 0.0000
vt 0.4270 0.9675 0.0000
vt 0.4277 0.8366 0.0000
vt 0.4277 0.9675 0.0000
vt 0.4182 0.9675 0.0000
vt 0.4175 0.9675 0.0000
vt 0.4175 0.8366 0.0000
vt 0.4182 0.8366 0.0000
vt 0.4189 0.9675 0.0000
vt 0.4189 0.8366 0.0000
vt 0.4197 0.8366 0.0000
vt 0.4197 0.9675 0.0000
vt 0.4204 0.8366 0.0000
vt 0.4204 0.9675 0.0000
vt 0.4211 0.8366 0.0000
vt 0.4211 0.9675 0.0000
vt 0.4219 0.8366 0.0000
vt 0.4219 0.9675 0.0000
vt 0.4226 0.8366 0.0000
vt 0.4226 0.9675 0.0000
vt 0.4233 0.8366 0.0000
vt 0.4233 0.9675 0.0000
vt 0.4241 0.8366 0.0000
vt 0.4241 0.9675 0.0000
vt 0.4248 0.8366 0.0000
vt 0.4248 0.9675 0.0000
vt 0.4199 0.9980 0.0000
vt 0.4161 0.9961 0.0000
vt 0.4135 0.9928 0.0000
vt 0.4242 0.9980 0.0000
vt 0.4280 0.9961 0.0000
vt 0.4125 0.9887 0.0000
vt 0.4135 0.9845 0.0000
vt 0.4161 0.9812 0.0000
vt 0.4199 0.9794 0.0000
vt 0.4242 0.9794 0.0000
vt 0.4280 0.9812 0.0000
vt 0.4307 0.9928 0.0000
vt 0.4307 0.9845 0.0000
vt 0.4316 0.9887 0.0000
vt 0.3081 0.8589 0.0000
vt 0.3080 0.7886 0.0000
vt 0.4103 0.7885 0.0000
vt 0.4104 0.8588 0.0000
vt 0.1980 0.8629 0.0000
vt 0.1409 0.8629 0.0000
vt 0.1409 0.8097 0.0000
vt 0.1980 0.8097 0.0000
vt 0.4103 0.7886 0.0000
vt 0.5441 0.9099 0.0000
vt 0.4330 0.9099 0.0000
vt 0.4330 0.8387 0.0000
vt 0.5441 0.8387 0.0000
vt 0.5441 0.9098 0.0000
vt 0.2962 0.7869 0.0000
vt 0.2842 0.7998 0.0000
vt 0.2233 0.7998 0.0000
vt 0.2112 0.7869 0.0000
vt 0.2962 0.8780 0.0000
vt 0.2842 0.8651 0.0000
vt 0.2112 0.8780 0.0000
vt 0.2233 0.8651 0.0000
vt 0.2480 0.8054 0.0000
vt 0.2480 0.8586 0.0000
vt 0.2362 0.8586 0.0000
vt 0.2362 0.8054 0.0000
vt 0.2590 0.8049 0.0000
vt 0.2704 0.8049 0.0000
vt 0.2704 0.8599 0.0000
vt 0.2590 0.8599 0.0000
vt 0.1919 0.9350 0.0000
vt 0.1265 0.9350 0.0000
vt 0.1265 0.8814 0.0000
vt 0.1919 0.8814 0.0000
vt 0.2483 0.8815 0.0000
vt 0.2482 0.9210 0.0000
vt 0.2231 0.9210 0.0000
vt 0.2231 0.8814 0.0000
vt 0.1918 0.8814 0.0000
vt 0.1265 0.9351 0.0000
vt 0.1265 0.8815 0.0000
vt 0.2050 0.9795 0.0000
vt 0.2051 0.9259 0.0000
vt 0.2446 0.9260 0.0000
vt 0.2445 0.9796 0.0000
vt 0.1718 0.9626 0.0000
vt 0.1466 0.9626 0.0000
vt 0.2030 0.9209 0.0000
vt 0.2030 0.8814 0.0000
vt 0.1467 0.9627 0.0000
vt 0.2684 0.8815 0.0000
vt 0.2683 0.9210 0.0000
vt 0.2507 0.2251 0.0000
vt 0.2507 0.2409 0.0000
vt 0.0110 0.2409 0.0000
vt 0.0110 0.2251 0.0000
vt 0.7623 0.6661 0.0000
vt 0.8031 0.7945 0.0000
vt 0.7449 0.7945 0.0000
vt 0.7449 0.6661 0.0000
vt 0.8097 0.6953 0.0000
vt 0.8006 0.6953 0.0000
vt 0.7448 0.6770 0.0000
vt 0.8030 0.6770 0.0000
vt 0.9255 0.6953 0.0000
vt 0.9813 0.6770 0.0000
vt 0.9813 0.7814 0.0000
vt 0.9255 0.7631 0.0000
vt 0.8030 0.7814 0.0000
vt 0.7448 0.7814 0.0000
vt 0.8006 0.7631 0.0000
vt 0.8313 0.7631 0.0000
vt 0.0649 0.4395 0.0000
vt 0.0649 0.4473 0.0000
vt 0.0131 0.4473 0.0000
vt 0.0131 0.4395 0.0000
vt 0.0110 0.3758 0.0000
vt 0.0110 0.3574 0.0000
vt 0.2507 0.3574 0.0000
vt 0.2507 0.3758 0.0000
vt 0.0110 0.3477 0.0000
vt 0.2507 0.3477 0.0000
vt 0.0110 0.3369 0.0000
vt 0.2507 0.3369 0.0000
vt 0.0110 0.3250 0.0000
vt 0.2507 0.3250 0.0000
vt 0.0110 0.3153 0.0000
vt 0.2507 0.3153 0.0000
vt 0.0110 0.2999 0.0000
vt 0.2507 0.2999 0.0000
vt 0.4590 0.2251 0.0000
vt 0.5473 0.2251 0.0000
vt 0.5480 0.2409 0.0000
vt 0.4590 0.2409 0.0000
vt 0.8644 0.6770 0.0000
vt 0.8637 0.6953 0.0000
vt 0.8535 0.6953 0.0000
vt 0.8536 0.6770 0.0000
vt 0.3122 0.4395 0.0000
vt 0.3698 0.4395 0.0000
vt 0.3698 0.4473 0.0000
vt 0.3122 0.4473 0.0000
vt 0.8452 0.6661 0.0000
vt 0.8645 0.6661 0.0000
vt 0.8645 0.7945 0.0000
vt 0.8537 0.7945 0.0000
vt 0.8536 0.7814 0.0000
vt 0.8580 0.7631 0.0000
vt 0.8637 0.7631 0.0000
vt 0.8644 0.7814 0.0000
vt 0.6957 0.2251 0.0000
vt 0.6957 0.2409 0.0000
vt 0.6957 0.2999 0.0000
vt 0.5480 0.2999 0.0000
vt 0.6957 0.3153 0.0000
vt 0.6957 0.3250 0.0000
vt 0.5466 0.3250 0.0000
vt 0.5474 0.3153 0.0000
vt 0.6957 0.3369 0.0000
vt 0.5457 0.3290 0.0000
vt 0.5397 0.3404 0.0000
vt 0.6957 0.3477 0.0000
vt 0.6957 0.3574 0.0000
vt 0.5299 0.3499 0.0000
vt 0.6957 0.3758 0.0000
vt 0.5178 0.3559 0.0000
vt 0.9032 0.6953 0.0000
vt 0.8739 0.6953 0.0000
vt 0.8750 0.6770 0.0000
vt 0.9110 0.6770 0.0000
vt 0.4270 0.4473 0.0000
vt 0.4270 0.4395 0.0000
vt 0.5928 0.4395 0.0000
vt 0.5928 0.4473 0.0000
vt 0.9392 0.6661 0.0000
vt 0.9112 0.7945 0.0000
vt 0.8751 0.7945 0.0000
vt 0.8837 0.6661 0.0000
vt 0.8694 0.7631 0.0000
vt 0.8884 0.7631 0.0000
vt 0.9110 0.7814 0.0000
vt 0.8750 0.7814 0.0000
vt 0.3141 0.2409 0.0000
vt 0.3141 0.2251 0.0000
vt 0.3141 0.2999 0.0000
vt 0.8184 0.6770 0.0000
vt 0.8232 0.6953 0.0000
vt 0.1411 0.4395 0.0000
vt 0.1411 0.4473 0.0000
vt 0.7878 0.6661 0.0000
vt 0.8185 0.7945 0.0000
vt 0.8394 0.7631 0.0000
vt 0.8184 0.7814 0.0000
vt 0.4590 0.2999 0.0000
vt 0.4600 0.3219 0.0000
vt 0.3141 0.3250 0.0000
vt 0.3141 0.3153 0.0000
vt 0.4590 0.3153 0.0000
vt 0.4614 0.3292 0.0000
vt 0.3141 0.3369 0.0000
vt 0.4677 0.3408 0.0000
vt 0.3141 0.3477 0.0000
vt 0.4772 0.3500 0.0000
vt 0.3141 0.3574 0.0000
vt 0.3141 0.3758 0.0000
vt 0.4896 0.3561 0.0000
vt 0.7593 0.2251 0.0000
vt 0.7593 0.2409 0.0000
vt 0.7593 0.2999 0.0000
vt 0.9265 0.6770 0.0000
vt 0.9168 0.6953 0.0000
vt 0.6692 0.4395 0.0000
vt 0.6692 0.4473 0.0000
vt 0.9648 0.6661 0.0000
vt 0.9814 0.6661 0.0000
vt 0.9814 0.7945 0.0000
vt 0.9851 0.2409 0.0000
vt 0.9851 0.2251 0.0000
vt 0.9851 0.2999 0.0000
vt 0.7593 0.3153 0.0000
vt 0.9851 0.3153 0.0000
vt 0.9851 0.3250 0.0000
vt 0.7593 0.3250 0.0000
vt 0.9851 0.3369 0.0000
vt 0.7593 0.3369 0.0000
vt 0.9851 0.3477 0.0000
vt 0.7593 0.3477 0.0000
vt 0.9851 0.3574 0.0000
vt 0.7593 0.3574 0.0000
vt 0.9851 0.3758 0.0000
vt 0.7593 0.3758 0.0000
vt 0.7187 0.4395 0.0000
vt 0.7187 0.4473 0.0000
vt 0.3141 0.4242 0.0000
vt 0.2507 0.4242 0.0000
vt 0.0110 0.4242 0.0000
vt 0.9851 0.4242 0.0000
vt 0.7593 0.4242 0.0000
vt 0.6957 0.4242 0.0000
vt 0.5473 0.4242 0.0000
vt 0.5035 0.4242 0.0000
vt 0.4590 0.4242 0.0000
vt 0.5035 0.3581 0.0000
vt 0.0388 0.8876 0.0000
vt 0.0388 0.8358 0.0000
vt 0.0554 0.8358 0.0000
vt 0.0554 0.8876 0.0000
vt 0.0388 0.9072 0.0000
vt 0.0388 0.9010 0.0000
vt 0.0554 0.9010 0.0000
vt 0.0555 0.9072 0.0000
vt 0.0388 0.9142 0.0000
vt 0.0555 0.9142 0.0000
vt 0.0555 0.9270 0.0000
vt 0.0388 0.9270 0.0000
vt 0.0555 0.9390 0.0000
vt 0.0388 0.9390 0.0000
vt 0.0556 0.9495 0.0000
vt 0.0389 0.9495 0.0000
vt 0.0117 0.7985 0.0000
vt 0.1322 0.7985 0.0000
vt 0.1322 0.8218 0.0000
vt 0.0117 0.8218 0.0000
vt 0.0383 0.8358 0.0000
vt 0.0551 0.8357 0.0000
vt 0.0551 0.8861 0.0000
vt 0.0383 0.8863 0.0000
vt 0.0552 0.9082 0.0000
vt 0.0383 0.9083 0.0000
vt 0.0383 0.8997 0.0000
vt 0.0551 0.8995 0.0000
vt 0.0552 0.9121 0.0000
vt 0.0383 0.9122 0.0000
vt 0.0384 0.9248 0.0000
vt 0.0553 0.9247 0.0000
vt 0.0554 0.9375 0.0000
vt 0.0386 0.9377 0.0000
vt 0.0557 0.9486 0.0000
vt 0.0388 0.9487 0.0000
vt 0.0559 0.9574 0.0000
vt 0.0390 0.9575 0.0000
vt 0.0556 0.9571 0.0000
vt 0.0389 0.9571 0.0000
vt 0.0601 0.8751 0.0000
vt 0.0333 0.8751 0.0000
vt 0.0333 0.8590 0.0000
vt 0.0601 0.8590 0.0000
vt 0.0601 0.8948 0.0000
vt 0.0333 0.8948 0.0000
vt 0.0601 0.9127 0.0000
vt 0.0333 0.9127 0.0000
vt 0.0601 0.9288 0.0000
vt 0.0333 0.9288 0.0000
vt 0.0601 0.9592 0.0000
vt 0.0333 0.9592 0.0000
vt 0.0600 0.8752 0.0000
vt 0.0332 0.8752 0.0000
vt 0.0332 0.8591 0.0000
vt 0.0600 0.8591 0.0000
vt 0.0600 0.8949 0.0000
vt 0.0332 0.8949 0.0000
vt 0.0600 0.9128 0.0000
vt 0.0332 0.9128 0.0000
vt 0.0600 0.9289 0.0000
vt 0.0332 0.9289 0.0000
vt 0.0600 0.9593 0.0000
vt 0.0332 0.9593 0.0000
vt 0.0601 0.8591 0.0000
vt 0.0601 0.8752 0.0000
vt 0.0333 0.8752 0.0000
vt 0.0333 0.8591 0.0000
vt 0.0601 0.8949 0.0000
vt 0.0333 0.8949 0.0000
vt 0.0601 0.9128 0.0000
vt 0.0333 0.9128 0.0000
vt 0.0601 0.9289 0.0000
vt 0.0333 0.9289 0.0000
vt 0.0601 0.9593 0.0000
vt 0.0333 0.9593 0.0000
vt 0.0332 0.8751 0.0000
vt 0.0332 0.8590 0.0000
vt 0.0600 0.8590 0.0000
vt 0.0600 0.8751 0.0000
vt 0.0600 0.8948 0.0000
vt 0.0332 0.8948 0.0000
vt 0.0600 0.9127 0.0000
vt 0.0332 0.9127 0.0000
vt 0.0600 0.9288 0.0000
vt 0.0332 0.9288 0.0000
vt 0.0600 0.9592 0.0000
vt 0.0332 0.9592 0.0000
vt 0.1343 0.7946 0.0000
vt 0.1343 0.8267 0.0000
vt 0.0087 0.8267 0.0000
vt 0.0087 0.7946 0.0000
vt 0.1344 0.7946 0.0000
vt 0.1344 0.8266 0.0000
vt 0.0088 0.8266 0.0000
vt 0.0088 0.7946 0.0000
vt 0.0332 0.8337 0.0000
vt 0.0600 0.8337 0.0000
vt 0.0601 0.8336 0.0000
vt 0.0333 0.8336 0.0000
vt 0.0088 0.7945 0.0000
vt 0.1344 0.7945 0.0000
vt 0.0332 0.8336 0.0000
vt 0.0600 0.8336 0.0000
vt 0.0333 0.8337 0.0000
vt 0.0601 0.8337 0.0000
vt 0.1411 0.6556 0.0000
vt 0.1411 0.5918 0.0000
vt 0.3122 0.5918 0.0000
vt 0.3122 0.6556 0.0000
vt 0.0649 0.6556 0.0000
vt 0.0649 0.5918 0.0000
vt 0.0131 0.6556 0.0000
vt 0.0131 0.5918 0.0000
vt 0.7187 0.5918 0.0000
vt 0.7187 0.6556 0.0000
vt 0.6692 0.6556 0.0000
vt 0.6692 0.5918 0.0000
vt 0.5928 0.6556 0.0000
vt 0.5928 0.5918 0.0000
vt 0.4270 0.5918 0.0000
vt 0.4270 0.6556 0.0000
vt 0.3698 0.6556 0.0000
vt 0.3698 0.5918 0.0000
vt 0.3122 0.5076 0.0000
vt 0.1411 0.5076 0.0000
vt 0.0649 0.5076 0.0000
vt 0.0131 0.5076 0.0000
vt 0.7187 0.5076 0.0000
vt 0.6692 0.5076 0.0000
vt 0.5928 0.5076 0.0000
vt 0.4270 0.5076 0.0000
vt 0.0649 0.9590 0.0000
vt 0.0649 0.8339 0.0000
vt 0.0842 0.8339 0.0000
vt 0.0842 0.9590 0.0000
vt 0.0948 0.9491 0.0000
vt 0.0948 0.8359 0.0000
vt 0.1141 0.8359 0.0000
vt 0.1141 0.9491 0.0000
vt 0.0648 0.9590 0.0000
vt 0.0648 0.8338 0.0000
vt 0.0841 0.8338 0.0000
vt 0.0841 0.9590 0.0000
vt 0.0947 0.9491 0.0000
vt 0.0947 0.8356 0.0000
vt 0.1140 0.8356 0.0000
vt 0.1140 0.9491 0.0000
vt 0.0842 0.8338 0.0000
vt 0.9798 0.8046 0.0000
vt 0.9798 0.8546 0.0000
vt 0.8621 0.8546 0.0000
vt 0.8621 0.8046 0.0000
vt 0.7433 0.8546 0.0000
vt 0.7433 0.8046 0.0000
vt 0.0059 0.8338 0.0000
vt 0.0270 0.8338 0.0000
vt 0.0270 0.8862 0.0000
vt 0.0059 0.8862 0.0000
vt 0.0270 0.8860 0.0000
vt 0.0059 0.8860 0.0000
vt 0.0059 0.8337 0.0000
vt 0.0270 0.8337 0.0000
vt 0.8621 0.8548 0.0000
vt 0.8621 0.8048 0.0000
vt 0.9798 0.8048 0.0000
vt 0.9798 0.8548 0.0000
vt 0.7433 0.8048 0.0000
vt 0.7433 0.8548 0.0000
vt 0.0270 0.9593 0.0000
vt 0.0059 0.9593 0.0000
vt 0.0270 0.9594 0.0000
vt 0.0059 0.9594 0.0000
vt 0.7469 0.5267 0.0000
vt 0.9787 0.5267 0.0000
vt 0.9787 0.6576 0.0000
vt 0.7469 0.6576 0.0000
vt 0.9787 0.5118 0.0000
vt 0.7469 0.5118 0.0000
vt 0.7469 0.4408 0.0000
vt 0.9787 0.4408 0.0000
vt 0.9787 0.5268 0.0000
vt 0.9787 0.6577 0.0000
vt 0.7469 0.6577 0.0000
vt 0.7469 0.5268 0.0000
vt 0.1062 0.0603 0.0000
vt 0.0081 0.0603 0.0000
vt 0.0081 0.0129 0.0000
vt 0.1062 0.0129 0.0000
vt 0.0283 0.6677 0.0000
vt 0.0283 0.7845 0.0000
vt 0.0076 0.7845 0.0000
vt 0.0076 0.6677 0.0000
vt 0.0989 0.6677 0.0000
vt 0.1030 0.6677 0.0000
vt 0.1030 0.7845 0.0000
vt 0.0989 0.7845 0.0000
vt 0.4592 0.0129 0.0000
vt 0.4592 0.0603 0.0000
vt 0.4398 0.0603 0.0000
vt 0.4398 0.0129 0.0000
vt 0.1793 0.6677 0.0000
vt 0.1793 0.7845 0.0000
vt 0.1254 0.7845 0.0000
vt 0.1254 0.6677 0.0000
vt 0.5653 0.0603 0.0000
vt 0.5653 0.0129 0.0000
vt 0.8202 0.0129 0.0000
vt 0.8202 0.0603 0.0000
vt 0.0081 0.1291 0.0000
vt 0.0081 0.1174 0.0000
vt 0.1075 0.1174 0.0000
vt 0.1113 0.1291 0.0000
vt 0.8209 0.1174 0.0000
vt 0.8248 0.1291 0.0000
vt 0.5653 0.1291 0.0000
vt 0.5653 0.1174 0.0000
vt 0.4612 0.1174 0.0000
vt 0.4673 0.1291 0.0000
vt 0.4398 0.1291 0.0000
vt 0.4398 0.1174 0.0000
vt 0.0081 0.1049 0.0000
vt 0.1062 0.1049 0.0000
vt 0.8202 0.1049 0.0000
vt 0.5653 0.1049 0.0000
vt 0.4398 0.1049 0.0000
vt 0.4592 0.1049 0.0000
vt 0.1213 0.6677 0.0000
vt 0.1213 0.7845 0.0000
vt 0.5461 0.0129 0.0000
vt 0.5461 0.0603 0.0000
vt 0.5461 0.1049 0.0000
vt 0.5381 0.1291 0.0000
vt 0.5441 0.1174 0.0000
vt 0.4769 0.1386 0.0000
vt 0.4398 0.1380 0.0000
vt 0.1188 0.1380 0.0000
vt 0.0081 0.1380 0.0000
vt 0.5653 0.1380 0.0000
vt 0.8323 0.1380 0.0000
vt 0.5284 0.1386 0.0000
vt 0.4883 0.1441 0.0000
vt 0.4398 0.1441 0.0000
vt 0.0081 0.1441 0.0000
vt 0.1297 0.1441 0.0000
vt 0.8425 0.1441 0.0000
vt 0.5653 0.1441 0.0000
vt 0.5170 0.1441 0.0000
vt 0.5026 0.1466 0.0000
vt 0.4398 0.1466 0.0000
vt 0.1420 0.1463 0.0000
vt 0.0081 0.1466 0.0000
vt 0.8556 0.1462 0.0000
vt 0.5653 0.1466 0.0000
vt 0.5028 0.1466 0.0000
vt 0.4592 0.2152 0.0000
vt 0.4398 0.2152 0.0000
vt 0.0081 0.2152 0.0000
vt 0.1062 0.2152 0.0000
vt 0.8202 0.2152 0.0000
vt 0.5653 0.2152 0.0000
vt 0.5461 0.2152 0.0000
vt 0.1784 0.0129 0.0000
vt 0.1784 0.0603 0.0000
vt 0.1426 0.1463 0.0000
vt 0.1784 0.2152 0.0000
vt 0.0436 0.6677 0.0000
vt 0.0436 0.7845 0.0000
vt 0.1784 0.1049 0.0000
vt 0.1771 0.1174 0.0000
vt 0.1733 0.1291 0.0000
vt 0.1658 0.1380 0.0000
vt 0.1549 0.1441 0.0000
vt 0.8916 0.0129 0.0000
vt 0.9861 0.0129 0.0000
vt 0.9861 0.0603 0.0000
vt 0.8916 0.0603 0.0000
vt 0.9861 0.1049 0.0000
vt 0.8916 0.1049 0.0000
vt 0.9861 0.1174 0.0000
vt 0.8910 0.1174 0.0000
vt 0.9861 0.1291 0.0000
vt 0.8870 0.1291 0.0000
vt 0.9861 0.1380 0.0000
vt 0.8795 0.1380 0.0000
vt 0.9861 0.1441 0.0000
vt 0.8694 0.1441 0.0000
vt 0.8562 0.1462 0.0000
vt 0.9861 0.1466 0.0000
vt 0.9861 0.2152 0.0000
vt 0.8916 0.2152 0.0000
vt 0.1944 0.6677 0.0000
vt 0.2144 0.6677 0.0000
vt 0.2144 0.7845 0.0000
vt 0.1944 0.7845 0.0000
vt 0.5310 0.6638 0.0000
vt 0.5310 0.7257 0.0000
vt 0.5070 0.7256 0.0000
vt 0.5070 0.6637 0.0000
vt 0.5310 0.7447 0.0000
vt 0.5069 0.7447 0.0000
vt 0.5310 0.7659 0.0000
vt 0.5069 0.7658 0.0000
vt 0.5309 0.7879 0.0000
vt 0.5069 0.7878 0.0000
vt 0.5309 0.8104 0.0000
vt 0.5068 0.8103 0.0000
vt 0.5308 0.8293 0.0000
vt 0.5067 0.8293 0.0000
vt 0.7179 0.8371 0.0000
vt 0.7179 0.8662 0.0000
vt 0.5523 0.8662 0.0000
vt 0.5523 0.8371 0.0000
vt 0.5722 0.7123 0.0000
vt 0.5435 0.7120 0.0000
vt 0.5435 0.6629 0.0000
vt 0.5722 0.6632 0.0000
vt 0.5722 0.7286 0.0000
vt 0.5435 0.7283 0.0000
vt 0.5721 0.7489 0.0000
vt 0.5434 0.7487 0.0000
vt 0.5719 0.7735 0.0000
vt 0.5432 0.7733 0.0000
vt 0.5717 0.8017 0.0000
vt 0.5430 0.8015 0.0000
vt 0.5427 0.8283 0.0000
vt 0.5714 0.8285 0.0000
vt 0.5706 0.8376 0.0000
vt 0.7003 0.8376 0.0000
vt 0.7003 0.8657 0.0000
vt 0.5706 0.8657 0.0000
vt 0.6185 0.7138 0.0000
vt 0.5845 0.7145 0.0000
vt 0.5845 0.6633 0.0000
vt 0.6185 0.6626 0.0000
vt 0.6185 0.7295 0.0000
vt 0.5845 0.7302 0.0000
vt 0.6187 0.7503 0.0000
vt 0.5847 0.7510 0.0000
vt 0.6191 0.7746 0.0000
vt 0.5851 0.7753 0.0000
vt 0.6196 0.8005 0.0000
vt 0.5857 0.8012 0.0000
vt 0.6204 0.8275 0.0000
vt 0.5864 0.8282 0.0000
vt 0.6617 0.6618 0.0000
vt 0.6617 0.7149 0.0000
vt 0.6286 0.7154 0.0000
vt 0.6286 0.6623 0.0000
vt 0.6617 0.7310 0.0000
vt 0.6287 0.7315 0.0000
vt 0.6619 0.7520 0.0000
vt 0.6288 0.7524 0.0000
vt 0.6621 0.7759 0.0000
vt 0.6291 0.7764 0.0000
vt 0.6625 0.8011 0.0000
vt 0.6295 0.8016 0.0000
vt 0.6630 0.8269 0.0000
vt 0.6299 0.8274 0.0000
vt 0.6711 0.6631 0.0000
vt 0.7001 0.6633 0.0000
vt 0.7001 0.7080 0.0000
vt 0.6711 0.7077 0.0000
vt 0.7001 0.7499 0.0000
vt 0.6711 0.7497 0.0000
vt 0.7000 0.7801 0.0000
vt 0.6710 0.7799 0.0000
vt 0.6711 0.7633 0.0000
vt 0.7001 0.7635 0.0000
vt 0.7069 0.6629 0.0000
vt 0.7376 0.6629 0.0000
vt 0.7376 0.7053 0.0000
vt 0.7069 0.7052 0.0000
vt 0.7376 0.7450 0.0000
vt 0.7069 0.7450 0.0000
vt 0.7376 0.7584 0.0000
vt 0.7376 0.7753 0.0000
vt 0.7069 0.7752 0.0000
vt 0.7069 0.7583 0.0000
vt 0.6709 0.7976 0.0000
vt 0.6998 0.7978 0.0000
vt 0.7068 0.7939 0.0000
vt 0.7376 0.7940 0.0000
vt 0.6997 0.8133 0.0000
vt 0.6707 0.8131 0.0000
vt 0.7375 0.8110 0.0000
vt 0.7068 0.8109 0.0000
vt 0.6705 0.8285 0.0000
vt 0.6995 0.8287 0.0000
vt 0.7374 0.8285 0.0000
vt 0.7067 0.8284 0.0000
vt 0.3936 0.9216 0.0000
vt 0.3936 0.9717 0.0000
vt 0.3339 0.9717 0.0000
vt 0.3339 0.9216 0.0000
vt 0.3525 0.9950 0.0000
vt 0.3750 0.9950 0.0000
vt 0.3749 0.8819 0.0000
vt 0.3749 0.9168 0.0000
vt 0.3525 0.9168 0.0000
vt 0.3525 0.8819 0.0000
vt 0.3749 0.9950 0.0000
vt 0.3281 0.9325 0.0000
vt 0.2933 0.9325 0.0000
vt 0.2933 0.8824 0.0000
vt 0.3281 0.8824 0.0000
vt 0.3338 0.8819 0.0000
vt 0.3338 0.9168 0.0000
vt 0.2932 0.9325 0.0000
vt 0.2932 0.8824 0.0000
vt 0.3936 0.9168 0.0000
vt 0.3936 0.8819 0.0000
# 699 texture coords

o Castle_Interior
g Castle_Interior
f 1/1/1 2/2/1 3/3/1 
f 3/3/1 4/4/1 1/1/1 
f 5/5/2 6/6/2 7/7/2 
f 8/8/2 5/5/2 7/7/2 
f 7/7/2 9/9/2 10/10/2 
f 8/8/2 7/7/2 10/10/2 
f 8/8/2 10/10/2 11/11/2 
f 8/8/2 11/11/2 12/12/2 
f 12/12/2 13/13/2 14/14/2 
f 8/8/2 12/12/2 14/14/2 
f 8/8/2 14/14/2 2/15/2 
f 15/16/2 8/8/2 2/15/2 
f 2/15/2 1/17/2 16/18/2 
f 15/16/2 2/15/2 16/18/2 
f 16/18/2 17/19/2 18/20/2 
f 15/16/2 16/18/2 18/20/2 
f 19/21/1 6/22/1 7/23/1 
f 7/23/1 20/24/1 19/21/1 
f 21/25/3 22/26/4 23/27/5 
f 23/27/5 24/28/6 21/25/3 
f 25/29/7 24/28/6 23/27/5 
f 23/27/5 26/30/8 25/29/7 
f 27/31/9 25/29/7 26/30/8 
f 26/30/8 28/32/10 27/31/9 
f 29/33/11 30/34/12 21/25/3 
f 21/25/3 24/28/6 29/33/11 
f 31/35/13 29/33/11 24/28/6 
f 24/28/6 25/29/7 31/35/13 
f 31/35/13 25/29/7 27/31/9 
f 27/31/9 32/36/14 31/35/13 
f 33/37/15 34/38/16 30/34/12 
f 30/34/12 29/33/11 33/37/15 
f 31/35/13 35/39/17 33/37/15 
f 33/37/15 29/33/11 31/35/13 
f 36/40/18 35/39/17 31/35/13 
f 31/35/13 32/36/14 36/40/18 
f 37/41/19 38/42/19 39/43/20 
f 39/43/20 40/44/20 37/41/19 
f 41/45/21 42/46/21 40/44/20 
f 40/44/20 39/43/20 41/45/21 
f 41/45/21 43/47/22 44/48/22 
f 44/48/22 42/46/21 41/45/21 
f 45/49/23 44/50/22 43/51/22 
f 43/51/22 46/52/23 45/49/23 
f 47/53/24 45/49/23 46/52/23 
f 46/52/23 48/54/24 47/53/24 
f 47/53/24 48/54/24 49/55/25 
f 49/55/25 50/56/25 47/53/24 
f 50/56/25 49/55/25 51/57/26 
f 51/57/26 52/58/26 50/56/25 
f 52/58/26 51/57/26 53/59/27 
f 53/59/27 54/60/27 52/58/26 
f 55/61/28 56/62/28 54/60/27 
f 54/60/27 53/59/27 55/61/28 
f 56/62/28 55/61/28 57/63/29 
f 57/63/29 58/64/29 56/62/28 
f 59/65/30 60/66/30 58/64/29 
f 58/64/29 57/63/29 59/65/30 
f 59/65/30 61/67/31 62/68/31 
f 62/68/31 60/66/30 59/65/30 
f 63/69/1 64/70/1 62/68/31 
f 62/68/31 61/67/31 63/69/1 
f 64/70/1 63/69/1 38/42/19 
f 38/42/19 37/41/19 64/70/1 
f 44/71/32 45/72/32 47/73/32 
f 42/74/32 44/71/32 47/73/32 
f 40/75/32 42/74/32 47/73/32 
f 47/73/32 50/76/32 52/77/32 
f 47/73/32 52/77/32 54/78/32 
f 47/73/32 54/78/32 56/79/32 
f 56/79/32 58/80/32 60/81/32 
f 47/73/32 56/79/32 60/81/32 
f 40/75/32 47/73/32 60/81/32 
f 37/82/32 40/75/32 60/81/32 
f 37/82/32 60/81/32 62/83/32 
f 37/82/32 62/83/32 64/84/32 
f 65/85/2 66/86/2 67/87/2 
f 67/87/2 68/88/2 65/85/2 
f 69/89/33 70/90/33 71/91/33 
f 71/91/33 72/92/33 69/89/33 
f 73/86/34 74/93/34 75/88/34 
f 75/88/34 76/85/34 73/86/34 
f 65/94/1 73/95/1 76/96/1 
f 76/96/1 66/97/1 65/94/1 
f 67/96/25 75/97/25 74/98/25 
f 74/98/25 68/95/25 67/96/25 
f 66/99/33 77/100/33 78/101/33 
f 78/101/33 67/102/33 66/99/33 
f 66/99/33 76/103/33 79/104/33 
f 79/104/33 77/100/33 66/99/33 
f 79/104/33 76/103/33 75/105/33 
f 75/105/33 80/106/33 79/104/33 
f 75/105/33 67/102/33 78/101/33 
f 78/101/33 80/106/33 75/105/33 
f 71/107/2 70/108/2 78/109/2 
f 78/109/2 77/110/2 71/107/2 
f 79/111/1 72/112/1 71/113/1 
f 71/113/1 77/114/1 79/111/1 
f 69/109/34 72/110/34 79/107/34 
f 79/107/34 80/108/34 69/109/34 
f 70/112/25 69/113/25 80/114/25 
f 80/114/25 78/111/25 70/112/25 
f 81/115/2 82/116/2 83/117/2 
f 83/117/2 84/118/2 81/115/2 
f 85/119/33 86/120/33 87/121/33 
f 87/121/33 88/122/33 85/119/33 
f 89/123/34 90/115/34 91/124/34 
f 91/124/34 92/125/34 89/123/34 
f 92/126/1 91/127/1 81/128/1 
f 81/128/1 84/129/1 92/126/1 
f 89/129/25 83/126/25 82/127/25 
f 82/127/25 90/128/25 89/129/25 
f 81/115/2 87/130/2 86/131/2 
f 86/131/2 82/116/2 81/115/2 
f 81/132/35 91/133/35 88/122/35 
f 88/122/35 87/121/35 81/132/35 
f 85/130/34 88/134/34 91/124/34 
f 91/124/34 90/115/34 85/130/34 
f 90/135/36 82/136/36 86/120/36 
f 86/120/36 85/119/36 90/135/36 
f 93/137/2 94/138/2 4/139/2 
f 4/139/2 95/140/2 93/137/2 
f 96/141/33 97/142/33 98/143/33 
f 98/143/33 99/144/33 96/141/33 
f 100/145/33 101/146/33 3/147/33 
f 3/147/33 102/148/33 100/145/33 
f 103/149/33 20/150/33 7/151/33 
f 7/151/33 104/152/33 103/149/33 
f 14/153/33 2/154/33 105/155/33 
f 105/155/33 106/156/33 14/153/33 
f 101/146/33 105/155/33 2/154/33 
f 2/154/33 3/147/33 101/146/33 
f 100/157/2 107/158/2 108/159/2 
f 108/159/2 101/160/2 100/157/2 
f 109/161/2 110/162/2 111/163/2 
f 111/163/2 112/164/2 109/161/2 
f 113/165/2 114/166/2 111/163/2 
f 111/163/2 110/162/2 113/165/2 
f 115/167/2 116/168/2 114/166/2 
f 114/166/2 113/165/2 115/167/2 
f 117/169/2 118/170/2 116/168/2 
f 116/168/2 115/167/2 117/169/2 
f 118/170/2 117/169/2 119/171/2 
f 119/171/2 120/172/2 118/170/2 
f 121/173/2 4/139/2 94/138/2 
f 94/138/2 122/174/2 121/173/2 
f 123/175/2 124/176/2 125/177/2 
f 125/177/2 126/178/2 123/175/2 
f 127/179/33 128/180/33 129/181/33 
f 129/181/33 130/182/33 127/179/33 
f 129/183/2 128/184/2 131/185/2 
f 131/185/2 132/186/2 129/183/2 
f 133/187/33 134/188/33 135/189/33 
f 135/189/33 136/190/33 133/187/33 
f 12/191/33 137/192/33 138/193/33 
f 138/193/33 11/194/33 12/191/33 
f 124/176/2 139/195/2 140/196/2 
f 140/196/2 125/177/2 124/176/2 
f 140/196/2 141/197/2 142/198/2 
f 142/198/2 125/177/2 140/196/2 
f 143/199/2 144/200/2 145/201/2 
f 145/201/2 146/202/2 143/199/2 
f 144/200/2 147/203/2 148/204/2 
f 148/204/2 145/201/2 144/200/2 
f 149/205/2 148/204/2 147/203/2 
f 147/203/2 150/206/2 149/205/2 
f 151/207/2 152/208/2 149/205/2 
f 149/205/2 150/206/2 151/207/2 
f 153/209/2 154/210/2 152/208/2 
f 152/208/2 151/207/2 153/209/2 
f 155/211/33 156/212/33 157/213/33 
f 157/213/33 158/214/33 155/211/33 
f 159/215/2 156/216/2 155/217/2 
f 155/217/2 160/218/2 159/215/2 
f 161/219/33 162/220/33 163/221/33 
f 163/221/33 164/222/33 161/219/33 
f 165/223/33 166/224/33 9/225/33 
f 9/225/33 10/226/33 165/223/33 
f 167/227/2 94/138/2 93/137/2 
f 93/137/2 168/228/2 167/227/2 
f 122/174/2 94/138/2 167/227/2 
f 167/227/2 169/229/2 122/174/2 
f 170/230/33 171/231/33 100/145/33 
f 100/145/33 102/148/33 170/230/33 
f 107/158/2 100/157/2 171/232/2 
f 171/232/2 172/233/2 107/158/2 
f 97/142/33 96/141/33 173/234/33 
f 173/234/33 174/235/33 97/142/33 
f 14/153/33 106/156/33 175/236/33 
f 175/236/33 13/237/33 14/153/33 
f 123/175/2 126/178/2 167/227/2 
f 167/227/2 168/228/2 123/175/2 
f 126/178/2 176/238/2 169/229/2 
f 169/229/2 167/227/2 126/178/2 
f 177/239/2 178/240/2 179/241/2 
f 179/241/2 180/242/2 177/239/2 
f 178/240/2 177/239/2 181/243/2 
f 181/243/2 182/244/2 178/240/2 
f 183/245/2 184/246/2 182/244/2 
f 182/244/2 181/243/2 183/245/2 
f 184/246/2 183/245/2 185/247/2 
f 185/247/2 186/248/2 184/246/2 
f 187/249/2 186/248/2 185/247/2 
f 185/247/2 188/250/2 187/249/2 
f 170/230/33 130/182/33 129/181/33 
f 129/181/33 171/231/33 170/230/33 
f 172/233/2 171/232/2 129/183/2 
f 129/183/2 132/186/2 172/233/2 
f 133/187/33 136/190/33 174/235/33 
f 174/235/33 173/234/33 133/187/33 
f 12/191/33 13/237/33 175/236/33 
f 175/236/33 137/192/33 12/191/33 
f 139/195/2 189/251/2 190/252/2 
f 190/252/2 140/196/2 139/195/2 
f 141/197/2 140/196/2 190/252/2 
f 190/252/2 191/253/2 141/197/2 
f 158/214/33 192/254/33 193/255/33 
f 193/255/33 155/211/33 158/214/33 
f 160/218/2 155/217/2 193/256/2 
f 193/256/2 194/257/2 160/218/2 
f 195/258/33 196/259/33 197/260/33 
f 161/219/33 195/258/33 197/260/33 
f 162/220/33 161/219/33 197/260/33 
f 166/224/33 104/152/33 7/151/33 
f 7/151/33 9/225/33 166/224/33 
f 19/261/2 190/252/2 189/251/2 
f 189/251/2 198/262/2 19/261/2 
f 191/253/2 190/252/2 19/261/2 
f 19/261/2 199/263/2 191/253/2 
f 200/264/2 201/265/2 202/266/2 
f 202/266/2 203/267/2 200/264/2 
f 203/267/2 202/266/2 204/268/2 
f 204/268/2 205/269/2 203/267/2 
f 206/270/2 207/271/2 205/269/2 
f 205/269/2 204/268/2 206/270/2 
f 206/270/2 208/272/2 209/273/2 
f 209/273/2 207/271/2 206/270/2 
f 210/274/2 211/275/2 209/273/2 
f 209/273/2 208/272/2 210/274/2 
f 20/150/33 103/149/33 193/255/33 
f 193/255/33 192/254/33 20/150/33 
f 103/276/2 212/277/2 194/257/2 
f 194/257/2 193/256/2 103/276/2 
f 170/278/2 102/279/2 112/164/2 
f 112/164/2 187/249/2 170/278/2 
f 102/279/2 3/280/2 109/161/2 
f 109/161/2 112/164/2 102/279/2 
f 210/274/2 20/281/2 192/282/2 
f 192/282/2 211/275/2 210/274/2 
f 211/275/2 192/282/2 158/283/2 
f 158/283/2 153/209/2 211/275/2 
f 153/209/2 158/283/2 157/284/2 
f 157/284/2 154/210/2 153/209/2 
f 127/285/2 130/286/2 188/250/2 
f 188/250/2 213/287/2 127/285/2 
f 130/286/2 170/278/2 187/249/2 
f 187/249/2 188/250/2 130/286/2 
f 122/174/2 120/172/2 119/171/2 
f 119/171/2 121/173/2 122/174/2 
f 199/263/2 201/265/2 200/264/2 
f 200/264/2 191/253/2 199/263/2 
f 142/198/2 141/197/2 143/199/2 
f 143/199/2 146/202/2 142/198/2 
f 176/238/2 180/242/2 179/241/2 
f 179/241/2 169/229/2 176/238/2 
f 154/210/2 157/284/2 127/285/2 
f 127/285/2 213/287/2 154/210/2 
f 156/212/33 128/180/33 127/179/33 
f 127/179/33 157/213/33 156/212/33 
f 128/184/2 156/216/2 159/215/2 
f 159/215/2 131/185/2 128/184/2 
f 164/222/33 163/221/33 135/189/33 
f 135/189/33 134/188/33 164/222/33 
f 10/226/33 11/194/33 138/193/33 
f 138/193/33 165/223/33 10/226/33 
f 176/288/1 126/289/1 214/290/1 
f 214/290/1 215/291/1 176/288/1 
f 177/292/37 180/293/38 216/294/38 
f 216/294/38 217/295/37 177/292/37 
f 181/296/39 177/292/37 217/295/37 
f 217/295/37 218/297/39 181/296/39 
f 181/296/39 218/297/39 219/298/40 
f 219/298/40 183/299/40 181/296/39 
f 183/299/40 219/298/40 220/300/41 
f 220/300/41 185/301/41 183/299/40 
f 221/302/42 188/303/42 185/301/41 
f 185/301/41 220/300/41 221/302/42 
f 126/304/33 125/305/33 222/306/33 
f 222/306/33 214/307/33 126/304/33 
f 222/308/43 125/309/43 142/310/44 
f 142/310/44 223/311/44 222/308/43 
f 145/312/45 224/313/45 225/314/46 
f 225/314/46 146/315/46 145/312/45 
f 148/316/47 226/317/47 224/313/45 
f 224/313/45 145/312/45 148/316/47 
f 227/318/48 226/317/47 148/316/47 
f 148/316/47 149/319/48 227/318/48 
f 152/320/49 228/321/49 227/318/48 
f 227/318/48 149/319/48 152/320/49 
f 228/321/49 152/320/49 154/322/50 
f 154/322/50 229/323/50 228/321/49 
f 154/322/50 213/324/51 230/325/51 
f 230/325/51 229/323/50 154/322/50 
f 223/311/44 142/310/44 146/315/46 
f 146/315/46 225/314/46 223/311/44 
f 216/294/38 180/293/38 176/288/1 
f 176/288/1 215/291/1 216/294/38 
f 230/326/51 213/327/51 188/303/42 
f 188/303/42 221/302/42 230/326/51 
f 231/328/1 118/329/1 120/330/1 
f 120/330/1 232/331/1 231/328/1 
f 233/332/1 116/333/1 118/329/1 
f 118/329/1 231/328/1 233/332/1 
f 233/332/1 234/334/1 114/335/1 
f 114/335/1 116/333/1 233/332/1 
f 235/336/1 111/337/1 114/335/1 
f 114/335/1 234/334/1 235/336/1 
f 236/338/1 112/339/1 111/337/1 
f 111/337/1 235/336/1 236/338/1 
f 237/340/1 178/341/1 179/342/1 
f 179/342/1 238/343/1 237/340/1 
f 239/344/1 182/345/1 178/341/1 
f 178/341/1 237/340/1 239/344/1 
f 182/345/1 239/344/1 240/346/1 
f 240/346/1 184/347/1 182/345/1 
f 241/348/1 186/349/1 184/347/1 
f 184/347/1 240/346/1 241/348/1 
f 186/349/1 241/348/1 242/350/1 
f 242/350/1 187/351/1 186/349/1 
f 243/352/1 244/353/1 144/354/1 
f 144/354/1 143/355/1 243/352/1 
f 244/353/1 245/356/1 147/357/1 
f 147/357/1 144/354/1 244/353/1 
f 245/356/1 246/358/1 150/359/1 
f 150/359/1 147/357/1 245/356/1 
f 247/360/1 151/361/1 150/359/1 
f 150/359/1 246/358/1 247/360/1 
f 151/361/1 247/360/1 248/362/1 
f 248/362/1 153/363/1 151/361/1 
f 203/364/1 200/365/1 249/366/1 
f 249/366/1 250/367/1 203/364/1 
f 203/364/1 250/367/1 251/368/1 
f 251/368/1 205/369/1 203/364/1 
f 251/368/1 252/370/1 207/371/1 
f 207/371/1 205/369/1 251/368/1 
f 252/370/1 253/372/1 209/373/1 
f 209/373/1 207/371/1 252/370/1 
f 209/373/1 253/372/1 254/374/52 
f 254/374/52 211/375/52 209/373/1 
f 187/376/33 242/377/33 236/378/33 
f 236/378/33 112/379/33 187/376/33 
f 211/380/33 254/381/33 248/382/33 
f 248/382/33 153/383/33 211/380/33 
f 179/342/1 169/384/1 255/385/1 
f 255/385/1 238/343/1 179/342/1 
f 256/386/1 232/331/1 120/330/1 
f 120/330/1 122/387/1 256/386/1 
f 255/381/33 256/382/33 122/388/33 
f 122/388/33 169/389/33 255/381/33 
f 191/390/1 257/391/1 249/366/1 
f 249/366/1 200/365/1 191/390/1 
f 141/392/1 258/393/1 243/352/1 
f 243/352/1 143/355/1 141/392/1 
f 258/382/33 141/383/33 191/380/33 
f 191/380/33 257/381/33 258/382/33 
f 173/394/2 259/395/2 260/396/2 
f 260/396/2 133/397/2 173/394/2 
f 259/395/2 173/394/2 96/398/2 
f 96/398/2 261/399/2 259/395/2 
f 96/398/2 99/400/2 262/401/2 
f 262/401/2 261/399/2 96/398/2 
f 263/402/2 196/403/2 195/404/2 
f 195/404/2 264/405/2 263/402/2 
f 264/405/2 195/404/2 161/406/2 
f 161/406/2 265/407/2 264/405/2 
f 266/408/2 265/407/2 161/406/2 
f 161/406/2 164/409/2 266/408/2 
f 266/408/2 164/409/2 134/410/2 
f 134/410/2 267/411/2 266/408/2 
f 260/396/2 267/411/2 134/410/2 
f 134/410/2 133/397/2 260/396/2 
f 132/186/2 268/412/2 269/413/2 
f 269/413/2 172/233/2 132/186/2 
f 172/233/2 269/413/2 270/414/2 
f 270/414/2 107/158/2 172/233/2 
f 271/415/2 108/159/2 107/158/2 
f 107/158/2 270/414/2 271/415/2 
f 212/277/2 272/416/2 273/417/2 
f 273/417/2 194/257/2 212/277/2 
f 194/257/2 273/417/2 274/418/2 
f 274/418/2 160/218/2 194/257/2 
f 160/218/2 274/418/2 275/419/2 
f 275/419/2 159/215/2 160/218/2 
f 262/401/2 271/415/2 270/414/2 
f 270/414/2 261/399/2 262/401/2 
f 272/416/2 263/402/2 264/405/2 
f 264/405/2 273/417/2 272/416/2 
f 266/408/2 275/419/2 274/418/2 
f 274/418/2 265/407/2 266/408/2 
f 269/413/2 268/412/2 260/396/2 
f 260/396/2 259/395/2 269/413/2 
f 261/420/1 270/421/1 276/422/1 
f 276/422/1 277/423/1 261/420/1 
f 270/424/33 269/425/33 278/426/33 
f 278/426/33 276/427/33 270/424/33 
f 259/423/25 279/420/25 278/421/25 
f 278/421/25 269/422/25 259/423/25 
f 261/427/53 277/424/53 279/425/53 
f 279/425/53 259/426/53 261/427/53 
f 265/428/1 274/429/1 280/430/1 
f 280/430/1 281/431/1 265/428/1 
f 274/432/33 273/433/33 282/434/33 
f 282/434/33 280/435/33 274/432/33 
f 264/423/25 283/428/25 282/429/25 
f 282/429/25 273/436/25 264/423/25 
f 265/435/53 281/432/53 283/433/53 
f 283/433/53 264/434/53 265/435/53 
f 266/437/33 284/438/33 285/439/33 
f 285/439/33 267/440/33 266/437/33 
f 286/441/33 260/442/33 267/440/33 
f 267/440/33 285/439/33 286/441/33 
f 132/443/1 287/444/1 288/445/1 
f 288/445/1 268/446/1 132/443/1 
f 289/447/1 275/448/1 159/449/1 
f 159/449/1 290/450/1 289/447/1 
f 291/451/33 131/452/33 159/453/33 
f 159/453/33 290/454/33 291/451/33 
f 132/455/33 131/452/33 291/451/33 
f 291/451/33 287/456/33 132/455/33 
f 275/448/1 289/447/1 284/457/1 
f 284/457/1 266/458/1 275/448/1 
f 268/446/1 288/445/1 286/459/1 
f 286/459/1 260/460/1 268/446/1 
f 103/461/1 104/462/1 197/463/1 
f 197/463/1 196/464/1 103/461/1 
f 197/465/2 98/466/2 105/467/2 
f 105/467/2 104/468/2 197/465/2 
f 105/469/1 98/470/1 99/471/1 
f 99/471/1 101/472/1 105/469/1 
f 292/118/2 293/115/2 294/116/2 
f 294/116/2 295/117/2 292/118/2 
f 296/122/33 297/119/33 298/120/33 
f 298/120/33 299/121/33 296/122/33 
f 300/123/34 301/115/34 302/124/34 
f 302/124/34 303/125/34 300/123/34 
f 303/126/1 302/127/1 293/128/1 
f 293/128/1 292/129/1 303/126/1 
f 295/126/25 294/127/25 301/128/25 
f 301/128/25 300/129/25 295/126/25 
f 293/115/2 299/130/2 298/131/2 
f 298/131/2 294/116/2 293/115/2 
f 299/121/35 293/132/35 302/133/35 
f 302/133/35 296/122/35 299/121/35 
f 296/134/34 302/124/34 301/115/34 
f 301/115/34 297/130/34 296/134/34 
f 301/135/36 294/136/36 298/120/36 
f 298/120/36 297/119/36 301/135/36 
f 304/118/2 305/115/2 306/116/2 
f 306/116/2 307/117/2 304/118/2 
f 308/122/33 309/119/33 310/120/33 
f 310/120/33 311/121/33 308/122/33 
f 312/124/34 313/125/34 314/123/34 
f 314/123/34 315/115/34 312/124/34 
f 313/126/1 312/127/1 305/128/1 
f 305/128/1 304/129/1 313/126/1 
f 314/129/25 307/126/25 306/127/25 
f 306/127/25 315/128/25 314/129/25 
f 305/115/2 311/130/2 310/131/2 
f 310/131/2 306/116/2 305/115/2 
f 305/132/35 312/133/35 308/122/35 
f 308/122/35 311/121/35 305/132/35 
f 309/130/34 308/134/34 312/124/34 
f 312/124/34 315/115/34 309/130/34 
f 315/135/36 306/136/36 310/120/36 
f 310/120/36 309/119/36 315/135/36 
f 316/118/2 317/115/2 318/116/2 
f 318/116/2 319/117/2 316/118/2 
f 320/122/33 321/119/33 322/120/33 
f 322/120/33 323/121/33 320/122/33 
f 324/124/34 325/125/34 326/123/34 
f 326/123/34 327/115/34 324/124/34 
f 325/126/1 324/127/1 317/128/1 
f 317/128/1 316/129/1 325/126/1 
f 319/126/25 318/127/25 327/128/25 
f 327/128/25 326/129/25 319/126/25 
f 317/115/2 323/130/2 322/131/2 
f 322/131/2 318/116/2 317/115/2 
f 323/121/35 317/132/35 324/133/35 
f 324/133/35 320/122/35 323/121/35 
f 320/134/34 324/124/34 327/115/34 
f 327/115/34 321/130/34 320/134/34 
f 327/135/36 318/136/36 322/120/36 
f 322/120/36 321/119/36 327/135/36 
f 328/118/2 329/115/2 330/116/2 
f 330/116/2 331/117/2 328/118/2 
f 332/122/33 333/119/33 334/120/33 
f 334/120/33 335/121/33 332/122/33 
f 336/124/34 337/125/34 338/123/34 
f 338/123/34 339/115/34 336/124/34 
f 337/126/1 336/127/1 329/128/1 
f 329/128/1 328/129/1 337/126/1 
f 338/129/25 331/126/25 330/127/25 
f 330/127/25 339/128/25 338/129/25 
f 329/115/2 335/130/2 334/131/2 
f 334/131/2 330/116/2 329/115/2 
f 329/132/35 336/133/35 332/122/35 
f 332/122/35 335/121/35 329/132/35 
f 333/130/34 332/134/34 336/124/34 
f 336/124/34 339/115/34 333/130/34 
f 339/135/36 330/136/36 334/120/36 
f 334/120/36 333/119/36 339/135/36 
f 340/118/2 341/115/2 342/116/2 
f 342/116/2 343/117/2 340/118/2 
f 344/122/33 345/119/33 346/120/33 
f 346/120/33 347/121/33 344/122/33 
f 348/124/34 349/125/34 350/123/34 
f 350/123/34 351/115/34 348/124/34 
f 349/126/1 348/127/1 341/128/1 
f 341/128/1 340/129/1 349/126/1 
f 343/126/25 342/127/25 351/128/25 
f 351/128/25 350/129/25 343/126/25 
f 341/115/2 347/130/2 346/131/2 
f 346/131/2 342/116/2 341/115/2 
f 347/121/35 341/132/35 348/133/35 
f 348/133/35 344/122/35 347/121/35 
f 344/134/34 348/124/34 351/115/34 
f 351/115/34 345/130/34 344/134/34 
f 351/135/36 342/136/36 346/120/36 
f 346/120/36 345/119/36 351/135/36 
f 352/118/2 353/115/2 354/116/2 
f 354/116/2 355/117/2 352/118/2 
f 356/122/33 357/119/33 358/120/33 
f 358/120/33 359/121/33 356/122/33 
f 360/124/34 361/125/34 362/123/34 
f 362/123/34 363/115/34 360/124/34 
f 361/126/1 360/127/1 353/128/1 
f 353/128/1 352/129/1 361/126/1 
f 362/129/25 355/126/25 354/127/25 
f 354/127/25 363/128/25 362/129/25 
f 353/115/2 359/130/2 358/131/2 
f 358/131/2 354/116/2 353/115/2 
f 353/132/35 360/133/35 356/122/35 
f 356/122/35 359/121/35 353/132/35 
f 357/130/34 356/134/34 360/124/34 
f 360/124/34 363/115/34 357/130/34 
f 363/135/36 354/136/36 358/120/36 
f 358/120/36 357/119/36 363/135/36 
f 364/118/2 365/115/2 366/116/2 
f 366/116/2 367/117/2 364/118/2 
f 368/122/33 369/119/33 370/120/33 
f 370/120/33 371/121/33 368/122/33 
f 372/123/34 373/115/34 374/124/34 
f 374/124/34 375/125/34 372/123/34 
f 375/126/1 374/127/1 365/128/1 
f 365/128/1 364/129/1 375/126/1 
f 367/126/25 366/127/25 373/128/25 
f 373/128/25 372/129/25 367/126/25 
f 365/115/2 371/130/2 370/131/2 
f 370/131/2 366/116/2 365/115/2 
f 371/121/35 365/132/35 374/133/35 
f 374/133/35 368/122/35 371/121/35 
f 368/134/34 374/124/34 373/115/34 
f 373/115/34 369/130/34 368/134/34 
f 373/135/36 366/136/36 370/120/36 
f 370/120/36 369/119/36 373/135/36 
f 376/116/2 377/117/2 378/118/2 
f 378/118/2 379/115/2 376/116/2 
f 380/122/33 381/119/33 382/120/33 
f 382/120/33 383/121/33 380/122/33 
f 384/124/34 385/125/34 386/123/34 
f 386/123/34 387/115/34 384/124/34 
f 385/126/1 384/127/1 379/128/1 
f 379/128/1 378/129/1 385/126/1 
f 386/129/25 377/126/25 376/127/25 
f 376/127/25 387/128/25 386/129/25 
f 379/115/2 383/130/2 382/131/2 
f 382/131/2 376/116/2 379/115/2 
f 379/132/35 384/133/35 380/122/35 
f 380/122/35 383/121/35 379/132/35 
f 381/130/34 380/134/34 384/124/34 
f 384/124/34 387/115/34 381/130/34 
f 387/135/36 376/136/36 382/120/36 
f 382/120/36 381/119/36 387/135/36 
f 388/118/2 389/115/2 390/116/2 
f 390/116/2 391/117/2 388/118/2 
f 392/122/33 393/119/33 394/120/33 
f 394/120/33 395/121/33 392/122/33 
f 396/123/34 397/115/34 398/124/34 
f 398/124/34 399/125/34 396/123/34 
f 399/126/1 398/127/1 389/128/1 
f 389/128/1 388/129/1 399/126/1 
f 391/126/25 390/127/25 397/128/25 
f 397/128/25 396/129/25 391/126/25 
f 389/115/2 395/130/2 394/131/2 
f 394/131/2 390/116/2 389/115/2 
f 395/121/35 389/132/35 398/133/35 
f 398/133/35 392/122/35 395/121/35 
f 392/134/34 398/124/34 397/115/34 
f 397/115/34 393/130/34 392/134/34 
f 397/135/36 390/136/36 394/120/36 
f 394/120/36 393/119/36 397/135/36 
f 400/118/2 401/115/2 402/116/2 
f 402/116/2 403/117/2 400/118/2 
f 404/122/33 405/119/33 406/120/33 
f 406/120/33 407/121/33 404/122/33 
f 408/124/34 409/125/34 410/123/34 
f 410/123/34 411/115/34 408/124/34 
f 409/126/1 408/127/1 401/128/1 
f 401/128/1 400/129/1 409/126/1 
f 410/129/25 403/126/25 402/127/25 
f 402/127/25 411/128/25 410/129/25 
f 401/115/2 407/130/2 406/131/2 
f 406/131/2 402/116/2 401/115/2 
f 401/132/35 408/133/35 404/122/35 
f 404/122/35 407/121/35 401/132/35 
f 405/130/34 404/134/34 408/124/34 
f 408/124/34 411/115/34 405/130/34 
f 411/135/36 402/136/36 406/120/36 
f 406/120/36 405/119/36 411/135/36 
f 412/118/2 413/115/2 414/116/2 
f 414/116/2 415/117/2 412/118/2 
f 416/122/33 417/119/33 418/120/33 
f 418/120/33 419/121/33 416/122/33 
f 420/123/34 421/115/34 422/124/34 
f 422/124/34 423/125/34 420/123/34 
f 423/126/1 422/127/1 413/128/1 
f 413/128/1 412/129/1 423/126/1 
f 414/127/25 421/128/25 420/129/25 
f 420/129/25 415/126/25 414/127/25 
f 414/116/2 413/115/2 419/130/2 
f 419/130/2 418/131/2 414/116/2 
f 419/121/35 413/132/35 422/133/35 
f 422/133/35 416/122/35 419/121/35 
f 417/130/34 416/134/34 422/124/34 
f 422/124/34 421/115/34 417/130/34 
f 414/136/36 418/120/36 417/119/36 
f 417/119/36 421/135/36 414/136/36 
f 424/118/2 425/115/2 426/116/2 
f 426/116/2 427/117/2 424/118/2 
f 428/122/33 429/119/33 430/120/33 
f 430/120/33 431/121/33 428/122/33 
f 432/124/34 433/125/34 434/123/34 
f 434/123/34 435/115/34 432/124/34 
f 433/126/1 432/127/1 425/128/1 
f 425/128/1 424/129/1 433/126/1 
f 434/129/25 427/126/25 426/127/25 
f 426/127/25 435/128/25 434/129/25 
f 425/115/2 431/130/2 430/131/2 
f 430/131/2 426/116/2 425/115/2 
f 425/132/35 432/133/35 428/122/35 
f 428/122/35 431/121/35 425/132/35 
f 429/130/34 428/134/34 432/124/34 
f 432/124/34 435/115/34 429/130/34 
f 435/135/36 426/136/36 430/120/36 
f 430/120/36 429/119/36 435/135/36 
f 436/118/2 437/115/2 438/116/2 
f 438/116/2 439/117/2 436/118/2 
f 440/122/33 441/119/33 442/120/33 
f 442/120/33 443/121/33 440/122/33 
f 444/124/34 445/125/34 446/123/34 
f 446/123/34 447/115/34 444/124/34 
f 445/126/1 444/127/1 437/128/1 
f 437/128/1 436/129/1 445/126/1 
f 439/126/25 438/127/25 447/128/25 
f 447/128/25 446/129/25 439/126/25 
f 437/115/2 443/130/2 442/131/2 
f 442/131/2 438/116/2 437/115/2 
f 443/121/35 437/132/35 444/133/35 
f 444/133/35 440/122/35 443/121/35 
f 440/134/34 444/124/34 447/115/34 
f 447/115/34 441/130/34 440/134/34 
f 447/135/36 438/136/36 442/120/36 
f 442/120/36 441/119/36 447/135/36 
f 448/116/1 449/117/1 450/118/1 
f 450/118/1 451/115/1 448/116/1 
f 452/122/33 453/119/33 454/120/33 
f 454/120/33 455/121/33 452/122/33 
f 456/124/25 457/125/25 458/123/25 
f 458/123/25 459/115/25 456/124/25 
f 457/126/34 456/127/34 451/128/34 
f 451/128/34 450/129/34 457/126/34 
f 458/129/2 449/126/2 448/127/2 
f 448/127/2 459/128/2 458/129/2 
f 451/115/1 455/130/1 454/131/1 
f 454/131/1 448/116/1 451/115/1 
f 451/132/54 456/133/54 452/122/54 
f 452/122/54 455/121/54 451/132/54 
f 453/130/25 452/134/25 456/124/25 
f 456/124/25 459/115/25 453/130/25 
f 459/135/55 448/136/55 454/120/55 
f 454/120/55 453/119/55 459/135/55 
f 460/118/1 461/115/1 462/116/1 
f 462/116/1 463/117/1 460/118/1 
f 464/122/33 465/119/33 466/120/33 
f 466/120/33 467/121/33 464/122/33 
f 468/123/25 469/115/25 470/124/25 
f 470/124/25 471/125/25 468/123/25 
f 471/126/34 470/127/34 461/128/34 
f 461/128/34 460/129/34 471/126/34 
f 463/126/56 462/127/56 469/128/56 
f 469/128/56 468/129/56 463/126/56 
f 461/115/1 467/130/1 466/131/1 
f 466/131/1 462/116/1 461/115/1 
f 467/121/54 461/132/54 470/133/54 
f 470/133/54 464/122/54 467/121/54 
f 464/134/25 470/124/25 469/115/25 
f 469/115/25 465/130/25 464/134/25 
f 469/135/55 462/136/55 466/120/55 
f 466/120/55 465/119/55 469/135/55 
f 472/118/1 473/115/1 474/116/1 
f 474/116/1 475/117/1 472/118/1 
f 476/122/33 477/119/33 478/120/33 
f 478/120/33 479/121/33 476/122/33 
f 480/124/25 481/125/25 482/123/25 
f 482/123/25 483/115/25 480/124/25 
f 481/126/34 480/127/34 473/128/34 
f 473/128/34 472/129/34 481/126/34 
f 482/129/2 475/126/2 474/127/2 
f 474/127/2 483/128/2 482/129/2 
f 473/115/1 479/130/1 478/131/1 
f 478/131/1 474/116/1 473/115/1 
f 473/132/54 480/133/54 476/122/54 
f 476/122/54 479/121/54 473/132/54 
f 477/130/25 476/134/25 480/124/25 
f 480/124/25 483/115/25 477/130/25 
f 483/135/55 474/136/55 478/120/55 
f 478/120/55 477/119/55 483/135/55 
f 484/118/1 485/115/1 486/116/1 
f 486/116/1 487/117/1 484/118/1 
f 488/122/33 489/119/33 490/120/33 
f 490/120/33 491/121/33 488/122/33 
f 492/123/25 493/115/25 494/124/25 
f 494/124/25 495/125/25 492/123/25 
f 495/126/34 494/127/34 485/128/34 
f 485/128/34 484/129/34 495/126/34 
f 487/126/2 486/127/2 493/128/2 
f 493/128/2 492/129/2 487/126/2 
f 485/115/1 491/130/1 490/131/1 
f 490/131/1 486/116/1 485/115/1 
f 491/121/54 485/132/54 494/133/54 
f 494/133/54 488/122/54 491/121/54 
f 488/134/25 494/124/25 493/115/25 
f 493/115/25 489/130/25 488/134/25 
f 493/135/55 486/136/55 490/120/55 
f 490/120/55 489/119/55 493/135/55 
f 496/118/1 497/115/1 498/116/1 
f 498/116/1 499/117/1 496/118/1 
f 500/122/33 501/119/33 502/120/33 
f 502/120/33 503/121/33 500/122/33 
f 504/124/25 505/125/25 506/123/25 
f 506/123/25 507/115/25 504/124/25 
f 505/126/34 504/127/34 497/128/34 
f 497/128/34 496/129/34 505/126/34 
f 506/129/2 499/126/2 498/127/2 
f 498/127/2 507/128/2 506/129/2 
f 497/115/1 503/130/1 502/131/1 
f 502/131/1 498/116/1 497/115/1 
f 497/132/54 504/133/54 500/122/54 
f 500/122/54 503/121/54 497/132/54 
f 501/130/25 500/134/25 504/124/25 
f 504/124/25 507/115/25 501/130/25 
f 507/135/55 498/136/55 502/120/55 
f 502/120/55 501/119/55 507/135/55 
f 508/118/1 509/115/1 510/116/1 
f 510/116/1 511/117/1 508/118/1 
f 512/122/32 513/119/32 514/120/32 
f 514/120/32 515/121/32 512/122/32 
f 516/123/25 517/115/25 518/124/25 
f 518/124/25 519/125/25 516/123/25 
f 519/126/34 518/127/34 509/128/34 
f 509/128/34 508/129/34 519/126/34 
f 511/126/2 510/127/2 517/128/2 
f 517/128/2 516/129/2 511/126/2 
f 509/115/1 515/130/1 514/131/1 
f 514/131/1 510/116/1 509/115/1 
f 515/121/54 509/132/54 518/133/54 
f 518/133/54 512/122/54 515/121/54 
f 512/134/25 518/124/25 517/115/25 
f 517/115/25 513/130/25 512/134/25 
f 517/135/55 510/136/55 514/120/55 
f 514/120/55 513/119/55 517/135/55 
f 520/116/1 521/117/1 522/118/1 
f 522/118/1 523/115/1 520/116/1 
f 524/122/32 525/119/32 526/120/32 
f 526/120/32 527/121/32 524/122/32 
f 528/124/25 529/125/25 530/123/25 
f 530/123/25 531/115/25 528/124/25 
f 529/126/34 528/127/34 523/128/34 
f 523/128/34 522/129/34 529/126/34 
f 530/129/56 521/126/56 520/127/56 
f 520/127/56 531/128/56 530/129/56 
f 523/115/1 527/130/1 526/131/1 
f 526/131/1 520/116/1 523/115/1 
f 523/132/54 528/133/54 524/122/54 
f 524/122/54 527/121/54 523/132/54 
f 525/130/25 524/134/25 528/124/25 
f 528/124/25 531/115/25 525/130/25 
f 531/135/57 520/136/57 526/120/57 
f 526/120/57 525/119/57 531/135/57 
f 532/118/1 533/115/52 534/116/52 
f 534/116/52 535/117/1 532/118/1 
f 536/122/32 537/119/32 538/120/32 
f 538/120/32 539/121/32 536/122/32 
f 540/124/25 541/125/25 542/123/25 
f 542/123/25 543/115/25 540/124/25 
f 541/126/34 540/127/34 533/128/34 
f 533/128/34 532/129/34 541/126/34 
f 535/126/2 534/127/2 543/128/2 
f 543/128/2 542/129/2 535/126/2 
f 533/115/52 539/130/52 538/131/52 
f 538/131/52 534/116/52 533/115/52 
f 539/121/54 533/132/54 540/133/54 
f 540/133/54 536/122/54 539/121/54 
f 536/134/25 540/124/25 543/115/25 
f 543/115/25 537/130/25 536/134/25 
f 543/135/55 534/136/55 538/120/55 
f 538/120/55 537/119/55 543/135/55 
f 544/118/1 545/115/52 546/116/52 
f 546/116/52 547/117/1 544/118/1 
f 548/121/32 549/122/32 550/119/32 
f 550/119/32 551/120/32 548/121/32 
f 552/123/25 553/115/25 554/124/25 
f 554/124/25 555/125/25 552/123/25 
f 555/126/34 554/127/34 545/128/34 
f 545/128/34 544/129/34 555/126/34 
f 552/129/2 547/126/2 546/127/2 
f 546/127/2 553/128/2 552/129/2 
f 548/130/52 551/131/52 546/116/52 
f 546/116/52 545/115/52 548/130/52 
f 548/121/54 545/132/54 554/133/54 
f 554/133/54 549/122/54 548/121/54 
f 553/115/25 550/130/25 549/134/25 
f 549/134/25 554/124/25 553/115/25 
f 551/120/55 550/119/55 553/135/55 
f 553/135/55 546/136/55 551/120/55 
f 556/116/52 557/117/1 558/118/1 
f 558/118/1 559/115/52 556/116/52 
f 560/121/32 561/122/32 562/119/32 
f 562/119/32 563/120/32 560/121/32 
f 564/123/25 565/115/25 566/124/25 
f 566/124/25 567/125/25 564/123/25 
f 567/126/34 566/127/34 559/128/34 
f 559/128/34 558/129/34 567/126/34 
f 557/126/2 556/127/2 565/128/2 
f 565/128/2 564/129/2 557/126/2 
f 559/115/52 560/130/52 563/131/52 
f 563/131/52 556/116/52 559/115/52 
f 560/121/54 559/132/54 566/133/54 
f 566/133/54 561/122/54 560/121/54 
f 566/124/25 565/115/25 562/130/25 
f 562/130/25 561/134/25 566/124/25 
f 563/120/55 562/119/55 565/135/55 
f 565/135/55 556/136/55 563/120/55 
f 568/116/2 569/117/2 570/118/2 
f 570/118/2 571/115/2 568/116/2 
f 572/120/33 573/121/33 574/122/33 
f 574/122/33 575/119/33 572/120/33 
f 576/123/34 577/115/34 578/124/34 
f 578/124/34 579/125/34 576/123/34 
f 579/126/1 578/127/1 571/128/1 
f 571/128/1 570/129/1 579/126/1 
f 569/126/25 568/127/25 577/128/25 
f 577/128/25 576/129/25 569/126/25 
f 572/131/2 568/116/2 571/115/2 
f 571/115/2 573/130/2 572/131/2 
f 573/121/35 571/132/35 578/133/35 
f 578/133/35 574/122/35 573/121/35 
f 577/115/34 575/130/34 574/134/34 
f 574/134/34 578/124/34 577/115/34 
f 572/120/36 575/119/36 577/135/36 
f 577/135/36 568/136/36 572/120/36 
f 580/116/2 581/117/2 582/118/2 
f 582/118/2 583/115/2 580/116/2 
f 584/121/33 585/122/33 586/119/33 
f 586/119/33 587/120/33 584/121/33 
f 588/123/34 589/115/34 590/124/34 
f 590/124/34 591/125/34 588/123/34 
f 591/126/1 590/127/1 583/128/1 
f 583/128/1 582/129/1 591/126/1 
f 581/126/25 580/127/25 589/128/25 
f 589/128/25 588/129/25 581/126/25 
f 584/130/2 587/131/2 580/116/2 
f 580/116/2 583/115/2 584/130/2 
f 584/121/35 583/132/35 590/133/35 
f 590/133/35 585/122/35 584/121/35 
f 589/115/34 586/130/34 585/134/34 
f 585/134/34 590/124/34 589/115/34 
f 587/120/36 586/119/36 589/135/36 
f 589/135/36 580/136/36 587/120/36 
f 592/116/2 593/117/2 594/118/2 
f 594/118/2 595/115/2 592/116/2 
f 596/121/33 597/122/33 598/119/33 
f 598/119/33 599/120/33 596/121/33 
f 600/123/34 601/115/34 602/124/34 
f 602/124/34 603/125/34 600/123/34 
f 603/126/1 602/127/1 595/128/1 
f 595/128/1 594/129/1 603/126/1 
f 600/129/25 593/126/25 592/127/25 
f 592/127/25 601/128/25 600/129/25 
f 596/130/2 599/131/2 592/116/2 
f 592/116/2 595/115/2 596/130/2 
f 596/121/35 595/132/35 602/133/35 
f 602/133/35 597/122/35 596/121/35 
f 601/115/34 598/130/34 597/134/34 
f 597/134/34 602/124/34 601/115/34 
f 599/120/36 598/119/36 601/135/36 
f 601/135/36 592/136/36 599/120/36 
f 604/116/2 605/117/2 606/118/2 
f 606/118/2 607/115/2 604/116/2 
f 608/122/33 609/119/33 610/120/33 
f 610/120/33 611/121/33 608/122/33 
f 612/123/34 613/115/34 614/124/34 
f 614/124/34 615/125/34 612/123/34 
f 606/129/1 615/126/1 614/127/1 
f 614/127/1 607/128/1 606/129/1 
f 605/126/25 604/127/25 613/128/25 
f 613/128/25 612/129/25 605/126/25 
f 604/116/2 607/115/2 611/130/2 
f 611/130/2 610/131/2 604/116/2 
f 611/121/35 607/132/35 614/133/35 
f 614/133/35 608/122/35 611/121/35 
f 609/130/34 608/134/34 614/124/34 
f 614/124/34 613/115/34 609/130/34 
f 604/136/36 610/120/36 609/119/36 
f 609/119/36 613/135/36 604/136/36 
f 616/118/2 617/115/2 618/116/2 
f 618/116/2 619/117/2 616/118/2 
f 620/122/33 621/119/33 622/120/33 
f 622/120/33 623/121/33 620/122/33 
f 624/124/34 625/125/34 626/123/34 
f 626/123/34 627/115/34 624/124/34 
f 625/126/1 624/127/1 617/128/1 
f 617/128/1 616/129/1 625/126/1 
f 626/129/25 619/126/25 618/127/25 
f 618/127/25 627/128/25 626/129/25 
f 617/115/2 623/130/2 622/131/2 
f 622/131/2 618/116/2 617/115/2 
f 617/132/35 624/133/35 620/122/35 
f 620/122/35 623/121/35 617/132/35 
f 621/130/34 620/134/34 624/124/34 
f 624/124/34 627/115/34 621/130/34 
f 627/135/36 618/136/36 622/120/36 
f 622/120/36 621/119/36 627/135/36 
f 628/118/2 629/115/2 630/116/2 
f 630/116/2 631/117/2 628/118/2 
f 632/122/33 633/119/33 634/120/33 
f 634/120/33 635/121/33 632/122/33 
f 636/123/34 637/115/34 638/124/34 
f 638/124/34 639/125/34 636/123/34 
f 639/126/1 638/127/1 629/128/1 
f 629/128/1 628/129/1 639/126/1 
f 631/126/25 630/127/25 637/128/25 
f 637/128/25 636/129/25 631/126/25 
f 629/115/2 635/130/2 634/131/2 
f 634/131/2 630/116/2 629/115/2 
f 635/121/35 629/132/35 638/133/35 
f 638/133/35 632/122/35 635/121/35 
f 632/134/34 638/124/34 637/115/34 
f 637/115/34 633/130/34 632/134/34 
f 637/135/36 630/136/36 634/120/36 
f 634/120/36 633/119/36 637/135/36 
f 640/118/2 641/115/2 642/116/2 
f 642/116/2 643/117/2 640/118/2 
f 644/122/33 645/119/33 646/120/33 
f 646/120/33 647/121/33 644/122/33 
f 648/124/34 649/125/34 650/123/34 
f 650/123/34 651/115/34 648/124/34 
f 649/126/1 648/127/1 641/128/1 
f 641/128/1 640/129/1 649/126/1 
f 650/129/25 643/126/25 642/127/25 
f 642/127/25 651/128/25 650/129/25 
f 641/115/2 647/130/2 646/131/2 
f 646/131/2 642/116/2 641/115/2 
f 641/132/35 648/133/35 644/122/35 
f 644/122/35 647/121/35 641/132/35 
f 645/130/34 644/134/34 648/124/34 
f 648/124/34 651/115/34 645/130/34 
f 651/135/36 642/136/36 646/120/36 
f 646/120/36 645/119/36 651/135/36 
f 652/118/2 653/115/2 654/116/2 
f 654/116/2 655/117/2 652/118/2 
f 656/122/33 657/119/33 658/120/33 
f 658/120/33 659/121/33 656/122/33 
f 660/123/34 661/115/34 662/124/34 
f 662/124/34 663/125/34 660/123/34 
f 663/126/1 662/127/1 653/128/1 
f 653/128/1 652/129/1 663/126/1 
f 655/126/25 654/127/25 661/128/25 
f 661/128/25 660/129/25 655/126/25 
f 653/115/2 659/130/2 658/131/2 
f 658/131/2 654/116/2 653/115/2 
f 659/121/35 653/132/35 662/133/35 
f 662/133/35 656/122/35 659/121/35 
f 656/134/34 662/124/34 661/115/34 
f 661/115/34 657/130/34 656/134/34 
f 661/135/36 654/136/36 658/120/36 
f 658/120/36 657/119/36 661/135/36 
f 664/116/2 665/117/2 666/118/2 
f 666/118/2 667/115/2 664/116/2 
f 668/122/33 669/119/33 670/120/33 
f 670/120/33 671/121/33 668/122/33 
f 672/124/34 673/125/34 674/123/34 
f 674/123/34 675/115/34 672/124/34 
f 673/126/1 672/127/1 667/128/1 
f 667/128/1 666/129/1 673/126/1 
f 674/129/25 665/126/25 664/127/25 
f 664/127/25 675/128/25 674/129/25 
f 667/115/2 671/130/2 670/131/2 
f 670/131/2 664/116/2 667/115/2 
f 667/132/35 672/133/35 668/122/35 
f 668/122/35 671/121/35 667/132/35 
f 669/130/34 668/134/34 672/124/34 
f 672/124/34 675/115/34 669/130/34 
f 675/135/36 664/136/36 670/120/36 
f 670/120/36 669/119/36 675/135/36 
f 676/118/2 677/115/2 678/116/2 
f 678/116/2 679/117/2 676/118/2 
f 680/122/33 681/119/33 682/120/33 
f 682/120/33 683/121/33 680/122/33 
f 684/124/34 685/125/34 686/123/34 
f 686/123/34 687/115/34 684/124/34 
f 685/126/1 684/127/1 677/128/1 
f 677/128/1 676/129/1 685/126/1 
f 679/126/25 678/127/25 687/128/25 
f 687/128/25 686/129/25 679/126/25 
f 677/115/2 683/130/2 682/131/2 
f 682/131/2 678/116/2 677/115/2 
f 683/121/35 677/132/35 684/133/35 
f 684/133/35 680/122/35 683/121/35 
f 680/134/34 684/124/34 687/115/34 
f 687/115/34 681/130/34 680/134/34 
f 687/135/36 678/136/36 682/120/36 
f 682/120/36 681/119/36 687/135/36 
f 688/116/2 689/117/2 690/118/2 
f 690/118/2 691/115/2 688/116/2 
f 692/122/33 693/119/33 694/120/33 
f 694/120/33 695/121/33 692/122/33 
f 696/124/34 697/125/34 698/123/34 
f 698/123/34 699/115/34 696/124/34 
f 697/126/1 696/127/1 691/128/1 
f 691/128/1 690/129/1 697/126/1 
f 698/129/25 689/126/25 688/127/25 
f 688/127/25 699/128/25 698/129/25 
f 691/115/2 695/130/2 694/131/2 
f 694/131/2 688/116/2 691/115/2 
f 691/132/35 696/133/35 692/122/35 
f 692/122/35 695/121/35 691/132/35 
f 693/130/34 692/134/34 696/124/34 
f 696/124/34 699/115/34 693/130/34 
f 699/135/36 688/136/36 694/120/36 
f 694/120/36 693/119/36 699/135/36 
f 700/118/2 701/115/2 702/116/2 
f 702/116/2 703/117/2 700/118/2 
f 704/122/33 705/119/33 706/120/33 
f 706/120/33 707/121/33 704/122/33 
f 708/123/34 709/115/34 710/124/34 
f 710/124/34 711/125/34 708/123/34 
f 711/126/1 710/127/1 701/128/1 
f 701/128/1 700/129/1 711/126/1 
f 703/126/25 702/127/25 709/128/25 
f 709/128/25 708/129/25 703/126/25 
f 701/115/2 707/130/2 706/131/2 
f 706/131/2 702/116/2 701/115/2 
f 707/121/35 701/132/35 710/133/35 
f 710/133/35 704/122/35 707/121/35 
f 704/134/34 710/124/34 709/115/34 
f 709/115/34 705/130/34 704/134/34 
f 709/135/36 702/136/36 706/120/36 
f 706/120/36 705/119/36 709/135/36 
f 712/118/2 713/115/2 714/116/2 
f 714/116/2 715/117/2 712/118/2 
f 716/122/33 717/119/33 718/120/33 
f 718/120/33 719/121/33 716/122/33 
f 720/124/34 721/125/34 722/123/34 
f 722/123/34 723/115/34 720/124/34 
f 721/126/1 720/127/1 713/128/1 
f 713/128/1 712/129/1 721/126/1 
f 722/129/25 715/126/25 714/127/25 
f 714/127/25 723/128/25 722/129/25 
f 713/115/2 719/130/2 718/131/2 
f 718/131/2 714/116/2 713/115/2 
f 713/132/35 720/133/35 716/122/35 
f 716/122/35 719/121/35 713/132/35 
f 717/130/34 716/134/34 720/124/34 
f 720/124/34 723/115/34 717/130/34 
f 723/135/36 714/136/36 718/120/36 
f 718/120/36 717/119/36 723/135/36 
f 724/118/2 725/115/2 726/116/2 
f 726/116/2 727/117/2 724/118/2 
f 728/122/33 729/119/33 730/120/33 
f 730/120/33 731/121/33 728/122/33 
f 732/124/34 733/125/34 734/123/34 
f 734/123/34 735/115/34 732/124/34 
f 733/126/1 732/127/1 725/128/1 
f 725/128/1 724/129/1 733/126/1 
f 727/126/25 726/127/25 735/128/25 
f 735/128/25 734/129/25 727/126/25 
f 725/115/2 731/130/2 730/131/2 
f 730/131/2 726/116/2 725/115/2 
f 731/121/35 725/132/35 732/133/35 
f 732/133/35 728/122/35 731/121/35 
f 728/134/34 732/124/34 735/115/34 
f 735/115/34 729/130/34 728/134/34 
f 735/135/36 726/136/36 730/120/36 
f 730/120/36 729/119/36 735/135/36 
f 736/115/2 737/116/2 738/117/2 
f 738/117/2 739/118/2 736/115/2 
f 740/122/33 741/119/33 742/120/33 
f 742/120/33 743/121/33 740/122/33 
f 744/124/34 745/125/34 746/123/34 
f 746/123/34 747/115/34 744/124/34 
f 745/126/1 744/127/1 736/128/1 
f 736/128/1 739/129/1 745/126/1 
f 746/129/25 738/126/25 737/127/25 
f 737/127/25 747/128/25 746/129/25 
f 736/115/2 743/130/2 742/131/2 
f 742/131/2 737/116/2 736/115/2 
f 736/132/35 744/133/35 740/122/35 
f 740/122/35 743/121/35 736/132/35 
f 741/130/34 740/134/34 744/124/34 
f 744/124/34 747/115/34 741/130/34 
f 747/135/36 737/136/36 742/120/36 
f 742/120/36 741/119/36 747/135/36 
f 748/118/2 749/115/2 750/116/2 
f 750/116/2 751/117/2 748/118/2 
f 752/122/33 753/119/33 754/120/33 
f 754/120/33 755/121/33 752/122/33 
f 756/123/34 757/115/34 758/124/34 
f 758/124/34 759/125/34 756/123/34 
f 759/126/1 758/127/1 749/128/1 
f 749/128/1 748/129/1 759/126/1 
f 751/126/25 750/127/25 757/128/25 
f 757/128/25 756/129/25 751/126/25 
f 749/115/2 755/130/2 754/131/2 
f 754/131/2 750/116/2 749/115/2 
f 755/121/35 749/132/35 758/133/35 
f 758/133/35 752/122/35 755/121/35 
f 752/134/34 758/124/34 757/115/34 
f 757/115/34 753/130/34 752/134/34 
f 757/135/36 750/136/36 754/120/36 
f 754/120/36 753/119/36 757/135/36 
f 760/116/2 761/117/2 762/118/2 
f 762/118/2 763/115/2 760/116/2 
f 764/122/33 765/119/33 766/120/33 
f 766/120/33 767/121/33 764/122/33 
f 768/124/34 769/125/34 770/123/34 
f 770/123/34 771/115/34 768/124/34 
f 769/126/1 768/127/1 763/128/1 
f 763/128/1 762/129/1 769/126/1 
f 770/129/25 761/126/25 760/127/25 
f 760/127/25 771/128/25 770/129/25 
f 763/115/2 767/130/2 766/131/2 
f 766/131/2 760/116/2 763/115/2 
f 763/132/35 768/133/35 764/122/35 
f 764/122/35 767/121/35 763/132/35 
f 765/130/34 764/134/34 768/124/34 
f 768/124/34 771/115/34 765/130/34 
f 771/135/36 760/136/36 766/120/36 
f 766/120/36 765/119/36 771/135/36 
f 772/118/2 773/115/2 774/116/2 
f 774/116/2 775/117/2 772/118/2 
f 776/122/33 777/119/33 778/120/33 
f 778/120/33 779/121/33 776/122/33 
f 780/123/34 781/115/34 782/124/34 
f 782/124/34 783/125/34 780/123/34 
f 783/126/1 782/127/1 773/128/1 
f 773/128/1 772/129/1 783/126/1 
f 775/126/25 774/127/25 781/128/25 
f 781/128/25 780/129/25 775/126/25 
f 773/115/2 779/130/2 778/131/2 
f 778/131/2 774/116/2 773/115/2 
f 779/121/35 773/132/35 782/133/35 
f 782/133/35 776/122/35 779/121/35 
f 776/134/34 782/124/34 781/115/34 
f 781/115/34 777/130/34 776/134/34 
f 781/135/36 774/136/36 778/120/36 
f 778/120/36 777/119/36 781/135/36 
f 784/116/2 785/117/2 786/118/2 
f 786/118/2 787/115/2 784/116/2 
f 788/122/33 789/119/33 790/120/33 
f 790/120/33 791/121/33 788/122/33 
f 792/124/34 793/125/34 794/123/34 
f 794/123/34 795/115/34 792/124/34 
f 793/126/1 792/127/1 787/128/1 
f 787/128/1 786/129/1 793/126/1 
f 794/129/25 785/126/25 784/127/25 
f 784/127/25 795/128/25 794/129/25 
f 787/115/2 791/130/2 790/131/2 
f 790/131/2 784/116/2 787/115/2 
f 787/132/35 792/133/35 788/122/35 
f 788/122/35 791/121/35 787/132/35 
f 789/130/34 788/134/34 792/124/34 
f 792/124/34 795/115/34 789/130/34 
f 795/135/36 784/136/36 790/120/36 
f 790/120/36 789/119/36 795/135/36 
f 796/118/2 797/115/2 798/116/2 
f 798/116/2 799/117/2 796/118/2 
f 800/122/33 801/119/33 802/120/33 
f 802/120/33 803/121/33 800/122/33 
f 804/123/34 805/115/34 806/124/34 
f 806/124/34 807/125/34 804/123/34 
f 807/126/1 806/127/1 797/128/1 
f 797/128/1 796/129/1 807/126/1 
f 799/126/25 798/127/25 805/128/25 
f 805/128/25 804/129/25 799/126/25 
f 797/115/2 803/130/2 802/131/2 
f 802/131/2 798/116/2 797/115/2 
f 803/121/35 797/132/35 806/133/35 
f 806/133/35 800/122/35 803/121/35 
f 800/134/34 806/124/34 805/115/34 
f 805/115/34 801/130/34 800/134/34 
f 805/135/36 798/136/36 802/120/36 
f 802/120/36 801/119/36 805/135/36 
f 808/116/2 809/117/2 810/118/2 
f 810/118/2 811/115/2 808/116/2 
f 812/122/33 813/119/33 814/120/33 
f 814/120/33 815/121/33 812/122/33 
f 816/124/34 817/125/34 818/123/34 
f 818/123/34 819/115/34 816/124/34 
f 817/126/1 816/127/1 811/128/1 
f 811/128/1 810/129/1 817/126/1 
f 818/129/25 809/126/25 808/127/25 
f 808/127/25 819/128/25 818/129/25 
f 811/115/2 815/130/2 814/131/2 
f 814/131/2 808/116/2 811/115/2 
f 811/132/35 816/133/35 812/122/35 
f 812/122/35 815/121/35 811/132/35 
f 813/130/34 812/134/34 816/124/34 
f 816/124/34 819/115/34 813/130/34 
f 819/135/36 808/136/36 814/120/36 
f 814/120/36 813/119/36 819/135/36 
f 820/118/2 821/115/2 822/116/2 
f 822/116/2 823/117/2 820/118/2 
f 824/122/33 825/119/33 826/120/33 
f 826/120/33 827/121/33 824/122/33 
f 828/123/34 829/115/34 830/124/34 
f 830/124/34 831/125/34 828/123/34 
f 831/126/1 830/127/1 821/128/1 
f 821/128/1 820/129/1 831/126/1 
f 823/126/25 822/127/25 829/128/25 
f 829/128/25 828/129/25 823/126/25 
f 821/115/2 827/130/2 826/131/2 
f 826/131/2 822/116/2 821/115/2 
f 827/121/35 821/132/35 830/133/35 
f 830/133/35 824/122/35 827/121/35 
f 824/134/34 830/124/34 829/115/34 
f 829/115/34 825/130/34 824/134/34 
f 829/135/36 822/136/36 826/120/36 
f 826/120/36 825/119/36 829/135/36 
f 832/116/2 833/117/2 834/118/2 
f 834/118/2 835/115/2 832/116/2 
f 836/122/33 837/119/33 838/120/33 
f 838/120/33 839/121/33 836/122/33 
f 840/124/34 841/125/34 842/123/34 
f 842/123/34 843/115/34 840/124/34 
f 841/126/1 840/127/1 835/128/1 
f 835/128/1 834/129/1 841/126/1 
f 842/129/25 833/126/25 832/127/25 
f 832/127/25 843/128/25 842/129/25 
f 835/115/2 839/130/2 838/131/2 
f 838/131/2 832/116/2 835/115/2 
f 835/132/35 840/133/35 836/122/35 
f 836/122/35 839/121/35 835/132/35 
f 837/130/34 836/134/34 840/124/34 
f 840/124/34 843/115/34 837/130/34 
f 843/135/36 832/136/36 838/120/36 
f 838/120/36 837/119/36 843/135/36 
f 844/118/2 845/115/2 846/116/2 
f 846/116/2 847/117/2 844/118/2 
f 848/122/33 849/119/33 850/120/33 
f 850/120/33 851/121/33 848/122/33 
f 852/123/34 853/115/34 854/124/34 
f 854/124/34 855/125/34 852/123/34 
f 855/126/1 854/127/1 845/128/1 
f 845/128/1 844/129/1 855/126/1 
f 847/126/25 846/127/25 853/128/25 
f 853/128/25 852/129/25 847/126/25 
f 845/115/2 851/130/2 850/131/2 
f 850/131/2 846/116/2 845/115/2 
f 851/121/35 845/132/35 854/133/35 
f 854/133/35 848/122/35 851/121/35 
f 848/134/34 854/124/34 853/115/34 
f 853/115/34 849/130/34 848/134/34 
f 853/135/36 846/136/36 850/120/36 
f 850/120/36 849/119/36 853/135/36 
f 856/116/2 857/117/2 858/118/2 
f 858/118/2 859/115/2 856/116/2 
f 860/122/33 861/119/33 862/120/33 
f 862/120/33 863/121/33 860/122/33 
f 864/124/34 865/125/34 866/123/34 
f 866/123/34 867/115/34 864/124/34 
f 865/126/1 864/127/1 859/128/1 
f 859/128/1 858/129/1 865/126/1 
f 866/129/25 857/126/25 856/127/25 
f 856/127/25 867/128/25 866/129/25 
f 859/115/2 863/130/2 862/131/2 
f 862/131/2 856/116/2 859/115/2 
f 859/132/35 864/133/35 860/122/35 
f 860/122/35 863/121/35 859/132/35 
f 861/130/34 860/134/34 864/124/34 
f 864/124/34 867/115/34 861/130/34 
f 867/135/36 856/136/36 862/120/36 
f 862/120/36 861/119/36 867/135/36 
f 868/118/2 869/115/2 870/116/2 
f 870/116/2 871/117/2 868/118/2 
f 872/122/33 873/119/33 874/120/33 
f 874/120/33 875/121/33 872/122/33 
f 876/123/34 877/115/34 878/124/34 
f 878/124/34 879/125/34 876/123/34 
f 879/126/1 878/127/1 869/128/1 
f 869/128/1 868/129/1 879/126/1 
f 871/126/25 870/127/25 877/128/25 
f 877/128/25 876/129/25 871/126/25 
f 869/115/2 875/130/2 874/131/2 
f 874/131/2 870/116/2 869/115/2 
f 875/121/35 869/132/35 878/133/35 
f 878/133/35 872/122/35 875/121/35 
f 872/134/34 878/124/34 877/115/34 
f 877/115/34 873/130/34 872/134/34 
f 877/135/36 870/136/36 874/120/36 
f 874/120/36 873/119/36 877/135/36 
f 880/116/2 881/117/2 882/118/2 
f 882/118/2 883/115/2 880/116/2 
f 884/122/33 885/119/33 886/120/33 
f 886/120/33 887/121/33 884/122/33 
f 888/124/34 889/125/34 890/123/34 
f 890/123/34 891/115/34 888/124/34 
f 889/126/1 888/127/1 883/128/1 
f 883/128/1 882/129/1 889/126/1 
f 890/129/25 881/126/25 880/127/25 
f 880/127/25 891/128/25 890/129/25 
f 883/115/2 887/130/2 886/131/2 
f 886/131/2 880/116/2 883/115/2 
f 883/132/35 888/133/35 884/122/35 
f 884/122/35 887/121/35 883/132/35 
f 885/130/34 884/134/34 888/124/34 
f 888/124/34 891/115/34 885/130/34 
f 891/135/36 880/136/36 886/120/36 
f 886/120/36 885/119/36 891/135/36 
f 892/118/2 893/115/2 894/116/2 
f 894/116/2 895/117/2 892/118/2 
f 896/122/33 897/119/33 898/120/33 
f 898/120/33 899/121/33 896/122/33 
f 900/123/34 901/115/34 902/124/34 
f 902/124/34 903/125/34 900/123/34 
f 903/126/1 902/127/1 893/128/1 
f 893/128/1 892/129/1 903/126/1 
f 895/126/25 894/127/25 901/128/25 
f 901/128/25 900/129/25 895/126/25 
f 893/115/2 899/130/2 898/131/2 
f 898/131/2 894/116/2 893/115/2 
f 899/121/35 893/132/35 902/133/35 
f 902/133/35 896/122/35 899/121/35 
f 896/134/34 902/124/34 901/115/34 
f 901/115/34 897/130/34 896/134/34 
f 901/135/36 894/136/36 898/120/36 
f 898/120/36 897/119/36 901/135/36 
f 904/116/2 905/117/2 906/118/2 
f 906/118/2 907/115/2 904/116/2 
f 908/122/33 909/119/33 910/120/33 
f 910/120/33 911/121/33 908/122/33 
f 912/124/34 913/125/34 914/123/34 
f 914/123/34 915/115/34 912/124/34 
f 913/126/1 912/127/1 907/128/1 
f 907/128/1 906/129/1 913/126/1 
f 914/129/25 905/126/25 904/127/25 
f 904/127/25 915/128/25 914/129/25 
f 907/115/2 911/130/2 910/131/2 
f 910/131/2 904/116/2 907/115/2 
f 907/132/35 912/133/35 908/122/35 
f 908/122/35 911/121/35 907/132/35 
f 909/130/34 908/134/34 912/124/34 
f 912/124/34 915/115/34 909/130/34 
f 915/135/36 904/136/36 910/120/36 
f 910/120/36 909/119/36 915/135/36 
f 916/118/2 917/115/2 918/116/2 
f 918/116/2 919/117/2 916/118/2 
f 920/122/33 921/119/33 922/120/33 
f 922/120/33 923/121/33 920/122/33 
f 924/123/34 925/115/34 926/124/34 
f 926/124/34 927/125/34 924/123/34 
f 927/126/1 926/127/1 917/128/1 
f 917/128/1 916/129/1 927/126/1 
f 919/126/25 918/127/25 925/128/25 
f 925/128/25 924/129/25 919/126/25 
f 917/115/2 923/130/2 922/131/2 
f 922/131/2 918/116/2 917/115/2 
f 923/121/35 917/132/35 926/133/35 
f 926/133/35 920/122/35 923/121/35 
f 920/134/34 926/124/34 925/115/34 
f 925/115/34 921/130/34 920/134/34 
f 925/135/36 918/136/36 922/120/36 
f 922/120/36 921/119/36 925/135/36 
f 928/116/2 929/117/2 930/118/2 
f 930/118/2 931/115/2 928/116/2 
f 932/122/33 933/119/33 934/120/33 
f 934/120/33 935/121/33 932/122/33 
f 936/124/34 937/125/34 938/123/34 
f 938/123/34 939/115/34 936/124/34 
f 937/126/1 936/127/1 931/128/1 
f 931/128/1 930/129/1 937/126/1 
f 938/129/25 929/126/25 928/127/25 
f 928/127/25 939/128/25 938/129/25 
f 928/116/2 931/115/2 935/130/2 
f 935/130/2 934/131/2 928/116/2 
f 931/132/35 936/133/35 932/122/35 
f 932/122/35 935/121/35 931/132/35 
f 932/134/34 936/124/34 939/115/34 
f 939/115/34 933/130/34 932/134/34 
f 934/120/36 933/119/36 939/135/36 
f 939/135/36 928/136/36 934/120/36 
f 940/118/2 941/115/2 942/116/2 
f 942/116/2 943/117/2 940/118/2 
f 944/122/33 945/119/33 946/120/33 
f 946/120/33 947/121/33 944/122/33 
f 948/123/34 949/115/34 950/124/34 
f 950/124/34 951/125/34 948/123/34 
f 951/126/1 950/127/1 941/128/1 
f 941/128/1 940/129/1 951/126/1 
f 943/126/25 942/127/25 949/128/25 
f 949/128/25 948/129/25 943/126/25 
f 947/130/2 946/131/2 942/116/2 
f 942/116/2 941/115/2 947/130/2 
f 950/133/35 944/122/35 947/121/35 
f 947/121/35 941/132/35 950/133/35 
f 945/130/34 944/134/34 950/124/34 
f 950/124/34 949/115/34 945/130/34 
f 942/136/36 946/120/36 945/119/36 
f 945/119/36 949/135/36 942/136/36 
f 952/116/2 953/117/2 954/118/2 
f 954/118/2 955/115/2 952/116/2 
f 956/119/33 957/120/33 958/121/33 
f 958/121/33 959/122/33 956/119/33 
f 960/124/34 961/125/34 962/123/34 
f 962/123/34 963/115/34 960/124/34 
f 961/126/1 960/127/1 955/128/1 
f 955/128/1 954/129/1 961/126/1 
f 962/129/25 953/126/25 952/127/25 
f 952/127/25 963/128/25 962/129/25 
f 958/130/2 957/131/2 952/116/2 
f 952/116/2 955/115/2 958/130/2 
f 960/133/35 959/122/35 958/121/35 
f 958/121/35 955/132/35 960/133/35 
f 960/124/34 963/115/34 956/130/34 
f 956/130/34 959/134/34 960/124/34 
f 963/135/36 952/136/36 957/120/36 
f 957/120/36 956/119/36 963/135/36 
f 964/118/1 965/115/1 966/116/1 
f 966/116/1 967/117/1 964/118/1 
f 968/122/33 969/119/33 970/120/33 
f 970/120/33 971/121/33 968/122/33 
f 972/123/25 973/115/58 974/124/58 
f 974/124/58 975/125/25 972/123/25 
f 975/126/34 974/127/34 965/128/34 
f 965/128/34 964/129/34 975/126/34 
f 967/126/2 966/127/2 973/128/2 
f 973/128/2 972/129/2 967/126/2 
f 971/130/1 970/131/1 966/116/1 
f 966/116/1 965/115/1 971/130/1 
f 974/133/54 968/122/54 971/121/54 
f 971/121/54 965/132/54 974/133/54 
f 974/124/58 973/115/58 969/130/58 
f 969/130/58 968/134/58 974/124/58 
f 966/136/55 970/120/55 969/119/55 
f 969/119/55 973/135/55 966/136/55 
f 976/116/1 977/117/1 978/118/1 
f 978/118/1 979/115/1 976/116/1 
f 980/121/33 981/122/33 982/119/33 
f 982/119/33 983/120/33 980/121/33 
f 984/124/58 985/125/25 986/123/25 
f 986/123/25 987/115/58 984/124/58 
f 985/126/34 984/127/34 979/128/34 
f 979/128/34 978/129/34 985/126/34 
f 986/129/2 977/126/2 976/127/2 
f 976/127/2 987/128/2 986/129/2 
f 980/130/1 983/131/1 976/116/1 
f 976/116/1 979/115/1 980/130/1 
f 984/133/54 981/122/54 980/121/54 
f 980/121/54 979/132/54 984/133/54 
f 984/124/58 987/115/58 982/130/58 
f 982/130/58 981/134/58 984/124/58 
f 987/135/55 976/136/55 983/120/55 
f 983/120/55 982/119/55 987/135/55 
f 988/118/1 989/115/1 990/116/1 
f 990/116/1 991/117/1 988/118/1 
f 992/122/33 993/119/33 994/120/33 
f 994/120/33 995/121/33 992/122/33 
f 996/123/25 997/115/25 998/124/25 
f 998/124/25 999/125/25 996/123/25 
f 999/126/34 998/127/34 989/128/34 
f 989/128/34 988/129/34 999/126/34 
f 991/126/2 990/127/2 997/128/2 
f 997/128/2 996/129/2 991/126/2 
f 995/130/1 994/131/1 990/116/1 
f 990/116/1 989/115/1 995/130/1 
f 998/133/54 992/122/54 995/121/54 
f 995/121/54 989/132/54 998/133/54 
f 993/130/25 992/134/25 998/124/25 
f 998/124/25 997/115/25 993/130/25 
f 990/136/55 994/120/55 993/119/55 
f 993/119/55 997/135/55 990/136/55 
f 1000/116/1 1001/117/1 1002/118/1 
f 1002/118/1 1003/115/1 1000/116/1 
f 1004/119/33 1005/120/33 1006/121/33 
f 1006/121/33 1007/122/33 1004/119/33 
f 1008/124/58 1009/125/25 1010/123/25 
f 1010/123/25 1011/115/58 1008/124/58 
f 1009/126/34 1008/127/34 1003/128/34 
f 1003/128/34 1002/129/34 1009/126/34 
f 1010/129/56 1001/126/56 1000/127/56 
f 1000/127/56 1011/128/56 1010/129/56 
f 1006/130/1 1005/131/1 1000/116/1 
f 1000/116/1 1003/115/1 1006/130/1 
f 1008/133/54 1007/122/54 1006/121/54 
f 1006/121/54 1003/132/54 1008/133/54 
f 1008/124/58 1011/115/58 1004/130/58 
f 1004/130/58 1007/134/58 1008/124/58 
f 1011/135/55 1000/136/55 1005/120/55 
f 1005/120/55 1004/119/55 1011/135/55 
f 1012/118/1 1013/115/1 1014/116/1 
f 1014/116/1 1015/117/1 1012/118/1 
f 1016/122/33 1017/119/33 1018/120/33 
f 1018/120/33 1019/121/33 1016/122/33 
f 1020/123/25 1021/115/25 1022/124/25 
f 1022/124/25 1023/125/25 1020/123/25 
f 1023/126/34 1022/127/34 1013/128/34 
f 1013/128/34 1012/129/34 1023/126/34 
f 1015/126/2 1014/127/2 1021/128/2 
f 1021/128/2 1020/129/2 1015/126/2 
f 1019/130/1 1018/131/1 1014/116/1 
f 1014/116/1 1013/115/1 1019/130/1 
f 1022/133/54 1016/122/54 1019/121/54 
f 1019/121/54 1013/132/54 1022/133/54 
f 1022/124/25 1021/115/25 1017/130/25 
f 1017/130/25 1016/134/25 1022/124/25 
f 1014/136/55 1018/120/55 1017/119/55 
f 1017/119/55 1021/135/55 1014/136/55 
f 1024/116/1 1025/117/1 1026/118/1 
f 1026/118/1 1027/115/1 1024/116/1 
f 1028/121/33 1029/122/33 1030/119/33 
f 1030/119/33 1031/120/33 1028/121/33 
f 1032/124/25 1033/125/25 1034/123/25 
f 1034/123/25 1035/115/25 1032/124/25 
f 1033/126/34 1032/127/34 1027/128/34 
f 1027/128/34 1026/129/34 1033/126/34 
f 1034/129/2 1025/126/2 1024/127/2 
f 1024/127/2 1035/128/2 1034/129/2 
f 1028/130/59 1031/131/59 1024/116/1 
f 1024/116/1 1027/115/1 1028/130/59 
f 1032/133/54 1029/122/54 1028/121/54 
f 1028/121/54 1027/132/54 1032/133/54 
f 1032/124/25 1035/115/25 1030/130/25 
f 1030/130/25 1029/134/25 1032/124/25 
f 1035/135/55 1024/136/55 1031/120/55 
f 1031/120/55 1030/119/55 1035/135/55 
f 1036/118/1 1037/115/1 1038/116/1 
f 1038/116/1 1039/117/1 1036/118/1 
f 1040/122/33 1041/119/33 1042/120/33 
f 1042/120/33 1043/121/33 1040/122/33 
f 1044/123/25 1045/115/25 1046/124/25 
f 1046/124/25 1047/125/25 1044/123/25 
f 1047/126/34 1046/127/34 1037/128/34 
f 1037/128/34 1036/129/34 1047/126/34 
f 1039/126/2 1038/127/2 1045/128/2 
f 1045/128/2 1044/129/2 1039/126/2 
f 1043/130/59 1042/131/59 1038/116/1 
f 1038/116/1 1037/115/1 1043/130/59 
f 1046/133/54 1040/122/54 1043/121/54 
f 1043/121/54 1037/132/54 1046/133/54 
f 1041/130/25 1040/134/25 1046/124/25 
f 1046/124/25 1045/115/25 1041/130/25 
f 1038/136/55 1042/120/55 1041/119/55 
f 1041/119/55 1045/135/55 1038/136/55 
f 1048/116/1 1049/117/1 1050/118/1 
f 1050/118/1 1051/115/1 1048/116/1 
f 1052/119/33 1053/120/33 1054/121/33 
f 1054/121/33 1055/122/33 1052/119/33 
f 1056/124/25 1057/125/25 1058/123/25 
f 1058/123/25 1059/115/25 1056/124/25 
f 1057/126/34 1056/127/34 1051/128/34 
f 1051/128/34 1050/129/34 1057/126/34 
f 1058/129/2 1049/126/2 1048/127/2 
f 1048/127/2 1059/128/2 1058/129/2 
f 1054/130/59 1053/131/59 1048/116/1 
f 1048/116/1 1051/115/1 1054/130/59 
f 1056/133/54 1055/122/54 1054/121/54 
f 1054/121/54 1051/132/54 1056/133/54 
f 1056/124/25 1059/115/25 1052/130/58 
f 1052/130/58 1055/134/58 1056/124/25 
f 1059/135/55 1048/136/55 1053/120/55 
f 1053/120/55 1052/119/55 1059/135/55 
f 1060/118/1 1061/115/1 1062/116/1 
f 1062/116/1 1063/117/1 1060/118/1 
f 1064/122/33 1065/119/33 1066/120/33 
f 1066/120/33 1067/121/33 1064/122/33 
f 1068/123/25 1069/115/58 1070/124/58 
f 1070/124/58 1071/125/25 1068/123/25 
f 1071/126/34 1070/127/34 1061/128/34 
f 1061/128/34 1060/129/34 1071/126/34 
f 1063/126/56 1062/127/56 1069/128/56 
f 1069/128/56 1068/129/56 1063/126/56 
f 1067/130/59 1066/131/59 1062/116/1 
f 1062/116/1 1061/115/1 1067/130/59 
f 1070/133/54 1064/122/54 1067/121/54 
f 1067/121/54 1061/132/54 1070/133/54 
f 1070/124/58 1069/115/58 1065/130/58 
f 1065/130/58 1064/134/58 1070/124/58 
f 1062/136/55 1066/120/55 1065/119/55 
f 1065/119/55 1069/135/55 1062/136/55 
f 1072/116/1 1073/117/1 1074/118/1 
f 1074/118/1 1075/115/1 1072/116/1 
f 1076/121/33 1077/122/33 1078/119/33 
f 1078/119/33 1079/120/33 1076/121/33 
f 1080/124/25 1081/125/25 1082/123/25 
f 1082/123/25 1083/115/25 1080/124/25 
f 1081/126/34 1080/127/34 1075/128/34 
f 1075/128/34 1074/129/34 1081/126/34 
f 1082/129/2 1073/126/2 1072/127/2 
f 1072/127/2 1083/128/2 1082/129/2 
f 1076/130/59 1079/131/59 1072/116/1 
f 1072/116/1 1075/115/1 1076/130/59 
f 1080/133/54 1077/122/54 1076/121/54 
f 1076/121/54 1075/132/54 1080/133/54 
f 1080/124/25 1083/115/25 1078/130/58 
f 1078/130/58 1077/134/58 1080/124/25 
f 1083/135/55 1072/136/55 1079/120/55 
f 1079/120/55 1078/119/55 1083/135/55 
f 1084/473/2 1085/474/2 1086/475/2 
f 1086/475/2 1087/476/2 1084/473/2 
f 1088/477/33 1089/478/33 1090/479/33 
f 1090/479/33 1091/480/33 1088/477/33 
f 1092/481/33 1093/482/33 1094/483/33 
f 1094/483/33 1095/484/33 1092/481/33 
f 1096/485/2 1097/486/2 1098/487/2 
f 1098/487/2 1099/488/2 1096/485/2 
f 1100/489/33 1101/490/33 1102/491/33 
f 1102/491/33 1103/492/33 1100/489/33 
f 1104/493/2 1105/494/2 1106/495/2 
f 1106/495/2 1107/496/2 1104/493/2 
f 1108/497/2 1109/498/2 1110/499/2 
f 1110/499/2 1111/500/2 1108/497/2 
f 1112/501/2 1113/502/2 1114/503/2 
f 1114/503/2 1115/504/2 1112/501/2 
f 1116/505/2 1117/506/2 1118/507/2 
f 1118/507/2 1119/508/2 1116/505/2 
f 1120/509/2 1085/474/2 1084/473/2 
f 1084/473/2 1121/510/2 1120/509/2 
f 1107/496/2 1122/511/2 1123/512/2 
f 1123/512/2 1104/493/2 1107/496/2 
f 1124/513/2 1098/487/2 1097/486/2 
f 1097/486/2 1125/514/2 1124/513/2 
f 1126/515/33 1127/516/33 1094/483/33 
f 1094/483/33 1093/482/33 1126/515/33 
f 1102/491/33 1127/516/33 1126/515/33 
f 1126/515/33 1103/492/33 1102/491/33 
f 1128/517/2 1105/494/2 1104/493/2 
f 1104/493/2 1129/518/2 1128/517/2 
f 1129/518/2 1104/493/2 1123/512/2 
f 1123/512/2 1130/519/2 1129/518/2 
f 1114/503/2 1131/520/2 1132/521/2 
f 1132/521/2 1115/504/2 1114/503/2 
f 1117/506/2 1133/522/2 1134/523/2 
f 1134/523/2 1118/507/2 1117/506/2 
f 1111/500/2 1135/524/2 1136/525/2 
f 1136/525/2 1108/497/2 1111/500/2 
f 1137/526/2 1114/503/2 1113/502/2 
f 1113/502/2 1138/527/2 1137/526/2 
f 1114/503/2 1137/526/2 1139/528/2 
f 1139/528/2 1131/520/2 1114/503/2 
f 1133/522/2 1140/529/2 1141/530/2 
f 1141/530/2 1134/523/2 1133/522/2 
f 1142/531/2 1136/525/2 1135/524/2 
f 1135/524/2 1143/532/2 1142/531/2 
f 1138/527/2 1144/533/2 1145/534/2 
f 1145/534/2 1137/526/2 1138/527/2 
f 1137/526/2 1145/534/2 1146/535/2 
f 1146/535/2 1139/528/2 1137/526/2 
f 1140/529/2 1147/536/2 1148/537/2 
f 1148/537/2 1141/530/2 1140/529/2 
f 1149/538/2 1150/539/2 1142/531/2 
f 1142/531/2 1143/532/2 1149/538/2 
f 1145/534/2 1144/533/2 1151/540/2 
f 1151/540/2 1152/541/2 1145/534/2 
f 1145/534/2 1152/541/2 1153/542/2 
f 1153/542/2 1146/535/2 1145/534/2 
f 1147/536/2 1093/543/2 1092/544/2 
f 1092/544/2 1148/537/2 1147/536/2 
f 1091/545/2 1150/539/2 1149/538/2 
f 1149/538/2 1088/546/2 1091/545/2 
f 1151/540/2 1100/547/2 1103/548/2 
f 1103/548/2 1152/541/2 1151/540/2 
f 1152/541/2 1103/548/2 1126/549/2 
f 1126/549/2 1153/542/2 1152/541/2 
f 1093/543/2 1147/536/2 1153/542/2 
f 1153/542/2 1126/549/2 1093/543/2 
f 1110/499/2 1109/498/2 1120/509/2 
f 1120/509/2 1121/510/2 1110/499/2 
f 1123/512/2 1122/511/2 1112/501/2 
f 1112/501/2 1115/504/2 1123/512/2 
f 1123/512/2 1115/504/2 1132/521/2 
f 1132/521/2 1130/519/2 1123/512/2 
f 1116/505/2 1119/508/2 1124/513/2 
f 1124/513/2 1125/514/2 1116/505/2 
f 1154/550/2 1155/551/2 1084/473/2 
f 1084/473/2 1087/476/2 1154/550/2 
f 1088/546/2 1149/538/2 1156/552/2 
f 1156/552/2 1157/553/2 1088/546/2 
f 1157/554/33 1158/555/33 1089/478/33 
f 1089/478/33 1088/477/33 1157/554/33 
f 1154/550/2 1099/488/2 1098/487/2 
f 1098/487/2 1155/551/2 1154/550/2 
f 1124/513/2 1159/556/2 1155/551/2 
f 1155/551/2 1098/487/2 1124/513/2 
f 1124/513/2 1119/508/2 1160/557/2 
f 1160/557/2 1159/556/2 1124/513/2 
f 1119/508/2 1118/507/2 1161/558/2 
f 1161/558/2 1160/557/2 1119/508/2 
f 1161/558/2 1118/507/2 1134/523/2 
f 1134/523/2 1162/559/2 1161/558/2 
f 1162/559/2 1134/523/2 1141/530/2 
f 1141/530/2 1163/560/2 1162/559/2 
f 1163/560/2 1141/530/2 1148/537/2 
f 1148/537/2 1156/552/2 1163/560/2 
f 1092/544/2 1157/553/2 1156/552/2 
f 1156/552/2 1148/537/2 1092/544/2 
f 1158/555/33 1157/554/33 1092/481/33 
f 1092/481/33 1095/484/33 1158/555/33 
f 1164/561/2 1165/562/2 1166/563/2 
f 1166/563/2 1167/564/2 1164/561/2 
f 1166/563/2 1168/565/2 1169/566/2 
f 1169/566/2 1167/564/2 1166/563/2 
f 1168/565/2 1170/567/2 1171/568/2 
f 1171/568/2 1169/566/2 1168/565/2 
f 1172/569/2 1173/570/2 1171/568/2 
f 1171/568/2 1170/567/2 1172/569/2 
f 1173/570/2 1172/569/2 1174/571/2 
f 1174/571/2 1175/572/2 1173/570/2 
f 1175/572/2 1174/571/2 1176/573/2 
f 1176/573/2 1177/574/2 1175/572/2 
f 1178/575/2 1177/574/2 1176/573/2 
f 1176/573/2 1179/576/2 1178/575/2 
f 1180/577/2 1181/578/2 1178/575/2 
f 1178/575/2 1179/576/2 1180/577/2 
f 1181/579/33 1180/580/33 1182/581/33 
f 1182/581/33 1183/582/33 1181/579/33 
f 1107/496/2 1106/495/2 1164/561/2 
f 1164/561/2 1167/564/2 1107/496/2 
f 1151/540/2 1178/575/2 1181/578/2 
f 1181/578/2 1100/547/2 1151/540/2 
f 1101/490/33 1100/489/33 1181/579/33 
f 1181/579/33 1183/582/33 1101/490/33 
f 1184/583/1 1185/584/60 1121/585/60 
f 1121/585/60 1084/586/1 1184/583/1 
f 1185/584/60 1186/587/61 1110/588/61 
f 1110/588/61 1121/585/60 1185/584/60 
f 1186/587/61 1187/589/62 1111/590/62 
f 1111/590/62 1110/588/61 1186/587/61 
f 1187/589/62 1188/591/63 1135/592/63 
f 1135/592/63 1111/590/62 1187/589/62 
f 1188/591/63 1189/593/64 1143/594/64 
f 1143/594/64 1135/592/63 1188/591/63 
f 1189/593/64 1190/595/65 1149/596/65 
f 1149/596/65 1143/594/64 1189/593/64 
f 1155/597/33 1191/598/33 1184/599/33 
f 1184/599/33 1084/600/33 1155/597/33 
f 1159/601/66 1192/602/66 1191/603/25 
f 1191/603/25 1155/604/25 1159/601/66 
f 1192/602/66 1159/601/66 1160/605/67 
f 1160/605/67 1193/606/67 1192/602/66 
f 1161/607/68 1194/608/68 1193/606/67 
f 1193/606/67 1160/605/67 1161/607/68 
f 1161/607/68 1162/609/69 1195/610/69 
f 1195/610/69 1194/608/68 1161/607/68 
f 1163/611/70 1196/612/70 1195/610/69 
f 1195/610/69 1162/609/69 1163/611/70 
f 1156/552/71 1149/538/65 1190/538/65 
f 1190/538/65 1197/552/71 1156/552/71 
f 1197/613/71 1196/612/70 1163/611/70 
f 1163/611/70 1156/614/71 1197/613/71 
f 1107/615/33 1167/616/33 1198/617/33 
f 1198/617/33 1199/618/33 1107/615/33 
f 1169/619/72 1200/620/72 1198/621/25 
f 1198/621/25 1167/622/25 1169/619/72 
f 1169/619/72 1171/623/73 1201/624/73 
f 1201/624/73 1200/620/72 1169/619/72 
f 1173/625/74 1202/626/74 1201/624/73 
f 1201/624/73 1171/623/73 1173/625/74 
f 1173/625/74 1175/627/75 1203/628/75 
f 1203/628/75 1202/626/74 1173/625/74 
f 1177/629/76 1204/630/76 1203/628/75 
f 1203/628/75 1175/627/75 1177/629/76 
f 1205/575/77 1178/575/77 1151/540/78 
f 1151/540/78 1206/540/78 1205/575/77 
f 1177/629/76 1178/631/77 1205/632/77 
f 1205/632/77 1204/630/76 1177/629/76 
f 1199/633/1 1207/634/79 1122/635/79 
f 1122/635/79 1107/636/1 1199/633/1 
f 1207/634/79 1208/637/80 1112/638/80 
f 1112/638/80 1122/635/79 1207/634/79 
f 1208/637/80 1209/639/81 1113/640/81 
f 1113/640/81 1112/638/80 1208/637/80 
f 1209/639/81 1210/641/82 1138/642/82 
f 1138/642/82 1113/640/81 1209/639/81 
f 1210/641/82 1211/643/83 1144/644/83 
f 1144/644/83 1138/642/82 1210/641/82 
f 1144/644/83 1211/643/83 1206/645/78 
f 1206/645/78 1151/646/78 1144/644/83 
f 1096/647/1 1212/648/1 1213/649/1 
f 1213/649/1 1097/650/1 1096/647/1 
f 1213/649/1 1214/651/84 1125/652/84 
f 1125/652/84 1097/650/1 1213/649/1 
f 1215/653/85 1117/654/85 1116/655/86 
f 1116/655/86 1216/656/86 1215/653/85 
f 1217/657/25 1128/658/25 1129/659/25 
f 1129/659/25 1218/660/25 1217/657/25 
f 1130/661/87 1219/662/87 1218/660/25 
f 1218/660/25 1129/659/25 1130/661/87 
f 1132/663/88 1131/664/89 1220/665/89 
f 1220/665/89 1221/666/88 1132/663/88 
f 1133/667/90 1117/654/85 1215/653/85 
f 1215/653/85 1222/668/90 1133/667/90 
f 1223/669/91 1220/665/89 1131/664/89 
f 1131/664/89 1139/670/91 1223/669/91 
f 1222/668/90 1224/671/92 1140/672/92 
f 1140/672/92 1133/667/90 1222/668/90 
f 1146/673/93 1225/674/93 1223/669/91 
f 1223/669/91 1139/670/91 1146/673/93 
f 1147/675/94 1140/672/92 1224/671/92 
f 1224/671/92 1226/676/94 1147/675/94 
f 1225/674/93 1146/673/93 1153/677/95 
f 1153/677/95 1227/678/95 1225/674/93 
f 1219/662/87 1130/661/87 1132/663/88 
f 1132/663/88 1221/666/88 1219/662/87 
f 1216/656/86 1116/655/86 1125/652/84 
f 1125/652/84 1214/651/84 1216/656/86 
f 1228/679/2 1229/680/2 1230/681/2 
f 1230/681/2 1231/682/2 1228/679/2 
f 1232/683/2 1230/681/2 1229/680/2 
f 1229/680/2 1233/684/2 1232/683/2 
f 1234/685/33 1232/686/33 1233/687/33 
f 1233/687/33 1235/688/33 1234/685/33 
f 1235/683/34 1236/681/34 1237/680/34 
f 1237/680/34 1234/689/34 1235/683/34 
f 1236/681/34 1238/682/34 1239/679/34 
f 1239/679/34 1237/680/34 1236/681/34 
f 1236/690/96 1229/691/96 1228/692/1 
f 1228/692/1 1238/693/1 1236/690/96 
f 1236/694/96 1235/688/97 1233/687/97 
f 1233/687/97 1229/695/96 1236/694/96 
f 1230/690/98 1237/696/98 1239/697/25 
f 1239/697/25 1231/693/25 1230/690/98 
f 1230/698/98 1232/686/99 1234/685/99 
f 1234/685/99 1237/699/98 1230/698/98 
f 1240/681/2 1241/682/2 1242/679/2 
f 1242/679/2 1243/680/2 1240/681/2 
f 1243/680/2 1244/684/2 1245/683/2 
f 1245/683/2 1240/681/2 1243/680/2 
f 1244/687/33 1246/688/33 1247/685/33 
f 1247/685/33 1245/686/33 1244/687/33 
f 1248/680/34 1247/689/34 1246/683/34 
f 1246/683/34 1249/681/34 1248/680/34 
f 1250/679/34 1248/680/34 1249/681/34 
f 1249/681/34 1251/682/34 1250/679/34 
f 1249/690/96 1243/691/96 1242/692/1 
f 1242/692/1 1251/693/1 1249/690/96 
f 1243/695/96 1249/694/96 1246/688/97 
f 1246/688/97 1244/687/97 1243/695/96 
f 1240/690/98 1248/696/98 1250/697/25 
f 1250/697/25 1241/693/25 1240/690/98 
f 1240/698/98 1245/686/99 1247/685/99 
f 1247/685/99 1248/699/98 1240/698/98 
f 1252/679/2 1253/680/2 1254/681/2 
f 1254/681/2 1255/682/2 1252/679/2 
f 1256/683/2 1254/681/2 1253/680/2 
f 1253/680/2 1257/684/2 1256/683/2 
f 1258/685/33 1256/686/33 1257/687/33 
f 1257/687/33 1259/688/33 1258/685/33 
f 1259/683/34 1260/681/34 1261/680/34 
f 1261/680/34 1258/689/34 1259/683/34 
f 1260/681/34 1262/682/34 1263/679/34 
f 1263/679/34 1261/680/34 1260/681/34 
f 1260/690/96 1253/691/96 1252/692/1 
f 1252/692/1 1262/693/1 1260/690/96 
f 1260/694/96 1259/688/97 1257/687/97 
f 1257/687/97 1253/695/96 1260/694/96 
f 1254/690/98 1261/696/98 1263/697/25 
f 1263/697/25 1255/693/25 1254/690/98 
f 1254/698/98 1256/686/99 1258/685/99 
f 1258/685/99 1261/699/98 1254/698/98 
f 1264/681/2 1265/682/2 1266/679/2 
f 1266/679/2 1267/680/2 1264/681/2 
f 1267/680/2 1268/684/2 1269/683/2 
f 1269/683/2 1264/681/2 1267/680/2 
f 1268/687/33 1270/688/33 1271/685/33 
f 1271/685/33 1269/686/33 1268/687/33 
f 1270/683/34 1272/681/34 1273/680/34 
f 1273/680/34 1271/689/34 1270/683/34 
f 1272/681/34 1274/682/34 1275/679/34 
f 1275/679/34 1273/680/34 1272/681/34 
f 1266/692/1 1274/693/1 1272/690/96 
f 1272/690/96 1267/691/96 1266/692/1 
f 1267/695/96 1272/694/96 1270/688/97 
f 1270/688/97 1268/687/97 1267/695/96 
f 1275/697/25 1265/693/25 1264/690/98 
f 1264/690/98 1273/696/98 1275/697/25 
f 1264/698/98 1269/686/99 1271/685/99 
f 1271/685/99 1273/699/98 1264/698/98 
f 1276/679/2 1277/680/2 1278/681/2 
f 1278/681/2 1279/682/2 1276/679/2 
f 1280/683/2 1278/681/2 1277/680/2 
f 1277/680/2 1281/684/2 1280/683/2 
f 1282/685/33 1280/686/33 1281/687/33 
f 1281/687/33 1283/688/33 1282/685/33 
f 1283/683/34 1284/681/34 1285/680/34 
f 1285/680/34 1282/689/34 1283/683/34 
f 1284/681/34 1286/682/34 1287/679/34 
f 1287/679/34 1285/680/34 1284/681/34 
f 1284/690/96 1277/691/96 1276/692/1 
f 1276/692/1 1286/693/1 1284/690/96 
f 1284/694/96 1283/688/97 1281/687/97 
f 1281/687/97 1277/695/96 1284/694/96 
f 1278/690/98 1285/696/98 1287/697/25 
f 1287/697/25 1279/693/25 1278/690/98 
f 1278/698/98 1280/686/99 1282/685/99 
f 1282/685/99 1285/699/98 1278/698/98 
f 1288/681/2 1289/682/2 1290/679/2 
f 1290/679/2 1291/680/2 1288/681/2 
f 1291/680/2 1292/684/2 1293/683/2 
f 1293/683/2 1288/681/2 1291/680/2 
f 1292/687/33 1294/688/33 1295/685/33 
f 1295/685/33 1293/686/33 1292/687/33 
f 1296/680/34 1295/689/34 1294/683/34 
f 1294/683/34 1297/681/34 1296/680/34 
f 1298/679/34 1296/680/34 1297/681/34 
f 1297/681/34 1299/682/34 1298/679/34 
f 1297/690/96 1291/691/96 1290/692/1 
f 1290/692/1 1299/693/1 1297/690/96 
f 1291/695/96 1297/694/96 1294/688/97 
f 1294/688/97 1292/687/97 1291/695/96 
f 1288/690/98 1296/696/98 1298/697/25 
f 1298/697/25 1289/693/25 1288/690/98 
f 1288/698/98 1293/686/99 1295/685/99 
f 1295/685/99 1296/699/98 1288/698/98 
f 1300/679/2 1301/680/2 1302/681/2 
f 1302/681/2 1303/682/2 1300/679/2 
f 1304/683/2 1302/681/2 1301/680/2 
f 1301/680/2 1305/684/2 1304/683/2 
f 1306/685/33 1304/686/33 1305/687/33 
f 1305/687/33 1307/688/33 1306/685/33 
f 1307/683/34 1308/681/34 1309/680/34 
f 1309/680/34 1306/689/34 1307/683/34 
f 1308/681/34 1310/682/34 1311/679/34 
f 1311/679/34 1309/680/34 1308/681/34 
f 1308/690/96 1301/691/96 1300/692/1 
f 1300/692/1 1310/693/1 1308/690/96 
f 1308/694/96 1307/688/97 1305/687/97 
f 1305/687/97 1301/695/96 1308/694/96 
f 1302/690/98 1309/696/98 1311/697/25 
f 1311/697/25 1303/693/25 1302/690/98 
f 1302/698/98 1304/686/99 1306/685/99 
f 1306/685/99 1309/699/98 1302/698/98 
f 1312/681/2 1313/682/2 1314/679/2 
f 1314/679/2 1315/680/2 1312/681/2 
f 1315/680/2 1316/684/2 1317/683/2 
f 1317/683/2 1312/681/2 1315/680/2 
f 1316/687/33 1318/688/33 1319/685/33 
f 1319/685/33 1317/686/33 1316/687/33 
f 1320/680/34 1319/689/34 1318/683/34 
f 1318/683/34 1321/681/34 1320/680/34 
f 1322/679/34 1320/680/34 1321/681/34 
f 1321/681/34 1323/682/34 1322/679/34 
f 1321/690/96 1315/691/96 1314/692/1 
f 1314/692/1 1323/693/1 1321/690/96 
f 1315/695/96 1321/694/96 1318/688/97 
f 1318/688/97 1316/687/97 1315/695/96 
f 1312/690/98 1320/696/98 1322/697/25 
f 1322/697/25 1313/693/25 1312/690/98 
f 1312/698/98 1317/686/99 1319/685/99 
f 1319/685/99 1320/699/98 1312/698/98 
f 1324/679/2 1325/680/2 1326/681/2 
f 1326/681/2 1327/682/2 1324/679/2 
f 1328/683/2 1326/681/2 1325/680/2 
f 1325/680/2 1329/684/2 1328/683/2 
f 1330/685/33 1328/686/33 1329/687/33 
f 1329/687/33 1331/688/33 1330/685/33 
f 1331/683/34 1332/681/34 1333/680/34 
f 1333/680/34 1330/689/34 1331/683/34 
f 1332/681/34 1334/682/34 1335/679/34 
f 1335/679/34 1333/680/34 1332/681/34 
f 1332/690/96 1325/691/96 1324/692/1 
f 1324/692/1 1334/693/1 1332/690/96 
f 1332/694/96 1331/688/97 1329/687/97 
f 1329/687/97 1325/695/96 1332/694/96 
f 1326/690/98 1333/696/98 1335/697/25 
f 1335/697/25 1327/693/25 1326/690/98 
f 1326/698/98 1328/686/99 1330/685/99 
f 1330/685/99 1333/699/98 1326/698/98 
f 1336/681/2 1337/682/2 1338/679/2 
f 1338/679/2 1339/680/2 1336/681/2 
f 1339/680/2 1340/684/2 1341/683/2 
f 1341/683/2 1336/681/2 1339/680/2 
f 1340/687/33 1342/688/33 1343/685/33 
f 1343/685/33 1341/686/33 1340/687/33 
f 1344/680/34 1343/689/34 1342/683/34 
f 1342/683/34 1345/681/34 1344/680/34 
f 1346/679/34 1344/680/34 1345/681/34 
f 1345/681/34 1347/682/34 1346/679/34 
f 1338/692/1 1347/693/1 1345/690/96 
f 1345/690/96 1339/691/96 1338/692/1 
f 1339/695/96 1345/694/96 1342/688/97 
f 1342/688/97 1340/687/97 1339/695/96 
f 1336/690/98 1344/696/98 1346/697/25 
f 1346/697/25 1337/693/25 1336/690/98 
f 1336/698/98 1341/686/99 1343/685/99 
f 1343/685/99 1344/699/98 1336/698/98 
f 1348/679/2 1349/680/2 1350/681/2 
f 1350/681/2 1351/682/2 1348/679/2 
f 1352/683/2 1350/681/2 1349/680/2 
f 1349/680/2 1353/684/2 1352/683/2 
f 1354/685/33 1352/686/33 1353/687/33 
f 1353/687/33 1355/688/33 1354/685/33 
f 1355/683/34 1356/681/34 1357/680/34 
f 1357/680/34 1354/689/34 1355/683/34 
f 1356/681/34 1358/682/34 1359/679/34 
f 1359/679/34 1357/680/34 1356/681/34 
f 1356/690/96 1349/691/96 1348/692/1 
f 1348/692/1 1358/693/1 1356/690/96 
f 1356/694/96 1355/688/97 1353/687/97 
f 1353/687/97 1349/695/96 1356/694/96 
f 1350/690/98 1357/696/98 1359/697/25 
f 1359/697/25 1351/693/25 1350/690/98 
f 1350/698/98 1352/686/99 1354/685/99 
f 1354/685/99 1357/699/98 1350/698/98 
f 1360/681/2 1361/682/2 1362/679/2 
f 1362/679/2 1363/680/2 1360/681/2 
f 1363/680/2 1364/684/2 1365/683/2 
f 1365/683/2 1360/681/2 1363/680/2 
f 1364/687/33 1366/688/33 1367/685/33 
f 1367/685/33 1365/686/33 1364/687/33 
f 1368/680/34 1367/689/34 1366/683/34 
f 1366/683/34 1369/681/34 1368/680/34 
f 1370/679/34 1368/680/34 1369/681/34 
f 1369/681/34 1371/682/34 1370/679/34 
f 1369/690/96 1363/691/96 1362/692/1 
f 1362/692/1 1371/693/1 1369/690/96 
f 1363/695/96 1369/694/96 1366/688/97 
f 1366/688/97 1364/687/97 1363/695/96 
f 1360/690/98 1368/696/98 1370/697/25 
f 1370/697/25 1361/693/25 1360/690/98 
f 1360/698/98 1365/686/99 1367/685/99 
f 1367/685/99 1368/699/98 1360/698/98 
f 1372/679/2 1373/680/2 1374/681/2 
f 1374/681/2 1375/682/2 1372/679/2 
f 1376/683/2 1374/681/2 1373/680/2 
f 1373/680/2 1377/684/2 1376/683/2 
f 1378/685/33 1376/686/33 1377/687/33 
f 1377/687/33 1379/688/33 1378/685/33 
f 1379/683/34 1380/681/34 1381/680/34 
f 1381/680/34 1378/689/34 1379/683/34 
f 1380/681/34 1382/682/34 1383/679/34 
f 1383/679/34 1381/680/34 1380/681/34 
f 1380/690/96 1373/691/96 1372/692/1 
f 1372/692/1 1382/693/1 1380/690/96 
f 1380/694/96 1379/688/97 1377/687/97 
f 1377/687/97 1373/695/96 1380/694/96 
f 1374/690/98 1381/696/98 1383/697/25 
f 1383/697/25 1375/693/25 1374/690/98 
f 1374/698/98 1376/686/99 1378/685/99 
f 1378/685/99 1381/699/98 1374/698/98 
f 1384/681/2 1385/682/2 1386/679/2 
f 1386/679/2 1387/680/2 1384/681/2 
f 1387/680/2 1388/684/2 1389/683/2 
f 1389/683/2 1384/681/2 1387/680/2 
f 1388/687/33 1390/688/33 1391/685/33 
f 1391/685/33 1389/686/33 1388/687/33 
f 1392/680/34 1391/689/34 1390/683/34 
f 1390/683/34 1393/681/34 1392/680/34 
f 1394/679/34 1392/680/34 1393/681/34 
f 1393/681/34 1395/682/34 1394/679/34 
f 1393/690/96 1387/691/96 1386/692/1 
f 1386/692/1 1395/693/1 1393/690/96 
f 1387/695/96 1393/694/96 1390/688/97 
f 1390/688/97 1388/687/97 1387/695/96 
f 1384/690/98 1392/696/98 1394/697/25 
f 1394/697/25 1385/693/25 1384/690/98 
f 1384/698/98 1389/686/99 1391/685/99 
f 1391/685/99 1392/699/98 1384/698/98 
f 1396/679/2 1397/680/2 1398/681/2 
f 1398/681/2 1399/682/2 1396/679/2 
f 1400/683/2 1398/681/2 1397/680/2 
f 1397/680/2 1401/684/2 1400/683/2 
f 1402/685/33 1400/686/33 1401/687/33 
f 1401/687/33 1403/688/33 1402/685/33 
f 1403/683/34 1404/681/34 1405/680/34 
f 1405/680/34 1402/689/34 1403/683/34 
f 1404/681/34 1406/682/34 1407/679/34 
f 1407/679/34 1405/680/34 1404/681/34 
f 1404/690/96 1397/691/96 1396/692/1 
f 1396/692/1 1406/693/1 1404/690/96 
f 1404/694/96 1403/688/97 1401/687/97 
f 1401/687/97 1397/695/96 1404/694/96 
f 1398/690/98 1405/696/98 1407/697/25 
f 1407/697/25 1399/693/25 1398/690/98 
f 1398/698/98 1400/686/99 1402/685/99 
f 1402/685/99 1405/699/98 1398/698/98 
f 1408/681/2 1409/682/2 1410/679/2 
f 1410/679/2 1411/680/2 1408/681/2 
f 1411/680/2 1412/684/2 1413/683/2 
f 1413/683/2 1408/681/2 1411/680/2 
f 1412/687/33 1414/688/33 1415/685/33 
f 1415/685/33 1413/686/33 1412/687/33 
f 1416/680/34 1415/689/34 1414/683/34 
f 1414/683/34 1417/681/34 1416/680/34 
f 1418/679/34 1416/680/34 1417/681/34 
f 1417/681/34 1419/682/34 1418/679/34 
f 1417/690/96 1411/691/96 1410/692/1 
f 1410/692/1 1419/693/1 1417/690/96 
f 1411/695/96 1417/694/96 1414/688/97 
f 1414/688/97 1412/687/97 1411/695/96 
f 1408/690/98 1416/696/98 1418/697/25 
f 1418/697/25 1409/693/25 1408/690/98 
f 1408/698/98 1413/686/99 1415/685/99 
f 1415/685/99 1416/699/98 1408/698/98 
f 1420/679/2 1421/680/2 1422/681/2 
f 1422/681/2 1423/682/2 1420/679/2 
f 1424/683/2 1422/681/2 1421/680/2 
f 1421/680/2 1425/684/2 1424/683/2 
f 1426/685/33 1424/686/33 1425/687/33 
f 1425/687/33 1427/688/33 1426/685/33 
f 1427/683/34 1428/681/34 1429/680/34 
f 1429/680/34 1426/689/34 1427/683/34 
f 1428/681/34 1430/682/34 1431/679/34 
f 1431/679/34 1429/680/34 1428/681/34 
f 1428/690/96 1421/691/96 1420/692/1 
f 1420/692/1 1430/693/1 1428/690/96 
f 1428/694/96 1427/688/97 1425/687/97 
f 1425/687/97 1421/695/96 1428/694/96 
f 1422/690/98 1429/696/98 1431/697/25 
f 1431/697/25 1423/693/25 1422/690/98 
f 1422/698/98 1424/686/99 1426/685/99 
f 1426/685/99 1429/699/98 1422/698/98 
f 1432/679/2 1433/680/2 1434/681/2 
f 1434/681/2 1435/682/2 1432/679/2 
f 1433/680/2 1436/684/2 1437/683/2 
f 1437/683/2 1434/681/2 1433/680/2 
f 1436/687/33 1438/688/33 1439/685/33 
f 1439/685/33 1437/686/33 1436/687/33 
f 1440/680/34 1439/689/34 1438/683/34 
f 1438/683/34 1441/681/34 1440/680/34 
f 1442/679/34 1440/680/34 1441/681/34 
f 1441/681/34 1443/682/34 1442/679/34 
f 1432/692/1 1443/693/1 1441/690/96 
f 1441/690/96 1433/691/96 1432/692/1 
f 1433/695/96 1441/694/96 1438/688/97 
f 1438/688/97 1436/687/97 1433/695/96 
f 1440/696/98 1442/697/25 1435/693/25 
f 1435/693/25 1434/690/98 1440/696/98 
f 1434/698/98 1437/686/99 1439/685/99 
f 1439/685/99 1440/699/98 1434/698/98 
f 1444/679/2 1445/680/2 1446/681/2 
f 1446/681/2 1447/682/2 1444/679/2 
f 1448/683/2 1446/681/2 1445/680/2 
f 1445/680/2 1449/684/2 1448/683/2 
f 1450/685/33 1448/686/33 1449/687/33 
f 1449/687/33 1451/688/33 1450/685/33 
f 1451/683/34 1452/681/34 1453/680/34 
f 1453/680/34 1450/689/34 1451/683/34 
f 1452/681/34 1454/682/34 1455/679/34 
f 1455/679/34 1453/680/34 1452/681/34 
f 1452/690/96 1445/691/96 1444/692/1 
f 1444/692/1 1454/693/1 1452/690/96 
f 1452/694/96 1451/688/97 1449/687/97 
f 1449/687/97 1445/695/96 1452/694/96 
f 1455/697/25 1447/693/25 1446/690/98 
f 1446/690/98 1453/696/98 1455/697/25 
f 1446/698/98 1448/686/99 1450/685/99 
f 1450/685/99 1453/699/98 1446/698/98 
f 1456/681/2 1457/682/2 1458/679/2 
f 1458/679/2 1459/680/2 1456/681/2 
f 1459/680/2 1460/684/2 1461/683/2 
f 1461/683/2 1456/681/2 1459/680/2 
f 1460/687/33 1462/688/33 1463/685/33 
f 1463/685/33 1461/686/33 1460/687/33 
f 1464/680/34 1463/689/34 1462/683/34 
f 1462/683/34 1465/681/34 1464/680/34 
f 1466/679/34 1464/680/34 1465/681/34 
f 1465/681/34 1467/682/34 1466/679/34 
f 1465/690/96 1459/691/96 1458/692/1 
f 1458/692/1 1467/693/1 1465/690/96 
f 1459/695/96 1465/694/96 1462/688/97 
f 1462/688/97 1460/687/97 1459/695/96 
f 1456/690/98 1464/696/98 1466/697/25 
f 1466/697/25 1457/693/25 1456/690/98 
f 1456/698/98 1461/686/99 1463/685/99 
f 1463/685/99 1464/699/98 1456/698/98 
f 1468/679/2 1469/680/2 1470/681/2 
f 1470/681/2 1471/682/2 1468/679/2 
f 1472/683/2 1470/681/2 1469/680/2 
f 1469/680/2 1473/684/2 1472/683/2 
f 1474/685/33 1472/686/33 1473/687/33 
f 1473/687/33 1475/688/33 1474/685/33 
f 1475/683/34 1476/681/34 1477/680/34 
f 1477/680/34 1474/689/34 1475/683/34 
f 1476/681/34 1478/682/34 1479/679/34 
f 1479/679/34 1477/680/34 1476/681/34 
f 1468/692/1 1478/693/1 1476/690/96 
f 1476/690/96 1469/691/96 1468/692/1 
f 1476/694/96 1475/688/97 1473/687/97 
f 1473/687/97 1469/695/96 1476/694/96 
f 1470/690/98 1477/696/98 1479/697/25 
f 1479/697/25 1471/693/25 1470/690/98 
f 1470/698/98 1472/686/99 1474/685/99 
f 1474/685/99 1477/699/98 1470/698/98 
f 1480/681/2 1481/682/2 1482/679/2 
f 1482/679/2 1483/680/2 1480/681/2 
f 1483/680/2 1484/684/2 1485/683/2 
f 1485/683/2 1480/681/2 1483/680/2 
f 1484/687/33 1486/688/33 1487/685/33 
f 1487/685/33 1485/686/33 1484/687/33 
f 1488/680/34 1487/689/34 1486/683/34 
f 1486/683/34 1489/681/34 1488/680/34 
f 1490/679/34 1488/680/34 1489/681/34 
f 1489/681/34 1491/682/34 1490/679/34 
f 1482/692/1 1491/693/1 1489/690/96 
f 1489/690/96 1483/691/96 1482/692/1 
f 1483/695/96 1489/694/96 1486/688/97 
f 1486/688/97 1484/687/97 1483/695/96 
f 1490/697/25 1481/693/25 1480/690/98 
f 1480/690/98 1488/696/98 1490/697/25 
f 1480/698/98 1485/686/99 1487/685/99 
f 1487/685/99 1488/699/98 1480/698/98 
f 1492/679/2 1493/680/2 1494/681/2 
f 1494/681/2 1495/682/2 1492/679/2 
f 1496/683/2 1494/681/2 1493/680/2 
f 1493/680/2 1497/684/2 1496/683/2 
f 1498/685/33 1496/686/33 1497/687/33 
f 1497/687/33 1499/688/33 1498/685/33 
f 1499/683/34 1500/681/34 1501/680/34 
f 1501/680/34 1498/689/34 1499/683/34 
f 1500/681/34 1502/682/34 1503/679/34 
f 1503/679/34 1501/680/34 1500/681/34 
f 1500/690/96 1493/691/96 1492/692/1 
f 1492/692/1 1502/693/1 1500/690/96 
f 1500/694/96 1499/688/97 1497/687/97 
f 1497/687/97 1493/695/96 1500/694/96 
f 1503/697/25 1495/693/25 1494/690/98 
f 1494/690/98 1501/696/98 1503/697/25 
f 1494/698/98 1496/686/99 1498/685/99 
f 1498/685/99 1501/699/98 1494/698/98 
f 1504/681/2 1505/682/2 1506/679/2 
f 1506/679/2 1507/680/2 1504/681/2 
f 1507/680/2 1508/684/2 1509/683/2 
f 1509/683/2 1504/681/2 1507/680/2 
f 1508/687/33 1510/688/33 1511/685/33 
f 1511/685/33 1509/686/33 1508/687/33 
f 1512/680/34 1511/689/34 1510/683/34 
f 1510/683/34 1513/681/34 1512/680/34 
f 1514/679/34 1512/680/34 1513/681/34 
f 1513/681/34 1515/682/34 1514/679/34 
f 1513/690/96 1507/691/96 1506/692/1 
f 1506/692/1 1515/693/1 1513/690/96 
f 1507/695/96 1513/694/96 1510/688/97 
f 1510/688/97 1508/687/97 1507/695/96 
f 1504/690/98 1512/696/98 1514/697/25 
f 1514/697/25 1505/693/25 1504/690/98 
f 1504/698/98 1509/686/99 1511/685/99 
f 1511/685/99 1512/699/98 1504/698/98 
f 1516/679/2 1517/680/2 1518/681/2 
f 1518/681/2 1519/682/2 1516/679/2 
f 1520/683/2 1518/681/2 1517/680/2 
f 1517/680/2 1521/684/2 1520/683/2 
f 1522/685/33 1520/686/33 1521/687/33 
f 1521/687/33 1523/688/33 1522/685/33 
f 1523/683/34 1524/681/34 1525/680/34 
f 1525/680/34 1522/689/34 1523/683/34 
f 1524/681/34 1526/682/34 1527/679/34 
f 1527/679/34 1525/680/34 1524/681/34 
f 1516/692/1 1526/693/1 1524/690/96 
f 1524/690/96 1517/691/96 1516/692/1 
f 1524/694/96 1523/688/97 1521/687/97 
f 1521/687/97 1517/695/96 1524/694/96 
f 1518/690/98 1525/696/98 1527/697/25 
f 1527/697/25 1519/693/25 1518/690/98 
f 1518/698/98 1520/686/99 1522/685/99 
f 1522/685/99 1525/699/98 1518/698/98 
f 1528/681/2 1529/682/2 1530/679/2 
f 1530/679/2 1531/680/2 1528/681/2 
f 1531/680/2 1532/684/2 1533/683/2 
f 1533/683/2 1528/681/2 1531/680/2 
f 1532/687/33 1534/688/33 1535/685/33 
f 1535/685/33 1533/686/33 1532/687/33 
f 1536/680/34 1535/689/34 1534/683/34 
f 1534/683/34 1537/681/34 1536/680/34 
f 1538/679/34 1536/680/34 1537/681/34 
f 1537/681/34 1539/682/34 1538/679/34 
f 1530/692/1 1539/693/1 1537/690/96 
f 1537/690/96 1531/691/96 1530/692/1 
f 1531/695/96 1537/694/96 1534/688/97 
f 1534/688/97 1532/687/97 1531/695/96 
f 1538/697/25 1529/693/25 1528/690/98 
f 1528/690/98 1536/696/98 1538/697/25 
f 1528/698/98 1533/686/99 1535/685/99 
f 1535/685/99 1536/699/98 1528/698/98 
# 2303 faces

