# 3ds Max Wavefront OBJ Exporter v0.99 - (c)2007 guruware
# File Created: 23.11.2022 18:18:37

#
# object QBlock_008_ToolMesh_004
#

v  1.8668 0.1763 -0.1013
v  1.8668 -0.0015 -0.2039
v  -1.8723 0.0119 -0.2317
v  -1.8723 0.1896 -0.1291
v  1.8639 -0.1792 0.1040
v  1.8638 -0.0015 0.2066
v  -1.8753 0.0119 0.1788
v  -1.8752 -0.1659 0.0762
v  -1.8739 0.1896 0.0762
v  1.8652 0.1763 0.1040
v  1.8655 -0.1792 -0.1013
v  -1.8736 -0.1659 -0.1291
v  1.9516 -0.0018 -0.1746
v  1.9515 0.1511 -0.0863
v  1.9502 0.1511 0.0902
v  1.9490 -0.0018 0.1784
v  1.9491 -0.1546 0.0902
v  1.9504 -0.1546 -0.0863
v  -1.9586 -0.1407 -0.1153
v  -1.9575 0.0122 -0.2036
v  -1.9600 -0.1407 0.0612
v  -1.9601 0.0122 0.1494
v  -1.9589 0.1650 0.0612
v  -1.9575 0.1650 -0.1153
# 24 vertices

vn 0.0082 0.5000 -0.8660
vn -0.0082 -0.5000 0.8660
vn -0.0046 0.5000 0.8660
vn 0.0036 1.0000 0.0000
vn -0.0036 -1.0000 -0.0000
vn 1.0000 -0.0036 0.0074
vn 0.0046 -0.5000 -0.8660
vn -0.2765 -0.4789 -0.8332
vn 0.2855 -0.4809 -0.8290
vn -0.2844 -0.9587 -0.0021
vn 0.2776 -0.9607 0.0021
vn -0.2889 -0.4789 0.8290
vn 0.2731 -0.4809 0.8332
vn -0.2855 0.4809 0.8290
vn 0.2765 0.4789 0.8332
vn -0.2776 0.9607 -0.0021
vn 0.2844 0.9587 0.0021
vn -0.2731 0.4809 -0.8332
vn 0.2889 0.4789 -0.8290
vn -1.0000 0.0036 -0.0074
# 20 vertex normals

vt 0.8161 0.5385 0.0000
vt 0.8325 0.5360 0.0000
vt 0.8325 0.8231 0.0000
vt 0.8161 0.8207 0.0000
vt 0.7679 0.5397 0.0000
vt 0.7839 0.5398 0.0000
vt 0.7843 0.8199 0.0000
vt 0.7683 0.8202 0.0000
vt 0.8002 0.8200 0.0000
vt 0.7999 0.5395 0.0000
vt 0.7520 0.5389 0.0000
vt 0.7521 0.8212 0.0000
vt 0.2421 0.8624 0.0000
vt 0.2540 0.8555 0.0000
vt 0.2658 0.8624 0.0000
vt 0.2658 0.8760 0.0000
vt 0.2540 0.8828 0.0000
vt 0.2421 0.8760 0.0000
vt 0.7356 0.5366 0.0000
vt 0.7356 0.8236 0.0000
vt 0.7530 0.8287 0.0000
vt 0.7380 0.8312 0.0000
vt 0.7380 0.5294 0.0000
vt 0.7528 0.5317 0.0000
vt 0.7685 0.8277 0.0000
vt 0.7681 0.5323 0.0000
vt 0.7843 0.8274 0.0000
vt 0.7838 0.5323 0.0000
vt 0.8001 0.8274 0.0000
vt 0.7996 0.5320 0.0000
vt 0.8154 0.8280 0.0000
vt 0.8152 0.5310 0.0000
vt 0.8302 0.8303 0.0000
vt 0.8301 0.5284 0.0000
vt 0.9157 0.9647 0.0000
vt 0.9039 0.9579 0.0000
vt 0.9039 0.9443 0.0000
vt 0.9157 0.9374 0.0000
vt 0.9276 0.9579 0.0000
vt 0.9276 0.9443 0.0000
# 40 texture coords

o QBlock_008_ToolMesh_004
g QBlock_008_ToolMesh_004
f 1/1/1 2/2/1 3/3/1 
f 3/3/1 4/4/1 1/1/1 
f 5/5/2 6/6/2 7/7/2 
f 7/7/2 8/8/2 5/5/2 
f 9/9/3 7/7/3 6/6/3 
f 6/6/3 10/10/3 9/9/3 
f 1/1/4 4/4/4 9/9/4 
f 9/9/4 10/10/4 1/1/4 
f 11/11/5 5/5/5 8/8/5 
f 8/8/5 12/12/5 11/11/5 
f 13/13/6 14/14/6 15/15/6 
f 13/13/6 15/15/6 16/16/6 
f 13/13/6 16/16/6 17/17/6 
f 18/18/6 13/13/6 17/17/6 
f 2/19/7 11/11/7 12/12/7 
f 12/12/7 3/20/7 2/19/7 
f 12/12/8 19/21/8 20/22/8 
f 20/22/8 3/20/8 12/12/8 
f 2/19/9 13/23/9 18/24/9 
f 18/24/9 11/11/9 2/19/9 
f 8/8/10 21/25/10 19/21/10 
f 19/21/10 12/12/10 8/8/10 
f 5/5/11 11/11/11 18/24/11 
f 18/24/11 17/26/11 5/5/11 
f 7/7/12 22/27/12 21/25/12 
f 21/25/12 8/8/12 7/7/12 
f 5/5/13 17/26/13 16/28/13 
f 16/28/13 6/6/13 5/5/13 
f 23/29/14 22/27/14 7/7/14 
f 7/7/14 9/9/14 23/29/14 
f 16/28/15 15/30/15 10/10/15 
f 10/10/15 6/6/15 16/28/15 
f 9/9/16 4/4/16 24/31/16 
f 24/31/16 23/29/16 9/9/16 
f 14/32/17 1/1/17 10/10/17 
f 10/10/17 15/30/17 14/32/17 
f 20/33/18 24/31/18 4/4/18 
f 4/4/18 3/3/18 20/33/18 
f 1/1/19 14/32/19 13/34/19 
f 13/34/19 2/2/19 1/1/19 
f 19/35/20 21/36/20 22/37/20 
f 19/35/20 22/37/20 23/38/20 
f 20/39/20 19/35/20 23/38/20 
f 20/39/20 23/38/20 24/40/20 
# 44 faces

#
# object Cylinder_001_Cylinder_002
#

v  0.2480 0.0481 0.2342
v  0.5550 0.0470 0.2364
v  0.5552 0.0939 0.2231
v  0.2483 0.0950 0.2209
v  -0.2921 0.0014 0.2340
v  -0.6075 0.0025 0.2316
v  -0.6075 -0.0459 0.2259
v  -0.2922 -0.0470 0.2283
v  -0.6076 -0.0923 0.2108
v  -0.2922 -0.0934 0.2132
v  -0.6077 -0.1348 0.1870
v  -0.2923 -0.1359 0.1893
v  -0.6075 -0.1719 0.1553
v  -0.2921 -0.1730 0.1576
v  -0.2919 -0.2032 0.1194
v  -0.6073 -0.2021 0.1171
v  -0.6071 -0.2242 0.0736
v  -0.2917 -0.2253 0.0760
v  -0.6068 -0.2375 0.0267
v  -0.2914 -0.2386 0.0291
v  -0.6064 -0.2413 -0.0219
v  -0.2910 -0.2424 -0.0195
v  -0.6060 -0.2356 -0.0703
v  -0.2907 -0.2367 -0.0679
v  -0.6057 -0.2205 -0.1167
v  -0.2903 -0.2216 -0.1143
v  -0.6053 -0.1967 -0.1592
v  -0.2899 -0.1978 -0.1568
v  -0.2895 -0.1662 -0.1939
v  -0.6049 -0.1651 -0.1963
v  -0.2891 -0.1279 -0.2241
v  -0.6045 -0.1268 -0.2265
v  -0.2888 -0.0845 -0.2462
v  -0.6042 -0.0833 -0.2486
v  -0.3084 -0.0078 -0.2601
v  -0.3060 -0.0358 -0.2578
v  -0.2912 -0.0540 -0.2563
v  -0.6039 -0.0364 -0.2619
v  -0.2687 -0.0570 -0.2559
v  -0.6037 0.0122 -0.2657
v  -0.3083 0.0111 -0.2635
v  -0.3082 0.0595 -0.2578
v  -0.6036 0.0606 -0.2600
v  -0.6035 0.1070 -0.2449
v  -0.3082 0.1059 -0.2427
v  -0.6035 0.1495 -0.2211
v  -0.3081 0.1485 -0.2189
v  -0.6037 0.1866 -0.1895
v  -0.3082 0.1617 -0.2050
v  -0.2909 0.1969 -0.1748
v  -0.3058 0.1831 -0.1868
v  -0.6038 0.2168 -0.1512
v  -0.2684 0.1990 -0.1727
v  -0.2885 0.2156 -0.1488
v  -0.6041 0.2389 -0.1077
v  -0.2887 0.2378 -0.1053
v  -0.6044 0.2522 -0.0608
v  -0.2890 0.2510 -0.0584
v  -0.6048 0.2560 -0.0122
v  -0.2894 0.2549 -0.0098
v  -0.6051 0.2503 0.0362
v  -0.2897 0.2491 0.0386
v  -0.6055 0.2352 0.0826
v  -0.2901 0.2341 0.0850
v  -0.6059 0.2114 0.1251
v  -0.2905 0.2103 0.1275
v  -0.6063 0.1797 0.1622
v  -0.2909 0.1786 0.1646
v  -0.6067 0.1415 0.1924
v  -0.2913 0.1403 0.1948
v  -0.6070 0.0980 0.2145
v  -0.2916 0.0969 0.2169
v  0.1897 0.1718 -0.2927
v  -0.2249 0.1733 -0.2958
v  -0.2249 0.1798 -0.2937
v  0.1898 0.1783 -0.2906
v  -0.6073 0.0511 0.2278
v  -0.2919 0.0500 0.2302
v  0.5556 0.1373 0.2011
v  0.2487 0.1384 0.1988
v  0.1899 0.2035 -0.3035
v  -0.2247 0.2050 -0.3066
v  -0.2240 0.2301 -0.3838
v  0.1906 0.2286 -0.3807
v  0.5559 0.1756 0.1709
v  0.2490 0.1767 0.1686
v  0.2494 0.2084 0.1315
v  0.5563 0.2073 0.1338
v  0.5567 0.2311 0.0913
v  0.2498 0.2322 0.0890
v  0.5571 0.2461 0.0449
v  0.2501 0.2472 0.0426
v  0.5575 0.2519 -0.0035
v  0.2506 0.2529 -0.0058
v  0.5579 0.2480 -0.0521
v  0.2510 0.2491 -0.0544
v  0.5581 0.2348 -0.0990
v  0.2512 0.2359 -0.1013
v  0.5584 0.2126 -0.1425
v  0.2514 0.2137 -0.1448
v  0.2716 0.1597 -0.2007
v  0.2691 0.1810 -0.1825
v  0.2541 0.1949 -0.1707
v  0.5585 0.1824 -0.1808
v  0.2316 0.1973 -0.1690
v  0.5586 0.1454 -0.2124
v  0.2717 0.1464 -0.2146
v  0.5587 0.1028 -0.2362
v  0.2717 0.1038 -0.2384
v  0.5586 0.0565 -0.2513
v  0.2717 0.0575 -0.2535
v  0.5585 0.0080 -0.2570
v  0.2716 0.0091 -0.2592
v  0.5583 -0.0406 -0.2532
v  0.2715 -0.0099 -0.2558
v  0.2512 -0.0864 -0.2422
v  0.2313 -0.0588 -0.2522
v  0.2538 -0.0560 -0.2522
v  0.5580 -0.0875 -0.2399
v  0.2688 -0.0378 -0.2535
v  0.5577 -0.1309 -0.2178
v  0.2508 -0.1298 -0.2201
v  0.5574 -0.1692 -0.1876
v  0.2505 -0.1681 -0.1899
v  0.5570 -0.2008 -0.1505
v  0.2501 -0.1998 -0.1528
v  0.5566 -0.2247 -0.1081
v  0.2497 -0.2236 -0.1103
v  0.5561 -0.2397 -0.0617
v  0.2492 -0.2386 -0.0639
v  0.5558 -0.2454 -0.0133
v  0.2489 -0.2443 -0.0155
v  0.5554 -0.2416 0.0353
v  0.2485 -0.2405 0.0331
v  0.5552 -0.2284 0.0822
v  0.2483 -0.2273 0.0800
v  0.5549 -0.2062 0.1257
v  0.2479 -0.2051 0.1235
v  0.2478 -0.1749 0.1617
v  0.5547 -0.1760 0.1639
v  0.5546 -0.1389 0.1956
v  0.2477 -0.1379 0.1934
v  0.2476 -0.0953 0.2172
v  0.5546 -0.0964 0.2194
v  0.5546 -0.0500 0.2345
v  0.2477 -0.0489 0.2323
v  0.5548 -0.0016 0.2402
v  0.2479 -0.0005 0.2380
v  -0.6266 0.1307 0.1753
v  -0.6263 0.1659 0.1476
v  -0.6259 0.1950 0.1135
v  -0.6268 0.0908 0.1957
v  -0.6255 0.2169 0.0744
v  -0.6251 0.2307 0.0318
v  -0.6248 0.2360 -0.0127
v  -0.6244 0.2324 -0.0574
v  -0.6242 0.2203 -0.1005
v  -0.6240 0.1999 -0.1404
v  -0.6239 0.1722 -0.1756
v  -0.6237 0.1381 -0.2047
v  -0.6237 0.0990 -0.2266
v  -0.6238 0.0564 -0.2405
v  -0.6238 0.0119 -0.2457
v  -0.6241 -0.0328 -0.2422
v  -0.6243 -0.0759 -0.2300
v  -0.6246 -0.1159 -0.2097
v  -0.6249 -0.1510 -0.1819
v  -0.6253 -0.1801 -0.1478
v  -0.6257 -0.2020 -0.1087
v  -0.6260 -0.2159 -0.0661
v  -0.6264 -0.2211 -0.0216
v  -0.6266 -0.2176 0.0231
v  -0.6270 -0.2054 0.0662
v  -0.6272 -0.1851 0.1061
v  -0.6273 -0.1573 0.1413
v  -0.6274 -0.1233 0.1704
v  -0.6275 -0.0841 0.1923
v  -0.6274 -0.0415 0.2061
v  -0.6273 0.0030 0.2114
v  -0.6271 0.0476 0.2079
v  0.2519 0.1529 -0.2345
v  0.2532 0.2029 -0.3885
v  0.2533 0.2267 -0.3808
v  0.2519 0.1735 -0.2169
v  0.2517 0.0156 -0.2791
v  0.2531 0.0656 -0.4331
v  0.2532 0.1110 -0.4183
v  0.2519 0.0640 -0.2733
v  -0.2880 0.1122 -0.2623
v  -0.2880 0.1548 -0.2385
v  -0.2866 0.2048 -0.3925
v  -0.2867 0.1593 -0.4073
v  0.2516 -0.0115 -0.2770
v  0.2530 0.0417 -0.4408
v  -0.2883 -0.0095 -0.2810
v  -0.2882 0.0175 -0.2831
v  -0.2868 0.0675 -0.4371
v  -0.2869 0.0437 -0.4448
v  -0.2448 0.1341 -0.3297
v  -0.2448 0.0877 -0.3448
v  -0.2441 0.1128 -0.4220
v  -0.2441 0.1592 -0.4070
v  -0.2684 -0.0314 -0.2784
v  -0.2669 0.0246 -0.4509
v  0.2330 0.0228 -0.4472
v  0.2315 -0.0332 -0.2747
v  0.2106 0.1576 -0.4036
v  0.2105 0.1112 -0.4186
v  0.2098 0.0861 -0.3414
v  0.2099 0.1325 -0.3263
v  0.2100 0.1780 -0.3115
v  0.2100 0.1844 -0.3094
v  0.2106 0.2095 -0.3867
v  0.2105 0.2030 -0.3888
v  -0.2545 0.0365 -0.4679
v  -0.2241 0.0344 -0.4684
v  0.1905 0.0329 -0.4653
v  0.2210 0.0348 -0.4644
v  0.2409 0.0472 -0.4602
v  0.2199 0.0426 -0.4619
v  -0.2534 0.0443 -0.4654
v  0.2104 0.0593 -0.4355
v  0.2097 0.0342 -0.3582
v  0.2098 0.0406 -0.3561
v  0.2105 0.0657 -0.4334
v  -0.2868 0.1130 -0.4223
v  -0.2880 0.0659 -0.2773
v  -0.2681 0.1916 -0.2060
v  0.2318 0.1898 -0.2023
v  0.2332 0.2458 -0.3748
v  -0.2666 0.2476 -0.3785
v  0.2520 0.1103 -0.2583
v  0.2532 0.1574 -0.4033
v  -0.2440 0.2047 -0.3922
v  -0.2447 0.1796 -0.3149
v  -0.2441 0.2111 -0.3901
v  -0.2447 0.1860 -0.3128
v  -0.2442 0.0673 -0.4368
v  -0.2449 0.0422 -0.3595
v  -0.2867 0.2286 -0.3848
v  -0.2881 0.1754 -0.2209
v  -0.2666 0.1654 -0.4262
v  -0.2665 0.2109 -0.4114
v  -0.2639 0.2109 -0.4114
v  -0.2639 0.1654 -0.4262
v  -0.2775 0.0672 -0.4582
v  -0.2744 0.0490 -0.4640
v  -0.2667 0.0736 -0.4560
v  -0.2641 0.0736 -0.4560
v  0.1904 0.0403 -0.4419
v  -0.2243 0.0418 -0.4450
v  -0.2249 0.0167 -0.3677
v  0.1898 0.0152 -0.3646
v  -0.2449 0.0358 -0.3616
v  -0.2442 0.0609 -0.4389
v  -0.2640 0.1191 -0.4412
v  -0.2667 0.1191 -0.4412
v  0.1908 0.2483 -0.3953
v  -0.2238 0.2498 -0.3984
v  -0.2543 0.2479 -0.3993
v  0.2212 0.2462 -0.3958
v  -0.2742 0.2355 -0.4034
v  -0.2532 0.2401 -0.4018
v  0.2201 0.2384 -0.3983
v  -0.2772 0.2174 -0.4094
v  0.2439 0.0653 -0.4543
v  0.2306 0.0718 -0.4523
v  0.2332 0.0718 -0.4523
v  0.2441 0.2155 -0.4055
v  0.2411 0.2337 -0.3996
v  0.2334 0.2091 -0.4077
v  0.2308 0.2091 -0.4077
v  0.2306 0.1173 -0.4375
v  0.2307 0.1637 -0.4225
v  0.2333 0.1637 -0.4225
v  0.2333 0.1173 -0.4375
v  0.1897 0.1264 -0.3075
v  -0.2250 0.1278 -0.3106
v  0.1896 0.0800 -0.3225
v  0.1896 0.0345 -0.3373
v  -0.2250 0.0360 -0.3404
v  -0.2249 0.0815 -0.3256
v  0.1896 0.0281 -0.3394
v  -0.2250 0.0295 -0.3425
v  -0.2458 0.2145 -0.4006
v  -0.2444 0.2269 -0.3978
v  -0.2428 0.2219 -0.3866
v  -0.2582 0.2170 -0.4080
v  -0.2549 0.2316 -0.4036
v  -0.2439 0.2401 -0.4008
v  -0.2239 0.2419 -0.3998
v  -0.2239 0.2344 -0.3944
v  -0.2371 0.2337 -0.3959
v  -0.2354 0.2289 -0.3842
v  0.2020 0.2274 -0.3810
v  0.1908 0.2330 -0.3913
v  0.2039 0.2322 -0.3926
v  0.1908 0.2404 -0.3967
v  0.2108 0.2384 -0.3974
v  0.2217 0.2299 -0.4000
v  0.2251 0.2152 -0.4044
v  0.2125 0.2129 -0.3972
v  0.2112 0.2253 -0.3944
v  0.2094 0.2203 -0.3832
v  -0.2356 0.0430 -0.4446
v  -0.2242 0.0445 -0.4561
v  -0.2373 0.0459 -0.4569
v  -0.2241 0.0416 -0.4648
v  -0.2441 0.0438 -0.4646
v  -0.2550 0.0523 -0.4618
v  -0.2584 0.0667 -0.4568
v  -0.2460 0.0643 -0.4494
v  -0.2446 0.0526 -0.4544
v  -0.2430 0.0501 -0.4424
v  0.2036 0.0444 -0.4536
v  0.1905 0.0430 -0.4530
v  0.2017 0.0414 -0.4414
v  0.2092 0.0485 -0.4390
v  0.2110 0.0509 -0.4510
v  0.2124 0.0627 -0.4460
v  0.2216 0.0506 -0.4583
v  0.2249 0.0650 -0.4532
v  0.2106 0.0421 -0.4612
v  0.1906 0.0401 -0.4617
v  0.2429 -0.0312 -0.2769
v  0.2442 -0.0364 -0.2639
v  0.2314 -0.0377 -0.2640
v  0.2515 -0.0272 -0.2644
v  0.2504 -0.0231 -0.2778
v  0.2527 -0.0106 -0.2661
v  0.2577 -0.0325 -0.2562
v  0.2602 -0.0100 -0.2581
v  0.2483 -0.0450 -0.2551
v  0.2314 -0.0477 -0.2552
v  -0.2794 0.1913 -0.2092
v  -0.2810 0.1878 -0.1956
v  -0.2682 0.1889 -0.1946
v  -0.2882 0.1808 -0.2015
v  -0.2869 0.1853 -0.2147
v  -0.2894 0.1683 -0.2126
v  -0.2969 0.1632 -0.2066
v  -0.2944 0.1803 -0.1918
v  -0.2852 0.1897 -0.1835
v  -0.2683 0.1918 -0.1817
v  0.2485 0.1878 -0.1795
v  0.2316 0.1900 -0.1780
v  0.2578 0.1783 -0.1877
v  0.2605 0.1612 -0.2025
v  0.2529 0.1664 -0.2086
v  0.2517 0.1789 -0.1975
v  0.2506 0.1834 -0.2107
v  0.2445 0.1860 -0.1917
v  0.2431 0.1895 -0.2053
v  0.2317 0.1871 -0.1909
v  -0.2885 -0.0253 -0.2684
v  -0.2896 -0.0087 -0.2701
v  -0.2871 -0.0212 -0.2818
v  -0.2797 -0.0294 -0.2808
v  -0.2813 -0.0345 -0.2678
v  -0.2685 -0.0359 -0.2677
v  -0.2685 -0.0459 -0.2589
v  -0.2854 -0.0431 -0.2591
v  -0.2947 -0.0306 -0.2603
v  -0.2971 -0.0080 -0.2622
v  0.2447 0.2482 -0.3864
v  0.2292 0.2505 -0.3856
v  0.2486 0.2436 -0.3753
v  0.2563 0.2363 -0.3776
v  0.2513 0.2419 -0.3883
v  0.2486 0.2320 -0.3913
v  0.2358 0.2365 -0.3980
v  0.2404 0.2458 -0.3941
v  0.2242 0.2476 -0.3945
v  -0.2748 0.2468 -0.3979
v  -0.2561 0.2473 -0.3983
v  -0.2722 0.2374 -0.4015
v  -0.2847 0.2331 -0.3950
v  -0.2841 0.2444 -0.3922
v  -0.2854 0.2394 -0.3813
v  -0.2779 0.2465 -0.3790
v  -0.2766 0.2498 -0.3906
v  -0.2613 0.2502 -0.3894
v  -0.2820 0.0456 -0.4565
v  -0.2847 0.0358 -0.4599
v  -0.2899 0.0341 -0.4480
v  -0.2738 0.0360 -0.4666
v  -0.2692 0.0458 -0.4643
v  -0.2575 0.0347 -0.4678
v  -0.2627 0.0271 -0.4622
v  -0.2782 0.0295 -0.4619
v  -0.2822 0.0268 -0.4503
v  0.2483 0.0437 -0.4526
v  0.2561 0.0321 -0.4439
v  0.2510 0.0339 -0.4559
v  0.2446 0.0277 -0.4580
v  0.2484 0.0249 -0.4464
v  0.2290 0.0254 -0.4586
v  0.2239 0.0330 -0.4642
v  0.2402 0.0342 -0.4628
v  0.2357 0.0440 -0.4605
v  0.1898 0.1993 -0.2926
v  0.2016 0.2028 -0.3036
v  0.2017 0.1983 -0.2925
v  0.2093 0.1955 -0.3058
v  0.2083 0.1921 -0.2944
v  0.2092 0.1808 -0.2983
v  0.2014 0.1785 -0.2912
v  0.2017 0.1901 -0.2883
v  0.1898 0.1896 -0.2877
v  -0.2432 0.1937 -0.2978
v  -0.2441 0.1824 -0.3017
v  -0.2441 0.1971 -0.3092
v  -0.2364 0.2044 -0.3068
v  -0.2367 0.1999 -0.2958
v  -0.2248 0.2007 -0.2957
v  -0.2249 0.1911 -0.2908
v  -0.2368 0.1916 -0.2916
v  -0.2366 0.1800 -0.2945
v  -0.2365 0.0174 -0.3676
v  -0.2369 0.0145 -0.3560
v  -0.2250 0.0137 -0.3564
v  -0.2442 0.0247 -0.3652
v  -0.2434 0.0208 -0.3540
v  -0.2444 0.0322 -0.3505
v  -0.2367 0.0298 -0.3432
v  -0.2370 0.0187 -0.3477
v  -0.2251 0.0186 -0.3467
v  0.1897 0.0123 -0.3533
v  0.2016 0.0130 -0.3527
v  0.2015 0.0158 -0.3643
v  0.1896 0.0172 -0.3436
v  0.2015 0.0172 -0.3444
v  0.2013 0.0282 -0.3399
v  0.2082 0.0192 -0.3506
v  0.2090 0.0306 -0.3471
v  0.2090 0.0231 -0.3618
v  0.5663 0.0468 0.2359
v  0.5666 0.0936 0.2227
v  0.5745 0.0454 0.2280
v  0.5747 0.0907 0.2152
v  0.5753 0.0865 0.2046
v  0.5752 0.0434 0.2168
v  -0.6184 0.0979 0.2139
v  -0.6186 0.0510 0.2271
v  -0.6263 0.0949 0.2063
v  -0.6266 0.0497 0.2191
v  0.5662 -0.0017 0.2397
v  0.5742 -0.0015 0.2317
v  0.5749 -0.0013 0.2203
v  -0.6188 0.0026 0.2309
v  -0.6268 0.0028 0.2228
v  0.5660 -0.0500 0.2340
v  0.5741 -0.0483 0.2262
v  0.5748 -0.0458 0.2150
v  -0.6189 -0.0457 0.2252
v  -0.6269 -0.0440 0.2173
v  0.5659 -0.0962 0.2190
v  0.5741 -0.0930 0.2117
v  0.5748 -0.0884 0.2012
v  -0.6190 -0.0920 0.2102
v  -0.6270 -0.0887 0.2028
v  0.5660 -0.1386 0.1952
v  0.5741 -0.1341 0.1887
v  0.5747 -0.1275 0.1793
v  -0.6190 -0.1344 0.1864
v  -0.6269 -0.1298 0.1798
v  0.5660 -0.1756 0.1636
v  0.5742 -0.1698 0.1581
v  0.5748 -0.1616 0.1502
v  -0.6188 -0.1714 0.1548
v  -0.6269 -0.1656 0.1492
v  0.5662 -0.2058 0.1254
v  0.5744 -0.1990 0.1212
v  0.5750 -0.1894 0.1150
v  -0.6186 -0.2015 0.1166
v  -0.6267 -0.1947 0.1123
v  0.5665 -0.2278 0.0821
v  0.5746 -0.2203 0.0793
v  0.5753 -0.2097 0.0751
v  -0.6184 -0.2236 0.0733
v  -0.6264 -0.2161 0.0704
v  0.5668 -0.2411 0.0353
v  0.5749 -0.2331 0.0340
v  0.5755 -0.2219 0.0320
v  -0.6182 -0.2368 0.0265
v  -0.6262 -0.2288 0.0251
v  0.5672 -0.2449 -0.0132
v  0.5753 -0.2368 -0.0129
v  0.5759 -0.2254 -0.0127
v  -0.6178 -0.2407 -0.0220
v  -0.6258 -0.2325 -0.0218
v  0.5675 -0.2392 -0.0615
v  0.5756 -0.2313 -0.0596
v  0.5762 -0.2202 -0.0572
v  -0.6174 -0.2349 -0.0703
v  -0.6255 -0.2270 -0.0685
v  0.5680 -0.2242 -0.1077
v  0.5759 -0.2168 -0.1044
v  0.5766 -0.2063 -0.0998
v  -0.6170 -0.2199 -0.1165
v  -0.6250 -0.2125 -0.1133
v  0.5683 -0.2004 -0.1502
v  0.5763 -0.1938 -0.1455
v  0.5769 -0.1844 -0.1389
v  -0.6166 -0.1962 -0.1590
v  -0.6246 -0.1895 -0.1544
v  0.5688 -0.1688 -0.1872
v  0.5767 -0.1632 -0.1812
v  0.5772 -0.1553 -0.1730
v  -0.6162 -0.1646 -0.1960
v  -0.6243 -0.1590 -0.1901
v  0.5691 -0.1306 -0.2173
v  0.5771 -0.1263 -0.2104
v  0.5777 -0.1201 -0.2008
v  -0.6159 -0.1264 -0.2261
v  -0.6239 -0.1220 -0.2193
v  0.5693 -0.0873 -0.2394
v  0.5774 -0.0844 -0.2317
v  0.5779 -0.0802 -0.2211
v  -0.6155 -0.0831 -0.2482
v  -0.6237 -0.0801 -0.2406
v  0.5696 -0.0405 -0.2526
v  0.5777 -0.0391 -0.2445
v  0.5782 -0.0371 -0.2333
v  -0.6153 -0.0363 -0.2614
v  -0.6234 -0.0348 -0.2534
v  0.5699 0.0080 -0.2564
v  0.5778 0.0078 -0.2482
v  0.5783 0.0076 -0.2368
v  -0.6151 0.0122 -0.2652
v  -0.6232 0.0121 -0.2571
v  0.5700 0.0563 -0.2507
v  0.5780 0.0545 -0.2427
v  0.5785 0.0521 -0.2316
v  -0.6149 0.0605 -0.2595
v  -0.6231 0.0588 -0.2516
v  -0.2861 0.1628 -0.4181
v  -0.2861 0.1165 -0.4331
v  -0.2779 0.1653 -0.4257
v  -0.2780 0.1189 -0.4408
v  0.5700 0.1025 -0.2357
v  0.5781 0.0993 -0.2282
v  0.5785 0.0947 -0.2177
v  -0.6149 0.1068 -0.2445
v  -0.6230 0.1036 -0.2371
v  0.5700 0.1450 -0.2119
v  0.5780 0.1403 -0.2052
v  0.5785 0.1338 -0.1958
v  -0.6149 0.1492 -0.2207
v  -0.6231 0.1446 -0.2141
v  0.2526 0.1146 -0.4291
v  0.2526 0.1609 -0.4141
v  0.2446 0.1171 -0.4369
v  0.2447 0.1634 -0.4218
v  0.5699 0.1820 -0.1803
v  0.5779 0.1761 -0.1746
v  0.5784 0.1679 -0.1667
v  -0.6151 0.1862 -0.1891
v  -0.6231 0.1804 -0.1835
v  0.5697 0.2121 -0.1422
v  0.5777 0.2053 -0.1377
v  0.5782 0.1956 -0.1315
v  -0.6152 0.2163 -0.1510
v  -0.6233 0.2095 -0.1466
v  0.5695 0.2342 -0.0988
v  0.5775 0.2266 -0.0958
v  0.5780 0.2160 -0.0916
v  -0.6155 0.2384 -0.1076
v  -0.6236 0.2309 -0.1047
v  0.5691 0.2474 -0.0520
v  0.5772 0.2394 -0.0505
v  0.5777 0.2282 -0.0485
v  -0.6157 0.2516 -0.0608
v  -0.6238 0.2437 -0.0594
v  0.5689 0.2512 -0.0035
v  0.5769 0.2431 -0.0036
v  0.5774 0.2317 -0.0038
v  -0.6161 0.2554 -0.0123
v  -0.6242 0.2474 -0.0125
v  0.5684 0.2455 0.0448
v  0.5764 0.2376 0.0431
v  0.5771 0.2264 0.0407
v  -0.6164 0.2497 0.0360
v  -0.6245 0.2419 0.0342
v  0.5681 0.2305 0.0910
v  0.5761 0.2231 0.0879
v  0.5767 0.2126 0.0833
v  -0.6169 0.2347 0.0822
v  -0.6250 0.2273 0.0790
v  0.5677 0.2067 0.1335
v  0.5757 0.2001 0.1289
v  0.5764 0.1907 0.1224
v  -0.6173 0.2109 0.1247
v  -0.6253 0.2043 0.1200
v  0.5673 0.1752 0.1704
v  0.5753 0.1695 0.1647
v  0.5760 0.1616 0.1565
v  -0.6177 0.1794 0.1616
v  -0.6257 0.1738 0.1558
v  0.5669 0.1370 0.2006
v  0.5750 0.1326 0.1939
v  0.5756 0.1264 0.1842
v  -0.6180 0.1412 0.1918
v  -0.6260 0.1369 0.1850
v  -0.2861 0.0710 -0.4479
v  -0.2781 0.0734 -0.4555
v  -0.2860 0.2083 -0.4033
v  -0.2779 0.2108 -0.4110
v  0.2527 0.2064 -0.3993
v  0.2448 0.2089 -0.4071
v  0.2526 0.0691 -0.4439
v  0.2446 0.0716 -0.4516
v  0.2602 0.0093 -0.2599
v  0.2522 0.0119 -0.2678
v  -0.2968 0.1061 -0.2432
v  -0.2968 0.0597 -0.2583
v  -0.2887 0.1086 -0.2510
v  -0.2888 0.0622 -0.2661
v  -0.2970 0.0113 -0.2640
v  -0.2888 0.0138 -0.2718
v  -0.2526 0.1652 -0.4255
v  -0.2527 0.1188 -0.4406
v  -0.2447 0.1627 -0.4178
v  -0.2446 0.1163 -0.4328
v  0.2193 0.1172 -0.4371
v  0.2193 0.1635 -0.4220
v  0.2111 0.1147 -0.4294
v  0.2112 0.1611 -0.4144
v  -0.2527 0.0734 -0.4553
v  -0.2447 0.0708 -0.4476
v  -0.2525 0.2107 -0.4108
v  -0.2446 0.2082 -0.4030
v  0.2194 0.2090 -0.4073
v  0.2113 0.2065 -0.3996
v  0.2192 0.0717 -0.4518
v  0.2112 0.0692 -0.4442
v  -0.2443 0.1306 -0.3189
v  -0.2443 0.0842 -0.3340
v  -0.2362 0.1281 -0.3112
v  -0.2363 0.0817 -0.3262
v  0.2091 0.0826 -0.3306
v  0.2092 0.1290 -0.3155
v  0.2011 0.0801 -0.3230
v  0.2010 0.1265 -0.3080
v  -0.2444 0.0387 -0.3487
v  -0.2364 0.0362 -0.3411
v  -0.2442 0.1761 -0.3041
v  -0.2363 0.1735 -0.2964
v  0.2092 0.1744 -0.3007
v  0.2011 0.1720 -0.2932
v  0.2091 0.0371 -0.3453
v  0.2010 0.0347 -0.3378
v  -0.2968 0.1486 -0.2194
v  -0.2887 0.1512 -0.2273
v  0.2604 0.1466 -0.2153
v  0.2524 0.1492 -0.2233
v  0.2604 0.1041 -0.2391
v  0.2524 0.1067 -0.2470
v  0.2603 0.0577 -0.2542
v  0.2524 0.0603 -0.2621
# 660 vertices

vn -0.0067 0.1760 0.9844
vn -0.0056 0.3647 0.9311
vn -0.0075 -0.0194 0.9998
vn -0.0081 -0.2141 0.9768
vn -0.0082 -0.4006 0.9163
vn -0.0081 -0.5716 0.8205
vn -0.0078 -0.7207 0.6932
vn -0.0070 -0.8421 0.5393
vn -0.0060 -0.9311 0.3647
vn -0.0048 -0.9844 0.1760
vn -0.0035 -0.9998 -0.0194
vn -0.0019 -0.9768 -0.2141
vn -0.0003 -0.9163 -0.4006
vn 0.0013 -0.8205 -0.5716
vn 0.0029 -0.6932 -0.7207
vn 0.0044 -0.5393 -0.8421
vn 0.0056 -0.3557 -0.9346
vn 0.0058 -0.3378 -0.9412
vn -0.0669 -0.1392 -0.9880
vn -0.0735 -0.1807 -0.9808
vn -0.0335 -0.2186 -0.9753
vn 0.0090 -0.1653 -0.9862
vn -0.0002 -0.2766 -0.9610
vn 0.0098 0.0051 -1.0000
vn 0.0081 0.2141 -0.9768
vn 0.0082 0.4006 -0.9163
vn 0.0105 0.5834 -0.8121
vn 0.0100 0.7131 -0.7009
vn -0.0659 0.6933 -0.7177
vn -0.0323 0.7498 -0.6608
vn -0.0725 0.7226 -0.6875
vn 0.0071 0.8263 -0.5632
vn 0.0011 0.7884 -0.6152
vn 0.0071 0.8369 -0.5474
vn 0.0060 0.9311 -0.3647
vn 0.0048 0.9844 -0.1760
vn 0.0035 0.9998 0.0194
vn 0.0019 0.9768 0.2141
vn 0.0003 0.9163 0.4006
vn -0.0013 0.8205 0.5716
vn -0.0029 0.6932 0.7207
vn -0.0044 0.5393 0.8421
vn 0.0082 0.3088 -0.9511
vn -0.0011 -0.9511 -0.3088
vn 0.0814 0.6926 -0.7166
vn 0.0879 0.7221 -0.6862
vn 0.0475 0.7497 -0.6602
vn 0.0054 0.7133 -0.7009
vn 0.0137 0.7884 -0.6150
vn 0.0056 0.5833 -0.8122
vn 0.0049 0.0051 -1.0000
vn 0.0044 -0.1654 -0.9862
vn 0.0804 -0.1397 -0.9869
vn 0.0124 -0.2766 -0.9609
vn 0.0463 -0.2188 -0.9747
vn 0.0869 -0.1814 -0.9796
vn -1.0000 0.0036 -0.0074
vn 1.0000 -0.0036 0.0074
vn -0.0082 -0.3088 0.9511
vn 0.0011 0.9511 0.3088
vn 0.9962 -0.0088 -0.0870
vn 0.8549 0.2134 -0.4729
vn 0.7025 -0.2152 -0.6784
vn 0.9014 -0.3814 -0.2046
vn 0.2595 0.3647 -0.8942
vn 0.2357 0.1626 -0.9582
vn 0.0647 0.3260 -0.9431
vn 0.0575 0.2778 -0.9589
vn 0.1588 -0.0186 -0.9871
vn 0.0400 0.2380 -0.9704
vn 0.0376 -0.2047 -0.9781
vn 0.0155 0.1819 -0.9832
vn 0.0545 -0.7824 -0.6204
vn 0.3390 -0.6323 -0.6966
vn 0.4105 -0.8470 -0.3380
vn 0.0599 -0.9318 -0.3580
vn -0.4115 -0.8440 -0.3441
vn -0.0611 -0.9314 -0.3590
vn -0.0509 -0.7820 -0.6212
vn -0.3331 -0.6299 -0.7016
vn -0.0244 -0.2045 -0.9786
vn -0.1444 -0.0176 -0.9894
vn 0.0003 0.1819 -0.9833
vn -0.0240 0.2382 -0.9709
vn -0.0413 0.2782 -0.9596
vn -0.2203 0.1642 -0.9616
vn -0.0483 0.3264 -0.9440
vn -0.2435 0.3665 -0.8979
vn -0.8462 0.2194 -0.4855
vn -0.6939 -0.2102 -0.6888
vn -0.9948 -0.0018 -0.1018
vn -0.9010 -0.3750 -0.2180
vn 0.4124 0.8830 0.2239
vn 0.0620 0.9643 0.2577
vn 0.0566 0.9975 -0.0424
vn 0.3408 0.9202 -0.1925
vn 0.0386 0.7402 -0.6712
vn 0.1596 0.5948 -0.7879
vn 0.0402 0.3775 -0.9251
vn 0.0158 0.4304 -0.9025
vn 0.2360 0.4309 -0.8711
vn 0.0576 0.3384 -0.9392
vn 0.2593 0.2297 -0.9381
vn 0.0646 0.2902 -0.9547
vn 0.8548 0.1034 -0.5086
vn 0.7034 0.5712 -0.4231
vn 0.9962 0.0562 -0.0659
vn 0.9024 0.4270 0.0579
vn -0.3313 0.9226 -0.1975
vn -0.0488 0.9979 -0.0432
vn -0.0590 0.9647 0.2568
vn -0.4094 0.8860 0.2178
vn -0.9002 0.4334 0.0445
vn -0.6930 0.5762 -0.4335
vn -0.9947 0.0632 -0.0807
vn -0.8463 0.1094 -0.5212
vn -0.2200 0.4325 -0.8745
vn -0.2437 0.2315 -0.9418
vn -0.0484 0.2906 -0.9556
vn -0.0412 0.3388 -0.9399
vn -0.1436 0.5958 -0.7902
vn -0.0238 0.3777 -0.9256
vn 0.0006 0.4304 -0.9026
vn -0.0234 0.7404 -0.6717
vn 0.4295 -0.8461 -0.3156
vn 0.3731 -0.7096 -0.5977
vn 0.0491 -0.8121 -0.5815
vn 0.0717 -0.9294 -0.3622
vn 0.7848 -0.3643 -0.5013
vn 0.9150 -0.3741 -0.1512
vn 0.9991 -0.0040 -0.0406
vn 0.9106 -0.0726 -0.4067
vn 0.3804 -0.2353 -0.8944
vn 0.4612 -0.1099 -0.8805
vn 0.1794 -0.3754 -0.9093
vn 0.0341 -0.4646 -0.8849
vn -0.0647 0.9655 0.2523
vn -0.4248 0.8746 0.2335
vn -0.3673 0.9272 -0.0726
vn -0.0441 0.9990 0.0058
vn -0.7788 0.5932 -0.2038
vn -0.8984 0.4304 0.0881
vn -0.9948 0.0984 -0.0289
vn -0.9046 0.3023 -0.3005
vn -0.4479 0.6084 -0.6550
vn -0.3675 0.7178 -0.5913
vn -0.1671 0.8389 -0.5180
vn -0.0227 0.8960 -0.4436
vn 0.1807 0.8377 -0.5154
vn 0.0357 0.8958 -0.4431
vn 0.3814 0.7152 -0.5858
vn 0.4621 0.6052 -0.6483
vn 0.9112 0.2959 -0.2870
vn 0.7859 0.5876 -0.1922
vn 0.9992 0.0250 -0.0312
vn 0.9159 0.3896 0.0967
vn 0.3749 0.9246 -0.0670
vn 0.4314 0.8693 0.2414
vn 0.0738 0.9647 0.2529
vn 0.0513 0.9986 0.0065
vn -0.7799 -0.3587 -0.5129
vn -0.9050 -0.0662 -0.4202
vn -0.9984 0.0032 -0.0554
vn -0.9153 -0.3675 -0.1648
vn -0.4307 -0.8431 -0.3220
vn -0.3691 -0.7070 -0.6033
vn -0.0463 -0.8117 -0.5822
vn -0.0729 -0.9288 -0.3633
vn -0.0243 -0.4644 -0.8853
vn -0.1684 -0.3742 -0.9119
vn -0.3686 -0.2327 -0.9000
vn -0.4489 -0.1067 -0.8873
vn 0.3986 0.9124 -0.0933
vn 0.0714 0.9975 -0.0001
vn 0.1039 0.9407 0.3230
vn 0.4765 0.8481 0.2314
vn 0.9519 0.2999 -0.0629
vn 0.7878 0.4016 -0.4670
vn 0.9757 -0.0177 -0.2181
vn 0.7786 0.1468 -0.6101
vn 0.2613 0.3144 -0.9127
vn 0.3125 0.5976 -0.7383
vn 0.0355 0.3710 -0.9280
vn 0.0453 0.7316 -0.6803
vn -0.2847 0.6333 -0.7196
vn -0.0173 0.7316 -0.6815
vn -0.0249 0.3802 -0.9245
vn -0.2835 0.3292 -0.9007
vn -0.8607 0.1972 -0.4692
vn -0.7987 0.5020 -0.3319
vn -0.9940 0.0916 -0.0600
vn -0.9041 0.4197 0.0799
vn -0.4155 0.8749 0.2489
vn -0.3284 0.9410 -0.0825
vn -0.0656 0.9579 0.2793
vn -0.0201 0.9996 -0.0189
vn -0.7682 0.2435 -0.5920
vn -0.7785 -0.0467 -0.6260
vn -0.9492 -0.2009 -0.2419
vn -0.9724 0.1473 -0.1812
vn -0.2980 -0.0483 -0.9533
vn -0.2455 0.2830 -0.9272
vn -0.0195 0.2596 -0.9655
vn -0.0326 -0.1872 -0.9818
vn -0.0685 -0.8221 -0.5652
vn -0.3924 -0.6815 -0.6177
vn -0.1049 -0.9566 -0.2718
vn -0.4758 -0.8199 -0.3183
vn 0.7787 0.2379 -0.5805
vn 0.9760 0.1403 -0.1668
vn 0.9513 -0.2077 -0.2277
vn 0.7873 -0.0523 -0.6144
vn 0.3968 -0.6843 -0.6119
vn 0.4747 -0.8233 -0.3113
vn 0.0711 -0.8226 -0.5642
vn 0.1021 -0.9574 -0.2702
vn 0.0458 -0.1874 -0.9812
vn 0.3118 -0.0505 -0.9488
vn 0.0357 0.2594 -0.9651
vn 0.2613 0.2812 -0.9234
vn -0.0249 -0.7436 -0.6682
vn -0.0494 -0.9370 -0.3459
vn -0.4123 -0.8576 -0.3075
vn -0.3670 -0.6960 -0.6172
vn -0.9114 -0.3807 -0.1569
vn -0.8503 -0.2340 -0.4713
vn -0.9977 -0.0321 -0.0594
vn -0.9084 0.1097 -0.4033
vn -0.4026 0.2629 -0.8768
vn -0.3625 -0.0863 -0.9280
vn -0.0314 0.2688 -0.9627
vn -0.0203 -0.1035 -0.9944
vn 0.8556 -0.2400 -0.4587
vn 0.9151 0.1033 -0.3898
vn 0.9983 -0.0393 -0.0446
vn 0.9108 -0.3871 -0.1433
vn 0.4107 -0.8606 -0.3014
vn 0.3712 -0.6986 -0.6118
vn 0.0480 -0.9374 -0.3452
vn 0.0297 -0.7438 -0.6678
vn 0.0343 -0.1037 -0.9940
vn 0.3757 -0.0889 -0.9225
vn 0.0478 0.2686 -0.9621
vn 0.4174 0.2599 -0.8707
vn 0.4127 0.8725 0.2615
vn 0.3730 0.9240 -0.0848
vn 0.0316 0.9941 -0.1034
vn 0.0501 0.9612 0.2713
vn 0.9117 0.3956 0.1109
vn 0.8564 0.4620 -0.2307
vn 0.9151 0.1436 -0.3766
vn 0.9983 0.0558 -0.0137
vn 0.4175 0.3003 -0.8576
vn 0.3765 0.6132 -0.6945
vn 0.0478 0.3479 -0.9364
vn 0.0352 0.6679 -0.7435
vn -0.0230 0.9943 -0.1038
vn -0.3651 0.9266 -0.0903
vn -0.4103 0.8755 0.2554
vn -0.0473 0.9616 0.2706
vn -0.0194 0.6681 -0.7439
vn -0.3617 0.6158 -0.7000
vn -0.4025 0.3033 -0.8637
vn -0.0314 0.3481 -0.9370
vn -0.8495 0.4680 -0.2434
vn -0.9084 0.1500 -0.3902
vn -0.9976 0.0630 -0.0285
vn -0.9104 0.4020 0.0973
vn 0.0460 0.1755 0.9834
vn 0.3938 0.1599 0.9053
vn 0.3947 0.3328 0.8565
vn 0.0471 0.3639 0.9303
vn 0.9029 0.0714 0.4240
vn 0.9032 0.1514 0.4014
vn 0.9983 0.0154 0.0560
vn 0.9982 0.0056 0.0587
vn -0.0583 0.3644 0.9295
vn -0.4050 0.3356 0.8505
vn -0.4060 0.1627 0.8993
vn -0.0594 0.1759 0.9826
vn -0.9080 0.1578 0.3880
vn -0.9085 0.0778 0.4106
vn -0.9990 0.0128 0.0439
vn -0.9988 0.0226 0.0412
vn 0.0452 -0.0196 0.9988
vn 0.3930 -0.0192 0.9193
vn 0.9025 -0.0114 0.4305
vn 0.9982 -0.0046 0.0596
vn -0.0602 -0.0192 0.9980
vn -0.4068 -0.0164 0.9134
vn -0.9088 -0.0050 0.4171
vn -0.9990 0.0026 0.0448
vn 0.3925 -0.1977 0.8982
vn 0.0446 -0.2140 0.9759
vn 0.9023 -0.0940 0.4207
vn 0.9982 -0.0148 0.0584
vn -0.4072 -0.1949 0.8923
vn -0.0607 -0.2136 0.9751
vn -0.9091 -0.0876 0.4073
vn -0.9990 -0.0076 0.0436
vn 0.0445 -0.4002 0.9154
vn 0.3923 -0.3685 0.8427
vn 0.9022 -0.1730 0.3951
vn 0.9981 -0.0245 0.0552
vn -0.4074 -0.3657 0.8368
vn -0.0609 -0.3998 0.9146
vn -0.9092 -0.1666 0.3817
vn -0.9990 -0.0173 0.0404
vn 0.3924 -0.5253 0.7550
vn 0.0446 -0.5710 0.8198
vn 0.9022 -0.2455 0.3545
vn 0.9982 -0.0334 0.0502
vn -0.4074 -0.5225 0.7491
vn -0.0608 -0.5706 0.8190
vn -0.9092 -0.2391 0.3411
vn -0.9990 -0.0262 0.0354
vn 0.0450 -0.7199 0.6927
vn 0.3928 -0.6620 0.6383
vn 0.9024 -0.3087 0.3005
vn 0.9982 -0.0412 0.0436
vn -0.4070 -0.6592 0.6324
vn -0.0604 -0.7195 0.6919
vn -0.9090 -0.3023 0.2871
vn -0.9989 -0.0340 0.0288
vn 0.0457 -0.8411 0.5390
vn 0.3934 -0.7733 0.4972
vn 0.9027 -0.3601 0.2353
vn 0.9982 -0.0475 0.0355
vn -0.4063 -0.7705 0.4913
vn -0.0597 -0.8407 0.5382
vn -0.9087 -0.3537 0.2219
vn -0.9990 -0.0403 0.0207
vn 0.0467 -0.9300 0.3646
vn 0.3944 -0.8549 0.3371
vn 0.9031 -0.3979 0.1613
vn 0.9982 -0.0522 0.0264
vn -0.4054 -0.8521 0.3312
vn -0.0587 -0.9297 0.3638
vn -0.9082 -0.3915 0.1479
vn -0.9989 -0.0450 0.0116
vn 0.0479 -0.9832 0.1761
vn 0.3955 -0.9037 0.1642
vn 0.9036 -0.4205 0.0813
vn 0.9983 -0.0549 0.0166
vn -0.4043 -0.9009 0.1583
vn -0.0575 -0.9828 0.1753
vn -0.9077 -0.4141 0.0679
vn -0.9988 -0.0477 0.0018
vn 0.3967 -0.9178 -0.0149
vn 0.0492 -0.9986 -0.0190
vn 0.9042 -0.4270 -0.0015
vn 0.9984 -0.0558 0.0064
vn -0.0562 -0.9982 -0.0198
vn -0.4031 -0.9150 -0.0208
vn -0.9071 -0.4206 -0.0149
vn -0.9988 -0.0485 -0.0084
vn 0.3981 -0.8967 -0.1933
vn 0.0508 -0.9757 -0.2134
vn 0.9048 -0.4172 -0.0841
vn 0.9985 -0.0546 -0.0038
vn -0.0546 -0.9753 -0.2142
vn -0.4016 -0.8939 -0.1993
vn -0.9065 -0.4108 -0.0975
vn -0.9987 -0.0474 -0.0186
vn 0.0524 -0.9152 -0.3996
vn 0.3996 -0.8412 -0.3641
vn 0.9055 -0.3916 -0.1631
vn 0.9985 -0.0514 -0.0135
vn -0.4002 -0.8384 -0.3701
vn -0.0530 -0.9148 -0.4004
vn -0.9058 -0.3852 -0.1765
vn -0.9986 -0.0442 -0.0283
vn 0.0540 -0.8196 -0.5704
vn 0.4011 -0.7535 -0.5209
vn 0.9063 -0.3510 -0.2356
vn 0.9986 -0.0464 -0.0224
vn -0.0514 -0.8192 -0.5712
vn -0.3987 -0.7507 -0.5269
vn -0.9051 -0.3446 -0.2490
vn -0.9985 -0.0392 -0.0372
vn 0.4025 -0.6368 -0.6576
vn 0.0555 -0.6925 -0.7193
vn 0.9068 -0.2970 -0.2988
vn 0.9988 -0.0398 -0.0302
vn -0.0498 -0.6921 -0.7201
vn -0.3973 -0.6340 -0.6636
vn -0.9044 -0.2906 -0.3122
vn -0.9984 -0.0326 -0.0450
vn 0.0570 -0.5388 -0.8405
vn 0.4038 -0.4957 -0.7689
vn 0.9075 -0.2318 -0.3502
vn 0.9988 -0.0317 -0.0365
vn -0.3960 -0.4929 -0.7749
vn -0.0483 -0.5384 -0.8413
vn -0.9038 -0.2254 -0.3636
vn -0.9983 -0.0245 -0.0513
vn 0.0583 -0.3644 -0.9295
vn 0.4050 -0.3356 -0.8505
vn 0.9080 -0.1578 -0.3880
vn 0.9988 -0.0226 -0.0412
vn -0.3947 -0.3328 -0.8565
vn -0.0471 -0.3639 -0.9302
vn -0.9032 -0.1514 -0.4014
vn -0.9983 -0.0154 -0.0560
vn 0.0594 -0.1759 -0.9826
vn 0.4060 -0.1627 -0.8993
vn 0.9085 -0.0778 -0.4106
vn 0.9990 -0.0128 -0.0439
vn -0.0460 -0.1755 -0.9834
vn -0.3938 -0.1599 -0.9053
vn -0.9029 -0.0714 -0.4240
vn -0.9982 -0.0056 -0.0587
vn 0.0602 0.0192 -0.9980
vn 0.4068 0.0164 -0.9134
vn 0.9088 0.0050 -0.4171
vn 0.9990 -0.0026 -0.0448
vn -0.3930 0.0192 -0.9193
vn -0.0452 0.0196 -0.9988
vn -0.9025 0.0114 -0.4305
vn -0.9982 0.0046 -0.0596
vn 0.0607 0.2136 -0.9751
vn 0.4072 0.1949 -0.8923
vn 0.9091 0.0876 -0.4073
vn 0.9990 0.0076 -0.0436
vn -0.3925 0.1977 -0.8982
vn -0.0446 0.2140 -0.9759
vn -0.9023 0.0940 -0.4207
vn -0.9982 0.0148 -0.0584
vn -0.9981 0.0198 -0.0572
vn -0.9101 0.1289 -0.3937
vn -0.3993 0.2835 -0.8719
vn -0.0442 0.3086 -0.9502
vn 0.0609 0.3998 -0.9146
vn 0.4074 0.3657 -0.8368
vn 0.9092 0.1666 -0.3817
vn 0.9990 0.0173 -0.0404
vn -0.3923 0.3685 -0.8427
vn -0.0445 0.4002 -0.9154
vn -0.9022 0.1730 -0.3951
vn -0.9981 0.0245 -0.0552
vn 0.0608 0.5706 -0.8190
vn 0.4074 0.5225 -0.7491
vn 0.9092 0.2391 -0.3411
vn 0.9990 0.0262 -0.0354
vn -0.3924 0.5253 -0.7550
vn -0.0446 0.5710 -0.8198
vn -0.9022 0.2455 -0.3545
vn -0.9982 0.0334 -0.0502
vn 0.9990 0.0126 -0.0425
vn 0.9168 0.1223 -0.3801
vn 0.4142 0.2806 -0.8658
vn 0.0606 0.3082 -0.9494
vn 0.0604 0.7195 -0.6919
vn 0.4070 0.6592 -0.6324
vn 0.9090 0.3023 -0.2871
vn 0.9989 0.0340 -0.0288
vn -0.3928 0.6620 -0.6383
vn -0.0450 0.7199 -0.6927
vn -0.9024 0.3087 -0.3005
vn -0.9982 0.0412 -0.0436
vn 0.0597 0.8407 -0.5382
vn 0.4063 0.7705 -0.4913
vn 0.9087 0.3537 -0.2219
vn 0.9990 0.0403 -0.0207
vn -0.3934 0.7733 -0.4972
vn -0.0457 0.8411 -0.5390
vn -0.9027 0.3602 -0.2353
vn -0.9982 0.0475 -0.0355
vn 0.0587 0.9297 -0.3637
vn 0.4054 0.8521 -0.3312
vn 0.9082 0.3915 -0.1479
vn 0.9989 0.0450 -0.0116
vn -0.3944 0.8549 -0.3371
vn -0.0467 0.9301 -0.3645
vn -0.9031 0.3979 -0.1613
vn -0.9982 0.0522 -0.0264
vn 0.0575 0.9828 -0.1753
vn 0.4043 0.9009 -0.1583
vn 0.9077 0.4141 -0.0679
vn 0.9988 0.0477 -0.0018
vn -0.3955 0.9037 -0.1642
vn -0.0479 0.9832 -0.1761
vn -0.9036 0.4205 -0.0813
vn -0.9983 0.0549 -0.0166
vn 0.4031 0.9150 0.0208
vn 0.0562 0.9982 0.0198
vn 0.9071 0.4206 0.0149
vn 0.9988 0.0486 0.0084
vn -0.3967 0.9178 0.0149
vn -0.0492 0.9986 0.0190
vn -0.9042 0.4270 0.0015
vn -0.9984 0.0557 -0.0064
vn 0.0546 0.9753 0.2142
vn 0.4016 0.8939 0.1993
vn 0.9065 0.4108 0.0975
vn 0.9987 0.0474 0.0186
vn -0.3981 0.8967 0.1933
vn -0.0508 0.9757 0.2134
vn -0.9048 0.4172 0.0841
vn -0.9985 0.0546 0.0038
vn 0.0530 0.9148 0.4004
vn 0.4002 0.8384 0.3701
vn 0.9058 0.3852 0.1765
vn 0.9986 0.0442 0.0283
vn -0.3996 0.8412 0.3641
vn -0.0524 0.9152 0.3996
vn -0.9055 0.3916 0.1631
vn -0.9985 0.0514 0.0135
vn 0.0514 0.8192 0.5712
vn 0.3987 0.7507 0.5269
vn 0.9051 0.3446 0.2490
vn 0.9985 0.0392 0.0372
vn -0.4011 0.7535 0.5209
vn -0.0540 0.8196 0.5704
vn -0.9063 0.3510 0.2356
vn -0.9986 0.0464 0.0224
vn 0.3973 0.6340 0.6636
vn 0.0498 0.6921 0.7201
vn 0.9044 0.2906 0.3122
vn 0.9984 0.0326 0.0450
vn -0.4025 0.6368 0.6576
vn -0.0555 0.6925 0.7193
vn -0.9068 0.2970 0.2988
vn -0.9988 0.0398 0.0302
vn 0.0483 0.5384 0.8413
vn 0.3960 0.4929 0.7749
vn 0.9038 0.2254 0.3636
vn 0.9983 0.0245 0.0513
vn -0.0570 0.5388 0.8405
vn -0.4038 0.4957 0.7689
vn -0.9075 0.2318 0.3502
vn -0.9988 0.0317 0.0365
vn -0.9886 0.0091 -0.1501
vn -0.8801 0.0931 -0.4658
vn -0.3919 0.2400 -0.8881
vn -0.0416 0.2986 -0.9535
vn -0.8913 0.1705 -0.4202
vn -0.9960 0.0402 -0.0797
vn -0.3878 0.3172 -0.8655
vn -0.0502 0.3251 -0.9444
vn 0.8876 0.1938 -0.4179
vn 0.9909 0.0759 -0.1114
vn 0.4069 0.3255 -0.8535
vn 0.0579 0.3183 -0.9462
vn 0.9907 0.0021 -0.1353
vn 0.8875 0.0869 -0.4526
vn 0.4068 0.2372 -0.8822
vn 0.0580 0.2982 -0.9528
vn 0.0968 -0.0105 -0.9952
vn 0.4438 -0.0008 -0.8961
vn 0.9237 0.0134 -0.3830
vn 0.9984 0.0023 -0.0552
vn -0.0459 0.4005 -0.9152
vn -0.4161 0.3658 -0.8325
vn -0.4163 0.1939 -0.8883
vn -0.0460 0.2137 -0.9758
vn -0.9219 0.1543 -0.3555
vn -0.9219 0.0859 -0.3777
vn -0.9982 0.0236 -0.0540
vn -0.9983 0.0148 -0.0569
vn -0.0820 -0.0099 -0.9965
vn -0.4304 0.0024 -0.9026
vn -0.9177 0.0200 -0.3967
vn -0.9975 0.0095 -0.0700
vn 0.9990 0.0126 -0.0424
vn 0.0654 0.2279 -0.9714
vn 0.4304 0.1395 -0.8918
vn 0.8964 0.0211 -0.4428
vn 0.9962 -0.0238 -0.0840
vn 0.4308 0.4102 -0.8039
vn 0.0655 0.3862 -0.9201
vn 0.8967 0.2411 -0.3712
vn 0.9962 0.0667 -0.0546
vn -0.4158 0.4132 -0.8102
vn -0.0491 0.3866 -0.9210
vn -0.8893 0.2475 -0.3845
vn -0.9948 0.0737 -0.0694
vn -0.0493 0.2283 -0.9723
vn -0.4161 0.1425 -0.8981
vn -0.8895 0.0275 -0.4560
vn -0.9950 -0.0168 -0.0988
vn -0.9981 0.0198 -0.0573
vn 0.9186 0.1156 -0.3777
vn 0.9990 0.0148 -0.0430
vn 0.4099 0.2760 -0.8694
vn 0.0618 0.3101 -0.9487
vn 0.9990 0.0111 -0.0442
vn 0.9187 0.1263 -0.3742
vn 0.4098 0.2867 -0.8660
vn 0.0618 0.3063 -0.9500
vn -0.9981 0.0183 -0.0590
vn -0.9120 0.1329 -0.3878
vn -0.3949 0.2895 -0.8720
vn -0.0454 0.3067 -0.9508
vn -0.9981 0.0220 -0.0578
vn -0.9121 0.1222 -0.3913
vn -0.3949 0.2788 -0.8754
vn -0.0454 0.3105 -0.9495
vn -0.0814 0.5937 -0.8006
vn -0.4298 0.5293 -0.7315
vn -0.9175 0.2188 -0.3321
vn -0.9975 0.0356 -0.0615
vn 0.0974 0.5931 -0.7993
vn 0.4444 0.5261 -0.7250
vn 0.9239 0.2122 -0.3184
vn 0.9985 0.0284 -0.0467
vn 0.0623 0.4001 -0.9144
vn 0.4311 0.3628 -0.8262
vn 0.9281 0.1477 -0.3417
vn 0.9991 0.0164 -0.0392
vn 0.0621 0.2133 -0.9750
vn 0.4309 0.1909 -0.8820
vn 0.9280 0.0793 -0.3639
vn 0.9990 0.0076 -0.0421
# 614 vertex normals

vt 0.9049 0.7248 0.0000
vt 0.9274 0.7248 0.0000
vt 0.9274 0.7285 0.0000
vt 0.9049 0.7285 0.0000
vt 0.8631 0.7210 0.0000
vt 0.8405 0.7210 0.0000
vt 0.8405 0.7172 0.0000
vt 0.8631 0.7172 0.0000
vt 0.8405 0.7134 0.0000
vt 0.8631 0.7134 0.0000
vt 0.8405 0.7097 0.0000
vt 0.8631 0.7097 0.0000
vt 0.8405 0.7059 0.0000
vt 0.8631 0.7059 0.0000
vt 0.8631 0.7021 0.0000
vt 0.8405 0.7021 0.0000
vt 0.8405 0.6984 0.0000
vt 0.8631 0.6984 0.0000
vt 0.8405 0.6946 0.0000
vt 0.8631 0.6946 0.0000
vt 0.8405 0.8115 0.0000
vt 0.8631 0.8115 0.0000
vt 0.8631 0.8153 0.0000
vt 0.8405 0.8153 0.0000
vt 0.8405 0.8077 0.0000
vt 0.8631 0.8077 0.0000
vt 0.8405 0.8039 0.0000
vt 0.8631 0.8039 0.0000
vt 0.8405 0.8002 0.0000
vt 0.8631 0.8002 0.0000
vt 0.8631 0.7964 0.0000
vt 0.8405 0.7964 0.0000
vt 0.8631 0.7926 0.0000
vt 0.8405 0.7926 0.0000
vt 0.8631 0.7889 0.0000
vt 0.8405 0.7889 0.0000
vt 0.8617 0.7829 0.0000
vt 0.8618 0.7850 0.0000
vt 0.8629 0.7864 0.0000
vt 0.8405 0.7851 0.0000
vt 0.8645 0.7866 0.0000
vt 0.8617 0.7828 0.0000
vt 0.8405 0.7813 0.0000
vt 0.8617 0.7813 0.0000
vt 0.8617 0.7776 0.0000
vt 0.8405 0.7776 0.0000
vt 0.8405 0.7738 0.0000
vt 0.8617 0.7738 0.0000
vt 0.8405 0.7700 0.0000
vt 0.8617 0.7700 0.0000
vt 0.8405 0.7662 0.0000
vt 0.8617 0.7685 0.0000
vt 0.8629 0.7649 0.0000
vt 0.8618 0.7663 0.0000
vt 0.8405 0.7625 0.0000
vt 0.8645 0.7647 0.0000
vt 0.8631 0.7625 0.0000
vt 0.8405 0.7587 0.0000
vt 0.8631 0.7587 0.0000
vt 0.8405 0.7549 0.0000
vt 0.8631 0.7549 0.0000
vt 0.8405 0.7512 0.0000
vt 0.8631 0.7512 0.0000
vt 0.8405 0.7474 0.0000
vt 0.8631 0.7474 0.0000
vt 0.8405 0.7436 0.0000
vt 0.8631 0.7436 0.0000
vt 0.8405 0.7398 0.0000
vt 0.8631 0.7398 0.0000
vt 0.8405 0.7361 0.0000
vt 0.8631 0.7361 0.0000
vt 0.8405 0.7323 0.0000
vt 0.8631 0.7323 0.0000
vt 0.8405 0.7285 0.0000
vt 0.8631 0.7285 0.0000
vt 0.6400 0.7822 0.0000
vt 0.6400 0.8143 0.0000
vt 0.6394 0.8143 0.0000
vt 0.6394 0.7822 0.0000
vt 0.8405 0.7248 0.0000
vt 0.8631 0.7248 0.0000
vt 0.9274 0.7323 0.0000
vt 0.9049 0.7323 0.0000
vt 0.6510 0.6917 0.0000
vt 0.6280 0.7149 0.0000
vt 0.6211 0.7130 0.0000
vt 0.6465 0.6874 0.0000
vt 0.9274 0.7361 0.0000
vt 0.9049 0.7361 0.0000
vt 0.9049 0.7398 0.0000
vt 0.9274 0.7398 0.0000
vt 0.9274 0.7436 0.0000
vt 0.9049 0.7436 0.0000
vt 0.9274 0.7474 0.0000
vt 0.9049 0.7474 0.0000
vt 0.9274 0.7512 0.0000
vt 0.9049 0.7512 0.0000
vt 0.9274 0.7549 0.0000
vt 0.9049 0.7549 0.0000
vt 0.9274 0.7587 0.0000
vt 0.9049 0.7587 0.0000
vt 0.9274 0.7625 0.0000
vt 0.9049 0.7625 0.0000
vt 0.9063 0.7685 0.0000
vt 0.9062 0.7663 0.0000
vt 0.9051 0.7649 0.0000
vt 0.9274 0.7662 0.0000
vt 0.9034 0.7647 0.0000
vt 0.9274 0.7700 0.0000
vt 0.9063 0.7700 0.0000
vt 0.9274 0.7738 0.0000
vt 0.9063 0.7738 0.0000
vt 0.9274 0.7776 0.0000
vt 0.9063 0.7776 0.0000
vt 0.9274 0.7813 0.0000
vt 0.9063 0.7813 0.0000
vt 0.9274 0.7851 0.0000
vt 0.9063 0.7828 0.0000
vt 0.9049 0.7889 0.0000
vt 0.9034 0.7866 0.0000
vt 0.9051 0.7864 0.0000
vt 0.9274 0.7889 0.0000
vt 0.9062 0.7850 0.0000
vt 0.9063 0.7829 0.0000
vt 0.9274 0.7926 0.0000
vt 0.9049 0.7926 0.0000
vt 0.9274 0.7964 0.0000
vt 0.9049 0.7964 0.0000
vt 0.9274 0.8002 0.0000
vt 0.9049 0.8002 0.0000
vt 0.9274 0.8039 0.0000
vt 0.9049 0.8039 0.0000
vt 0.9274 0.8077 0.0000
vt 0.9049 0.8077 0.0000
vt 0.9274 0.8115 0.0000
vt 0.9049 0.8115 0.0000
vt 0.9274 0.8153 0.0000
vt 0.9049 0.8153 0.0000
vt 0.9274 0.6946 0.0000
vt 0.9274 0.6984 0.0000
vt 0.9049 0.6984 0.0000
vt 0.9049 0.6946 0.0000
vt 0.9274 0.7021 0.0000
vt 0.9049 0.7021 0.0000
vt 0.9049 0.7059 0.0000
vt 0.9274 0.7059 0.0000
vt 0.9274 0.7097 0.0000
vt 0.9049 0.7097 0.0000
vt 0.9049 0.7134 0.0000
vt 0.9274 0.7134 0.0000
vt 0.9274 0.7172 0.0000
vt 0.9049 0.7172 0.0000
vt 0.9274 0.7210 0.0000
vt 0.9049 0.7210 0.0000
vt 0.7992 0.9658 0.0000
vt 0.7973 0.9630 0.0000
vt 0.7960 0.9598 0.0000
vt 0.8017 0.9683 0.0000
vt 0.7953 0.9564 0.0000
vt 0.7953 0.9529 0.0000
vt 0.7960 0.9495 0.0000
vt 0.7973 0.9463 0.0000
vt 0.7992 0.9434 0.0000
vt 0.8017 0.9410 0.0000
vt 0.8046 0.9390 0.0000
vt 0.8078 0.9377 0.0000
vt 0.8112 0.9370 0.0000
vt 0.8146 0.9370 0.0000
vt 0.8180 0.9377 0.0000
vt 0.8212 0.9390 0.0000
vt 0.8241 0.9410 0.0000
vt 0.8266 0.9434 0.0000
vt 0.8285 0.9463 0.0000
vt 0.8298 0.9495 0.0000
vt 0.8305 0.9529 0.0000
vt 0.8305 0.9564 0.0000
vt 0.8298 0.9598 0.0000
vt 0.8285 0.9630 0.0000
vt 0.8266 0.9658 0.0000
vt 0.8241 0.9683 0.0000
vt 0.8212 0.9702 0.0000
vt 0.8180 0.9715 0.0000
vt 0.8146 0.9722 0.0000
vt 0.8112 0.9722 0.0000
vt 0.8078 0.9715 0.0000
vt 0.8046 0.9702 0.0000
vt 0.4549 0.9578 0.0000
vt 0.4549 0.9703 0.0000
vt 0.4530 0.9703 0.0000
vt 0.4530 0.9570 0.0000
vt 0.4661 0.9578 0.0000
vt 0.4661 0.9703 0.0000
vt 0.4624 0.9703 0.0000
vt 0.4624 0.9586 0.0000
vt 0.5223 0.9586 0.0000
vt 0.5260 0.9578 0.0000
vt 0.5260 0.9703 0.0000
vt 0.5223 0.9703 0.0000
vt 0.8647 0.7866 0.0000
vt 0.9033 0.7866 0.0000
vt 0.4680 0.9570 0.0000
vt 0.4680 0.9703 0.0000
vt 0.5129 0.9570 0.0000
vt 0.5148 0.9578 0.0000
vt 0.5148 0.9703 0.0000
vt 0.5129 0.9703 0.0000
vt 0.6261 0.7214 0.0000
vt 0.6257 0.7249 0.0000
vt 0.6194 0.7242 0.0000
vt 0.6199 0.7205 0.0000
vt 0.5098 0.9563 0.0000
vt 0.5098 0.9703 0.0000
vt 0.4711 0.9703 0.0000
vt 0.4711 0.9563 0.0000
vt 0.6465 0.7685 0.0000
vt 0.6435 0.7675 0.0000
vt 0.6455 0.7626 0.0000
vt 0.6484 0.7637 0.0000
vt 0.6512 0.7648 0.0000
vt 0.6516 0.7649 0.0000
vt 0.6498 0.7697 0.0000
vt 0.6494 0.7695 0.0000
vt 0.6145 0.7301 0.0000
vt 0.6158 0.7327 0.0000
vt 0.6349 0.7661 0.0000
vt 0.6366 0.7686 0.0000
vt 0.6388 0.7699 0.0000
vt 0.6373 0.7683 0.0000
vt 0.6151 0.7297 0.0000
vt 0.6397 0.7665 0.0000
vt 0.6423 0.7613 0.0000
vt 0.6427 0.7614 0.0000
vt 0.6402 0.7666 0.0000
vt 0.5185 0.9703 0.0000
vt 0.5185 0.9586 0.0000
vt 0.9033 0.7647 0.0000
vt 0.8647 0.7647 0.0000
vt 0.5310 0.9563 0.0000
vt 0.5697 0.9563 0.0000
vt 0.5697 0.9703 0.0000
vt 0.5310 0.9703 0.0000
vt 0.4586 0.9586 0.0000
vt 0.4586 0.9703 0.0000
vt 0.6200 0.7167 0.0000
vt 0.6266 0.7179 0.0000
vt 0.6200 0.7161 0.0000
vt 0.6267 0.7174 0.0000
vt 0.6185 0.7279 0.0000
vt 0.6253 0.7285 0.0000
vt 0.5279 0.9703 0.0000
vt 0.5279 0.9570 0.0000
vt 0.6168 0.7202 0.0000
vt 0.6168 0.7168 0.0000
vt 0.6170 0.7167 0.0000
vt 0.6170 0.7203 0.0000
vt 0.6144 0.7270 0.0000
vt 0.6140 0.7280 0.0000
vt 0.6147 0.7301 0.0000
vt 0.6153 0.7270 0.0000
vt 0.6155 0.7271 0.0000
vt 0.6372 0.7647 0.0000
vt 0.6185 0.7318 0.0000
vt 0.6257 0.7321 0.0000
vt 0.6404 0.7594 0.0000
vt 0.6252 0.7291 0.0000
vt 0.6183 0.7285 0.0000
vt 0.6165 0.7237 0.0000
vt 0.6164 0.7237 0.0000
vt 0.6442 0.6860 0.0000
vt 0.6185 0.7115 0.0000
vt 0.6168 0.7135 0.0000
vt 0.6463 0.6842 0.0000
vt 0.6163 0.7157 0.0000
vt 0.6173 0.7140 0.0000
vt 0.6468 0.6844 0.0000
vt 0.6158 0.7154 0.0000
vt 0.6159 0.7165 0.0000
vt 0.6381 0.7701 0.0000
vt 0.6392 0.7702 0.0000
vt 0.6396 0.7692 0.0000
vt 0.6396 0.7694 0.0000
vt 0.6487 0.7728 0.0000
vt 0.6498 0.7730 0.0000
vt 0.6510 0.7722 0.0000
vt 0.6506 0.7719 0.0000
vt 0.6485 0.7720 0.0000
vt 0.6485 0.7719 0.0000
vt 0.6427 0.7699 0.0000
vt 0.6457 0.7709 0.0000
vt 0.6456 0.7710 0.0000
vt 0.6427 0.7701 0.0000
vt 0.6437 0.7822 0.0000
vt 0.6437 0.8143 0.0000
vt 0.6474 0.7822 0.0000
vt 0.6511 0.7822 0.0000
vt 0.6511 0.8143 0.0000
vt 0.6474 0.8143 0.0000
vt 0.6516 0.7822 0.0000
vt 0.6516 0.8143 0.0000
vt 0.6191 0.7159 0.0000
vt 0.6189 0.7146 0.0000
vt 0.6199 0.7150 0.0000
vt 0.6184 0.7158 0.0000
vt 0.6183 0.7143 0.0000
vt 0.6183 0.7158 0.0000
vt 0.6181 0.7139 0.0000
vt 0.6179 0.7135 0.0000
vt 0.6190 0.7121 0.0000
vt 0.6201 0.7127 0.0000
vt 0.6192 0.7135 0.0000
vt 0.6204 0.7137 0.0000
vt 0.6471 0.6867 0.0000
vt 0.6458 0.6868 0.0000
vt 0.6466 0.6859 0.0000
vt 0.6454 0.6864 0.0000
vt 0.6466 0.6851 0.0000
vt 0.6453 0.6864 0.0000
vt 0.6471 0.6845 0.0000
vt 0.6500 0.7718 0.0000
vt 0.6491 0.7717 0.0000
vt 0.6495 0.7703 0.0000
vt 0.6503 0.7707 0.0000
vt 0.6505 0.7699 0.0000
vt 0.6510 0.7701 0.0000
vt 0.6507 0.7708 0.0000
vt 0.6470 0.6855 0.0000
vt 0.6180 0.7310 0.0000
vt 0.6175 0.7318 0.0000
vt 0.6168 0.7308 0.0000
vt 0.6168 0.7318 0.0000
vt 0.6159 0.7302 0.0000
vt 0.6154 0.7295 0.0000
vt 0.6167 0.7318 0.0000
vt 0.6153 0.7290 0.0000
vt 0.6156 0.7277 0.0000
vt 0.6173 0.7284 0.0000
vt 0.6168 0.7296 0.0000
vt 0.6179 0.7295 0.0000
vt 0.6373 0.7665 0.0000
vt 0.6367 0.7654 0.0000
vt 0.6377 0.7655 0.0000
vt 0.6388 0.7663 0.0000
vt 0.6382 0.7671 0.0000
vt 0.6393 0.7672 0.0000
vt 0.6377 0.7675 0.0000
vt 0.6391 0.7677 0.0000
vt 0.6391 0.7678 0.0000
vt 0.6374 0.7675 0.0000
vt 0.6369 0.7676 0.0000
vt 0.6357 0.7660 0.0000
vt 0.4703 0.9565 0.0000
vt 0.4701 0.9555 0.0000
vt 0.4711 0.9554 0.0000
vt 0.4689 0.9557 0.0000
vt 0.4689 0.9568 0.0000
vt 0.4677 0.9562 0.0000
vt 0.4691 0.9550 0.0000
vt 0.4675 0.9556 0.0000
vt 0.4675 0.9557 0.0000
vt 0.4674 0.9555 0.0000
vt 0.4694 0.9547 0.0000
vt 0.9046 0.7855 0.0000
vt 0.9033 0.7857 0.0000
vt 0.9033 0.7851 0.0000
vt 0.9043 0.7851 0.0000
vt 0.4696 0.9550 0.0000
vt 0.4698 0.9548 0.0000
vt 0.4696 0.9557 0.0000
vt 0.5302 0.9565 0.0000
vt 0.5300 0.9555 0.0000
vt 0.5310 0.9554 0.0000
vt 0.5288 0.9557 0.0000
vt 0.5288 0.9568 0.0000
vt 0.5276 0.9562 0.0000
vt 0.5274 0.9556 0.0000
vt 0.5290 0.9550 0.0000
vt 0.5273 0.9555 0.0000
vt 0.5293 0.9547 0.0000
vt 0.5274 0.9557 0.0000
vt 0.8633 0.7658 0.0000
vt 0.8647 0.7656 0.0000
vt 0.8637 0.7662 0.0000
vt 0.8647 0.7662 0.0000
vt 0.5295 0.9550 0.0000
vt 0.5297 0.9548 0.0000
vt 0.5295 0.9557 0.0000
vt 0.5714 0.9541 0.0000
vt 0.5710 0.9546 0.0000
vt 0.5697 0.9545 0.0000
vt 0.5697 0.9540 0.0000
vt 0.9062 0.7664 0.0000
vt 0.9053 0.7668 0.0000
vt 0.9055 0.7685 0.0000
vt 0.9049 0.7685 0.0000
vt 0.9049 0.7672 0.0000
vt 0.4521 0.9568 0.0000
vt 0.4521 0.9557 0.0000
vt 0.4533 0.9562 0.0000
vt 0.4514 0.9555 0.0000
vt 0.4514 0.9565 0.0000
vt 0.5706 0.9565 0.0000
vt 0.5697 0.9554 0.0000
vt 0.5707 0.9555 0.0000
vt 0.5710 0.9548 0.0000
vt 0.5697 0.9548 0.0000
vt 0.5712 0.9550 0.0000
vt 0.5712 0.9557 0.0000
vt 0.5712 0.9555 0.0000
vt 0.5120 0.9557 0.0000
vt 0.5132 0.9562 0.0000
vt 0.5120 0.9568 0.0000
vt 0.5107 0.9565 0.0000
vt 0.5108 0.9555 0.0000
vt 0.5098 0.9554 0.0000
vt 0.5098 0.9548 0.0000
vt 0.5111 0.9548 0.0000
vt 0.5098 0.9545 0.0000
vt 0.5098 0.9540 0.0000
vt 0.5115 0.9541 0.0000
vt 0.5111 0.9546 0.0000
vt 0.8627 0.7846 0.0000
vt 0.8625 0.7828 0.0000
vt 0.8631 0.7841 0.0000
vt 0.8631 0.7828 0.0000
vt 0.5113 0.9555 0.0000
vt 0.5113 0.9548 0.0000
vt 0.5118 0.9550 0.0000
vt 0.5706 0.9713 0.0000
vt 0.5694 0.9712 0.0000
vt 0.5709 0.9703 0.0000
vt 0.5712 0.9703 0.0000
vt 0.5712 0.9713 0.0000
vt 0.4522 0.9703 0.0000
vt 0.4529 0.9712 0.0000
vt 0.4521 0.9713 0.0000
vt 0.4527 0.9719 0.0000
vt 0.4519 0.9719 0.0000
vt 0.6475 0.6830 0.0000
vt 0.6479 0.6835 0.0000
vt 0.6463 0.6839 0.0000
vt 0.6463 0.6835 0.0000
vt 0.6473 0.6826 0.0000
vt 0.5702 0.9719 0.0000
vt 0.6154 0.7148 0.0000
vt 0.6169 0.7137 0.0000
vt 0.6159 0.7152 0.0000
vt 0.6148 0.7159 0.0000
vt 0.6146 0.7154 0.0000
vt 0.5280 0.9712 0.0000
vt 0.5288 0.9703 0.0000
vt 0.5289 0.9713 0.0000
vt 0.5301 0.9703 0.0000
vt 0.5302 0.9713 0.0000
vt 0.5314 0.9712 0.0000
vt 0.5318 0.9719 0.0000
vt 0.5304 0.9719 0.0000
vt 0.6152 0.7148 0.0000
vt 0.5128 0.9712 0.0000
vt 0.5120 0.9713 0.0000
vt 0.5121 0.9703 0.0000
vt 0.5118 0.9719 0.0000
vt 0.5126 0.9719 0.0000
vt 0.6142 0.7300 0.0000
vt 0.6136 0.7286 0.0000
vt 0.6145 0.7283 0.0000
vt 0.6137 0.7299 0.0000
vt 0.6130 0.7286 0.0000
vt 0.5095 0.9712 0.0000
vt 0.5110 0.9703 0.0000
vt 0.5107 0.9713 0.0000
vt 0.5113 0.9713 0.0000
vt 0.4682 0.9712 0.0000
vt 0.4688 0.9703 0.0000
vt 0.4690 0.9713 0.0000
vt 0.4702 0.9713 0.0000
vt 0.4699 0.9703 0.0000
vt 0.4714 0.9712 0.0000
vt 0.4718 0.9719 0.0000
vt 0.4706 0.9719 0.0000
vt 0.6368 0.7687 0.0000
vt 0.6379 0.7697 0.0000
vt 0.6374 0.7701 0.0000
vt 0.6383 0.7710 0.0000
vt 0.6378 0.7712 0.0000
vt 0.4696 0.9713 0.0000
vt 0.4691 0.9719 0.0000
vt 0.6516 0.6923 0.0000
vt 0.6516 0.6910 0.0000
vt 0.6523 0.6917 0.0000
vt 0.6521 0.6906 0.0000
vt 0.6528 0.6912 0.0000
vt 0.6525 0.7645 0.0000
vt 0.6523 0.7652 0.0000
vt 0.6518 0.7642 0.0000
vt 0.6520 0.7637 0.0000
vt 0.6527 0.7640 0.0000
vt 0.6394 0.7813 0.0000
vt 0.6385 0.7822 0.0000
vt 0.6385 0.7813 0.0000
vt 0.6379 0.7822 0.0000
vt 0.6379 0.7813 0.0000
vt 0.6528 0.6921 0.0000
vt 0.6278 0.7169 0.0000
vt 0.6276 0.7176 0.0000
vt 0.6268 0.7166 0.0000
vt 0.6274 0.7156 0.0000
vt 0.6284 0.7159 0.0000
vt 0.6290 0.7152 0.0000
vt 0.6297 0.7154 0.0000
vt 0.6291 0.7161 0.0000
vt 0.6385 0.8143 0.0000
vt 0.6394 0.8152 0.0000
vt 0.6385 0.8152 0.0000
vt 0.6394 0.8159 0.0000
vt 0.6385 0.8159 0.0000
vt 0.6279 0.7163 0.0000
vt 0.6285 0.7170 0.0000
vt 0.6253 0.7313 0.0000
vt 0.6264 0.7313 0.0000
vt 0.6268 0.7321 0.0000
vt 0.6251 0.7300 0.0000
vt 0.6261 0.7301 0.0000
vt 0.6262 0.7292 0.0000
vt 0.6269 0.7292 0.0000
vt 0.6268 0.7302 0.0000
vt 0.6516 0.8152 0.0000
vt 0.6526 0.8143 0.0000
vt 0.6526 0.8152 0.0000
vt 0.6532 0.8143 0.0000
vt 0.6532 0.8152 0.0000
vt 0.6261 0.7308 0.0000
vt 0.6271 0.7313 0.0000
vt 0.6409 0.7587 0.0000
vt 0.6413 0.7595 0.0000
vt 0.6409 0.7602 0.0000
vt 0.6413 0.7582 0.0000
vt 0.6417 0.7590 0.0000
vt 0.6516 0.7813 0.0000
vt 0.6526 0.7813 0.0000
vt 0.6526 0.7822 0.0000
vt 0.6526 0.7807 0.0000
vt 0.6516 0.7807 0.0000
vt 0.6427 0.7605 0.0000
vt 0.6417 0.7610 0.0000
vt 0.6421 0.7602 0.0000
vt 0.6416 0.7600 0.0000
vt 0.9283 0.7248 0.0000
vt 0.9283 0.7285 0.0000
vt 0.9289 0.7248 0.0000
vt 0.9289 0.7285 0.0000
vt 0.9208 0.2041 0.0000
vt 0.9199 0.2038 0.0000
vt 0.9213 0.2005 0.0000
vt 0.9221 0.2009 0.0000
vt 0.8397 0.7285 0.0000
vt 0.8397 0.7248 0.0000
vt 0.8391 0.7285 0.0000
vt 0.8391 0.7248 0.0000
vt 0.8042 0.9710 0.0000
vt 0.8011 0.9690 0.0000
vt 0.9283 0.7210 0.0000
vt 0.9289 0.7211 0.0000
vt 0.9289 0.7247 0.0000
vt 0.9233 0.1974 0.0000
vt 0.9240 0.1980 0.0000
vt 0.8397 0.7210 0.0000
vt 0.8391 0.7247 0.0000
vt 0.8391 0.7211 0.0000
vt 0.8075 0.9724 0.0000
vt 0.9283 0.7172 0.0000
vt 0.9289 0.7173 0.0000
vt 0.9289 0.7209 0.0000
vt 0.9259 0.1949 0.0000
vt 0.9265 0.1956 0.0000
vt 0.8397 0.7172 0.0000
vt 0.8391 0.7209 0.0000
vt 0.8391 0.7173 0.0000
vt 0.8111 0.9731 0.0000
vt 0.9283 0.7135 0.0000
vt 0.9289 0.7135 0.0000
vt 0.9289 0.7172 0.0000
vt 0.9289 0.1929 0.0000
vt 0.9293 0.1936 0.0000
vt 0.8397 0.7135 0.0000
vt 0.8391 0.7172 0.0000
vt 0.8391 0.7135 0.0000
vt 0.8147 0.9731 0.0000
vt 0.9283 0.7097 0.0000
vt 0.9283 0.7134 0.0000
vt 0.9289 0.7097 0.0000
vt 0.9289 0.7134 0.0000
vt 0.9325 0.1923 0.0000
vt 0.9323 0.1915 0.0000
vt 0.8397 0.7134 0.0000
vt 0.8397 0.7097 0.0000
vt 0.8391 0.7134 0.0000
vt 0.8391 0.7097 0.0000
vt 0.8183 0.9724 0.0000
vt 0.9283 0.7059 0.0000
vt 0.9289 0.7060 0.0000
vt 0.9289 0.7096 0.0000
vt 0.9359 0.1908 0.0000
vt 0.9359 0.1916 0.0000
vt 0.8397 0.7059 0.0000
vt 0.8391 0.7096 0.0000
vt 0.8391 0.7060 0.0000
vt 0.8217 0.9710 0.0000
vt 0.9283 0.7021 0.0000
vt 0.9289 0.7022 0.0000
vt 0.9289 0.7058 0.0000
vt 0.9394 0.1916 0.0000
vt 0.9395 0.1908 0.0000
vt 0.8397 0.7021 0.0000
vt 0.8391 0.7058 0.0000
vt 0.8391 0.7022 0.0000
vt 0.8247 0.9690 0.0000
vt 0.9283 0.6984 0.0000
vt 0.9289 0.6984 0.0000
vt 0.9289 0.7021 0.0000
vt 0.9431 0.1915 0.0000
vt 0.9428 0.1923 0.0000
vt 0.8397 0.6984 0.0000
vt 0.8391 0.7021 0.0000
vt 0.8391 0.6984 0.0000
vt 0.8273 0.9664 0.0000
vt 0.9283 0.6946 0.0000
vt 0.9289 0.6947 0.0000
vt 0.9289 0.6983 0.0000
vt 0.9464 0.1929 0.0000
vt 0.9460 0.1936 0.0000
vt 0.8397 0.6946 0.0000
vt 0.8391 0.6983 0.0000
vt 0.8391 0.6947 0.0000
vt 0.8293 0.9634 0.0000
vt 0.9283 0.8115 0.0000
vt 0.9283 0.8153 0.0000
vt 0.9289 0.8116 0.0000
vt 0.9289 0.8152 0.0000
vt 0.9495 0.1949 0.0000
vt 0.9489 0.1956 0.0000
vt 0.8397 0.8153 0.0000
vt 0.8397 0.8115 0.0000
vt 0.8391 0.8152 0.0000
vt 0.8391 0.8116 0.0000
vt 0.8307 0.9600 0.0000
vt 0.9283 0.8077 0.0000
vt 0.9289 0.8078 0.0000
vt 0.9289 0.8114 0.0000
vt 0.9520 0.1974 0.0000
vt 0.9513 0.1980 0.0000
vt 0.8397 0.8077 0.0000
vt 0.8391 0.8114 0.0000
vt 0.8391 0.8078 0.0000
vt 0.8314 0.9564 0.0000
vt 0.9283 0.8040 0.0000
vt 0.9289 0.8040 0.0000
vt 0.9289 0.8077 0.0000
vt 0.9541 0.2005 0.0000
vt 0.9533 0.2009 0.0000
vt 0.8397 0.8040 0.0000
vt 0.8391 0.8077 0.0000
vt 0.8391 0.8040 0.0000
vt 0.8314 0.9528 0.0000
vt 0.9283 0.8002 0.0000
vt 0.9283 0.8039 0.0000
vt 0.9289 0.8002 0.0000
vt 0.9289 0.8039 0.0000
vt 0.9554 0.2038 0.0000
vt 0.9546 0.2041 0.0000
vt 0.8397 0.8039 0.0000
vt 0.8397 0.8002 0.0000
vt 0.8391 0.8039 0.0000
vt 0.8391 0.8002 0.0000
vt 0.8307 0.9492 0.0000
vt 0.9283 0.7964 0.0000
vt 0.9289 0.7965 0.0000
vt 0.9289 0.8001 0.0000
vt 0.9562 0.2074 0.0000
vt 0.9553 0.2075 0.0000
vt 0.8397 0.7964 0.0000
vt 0.8391 0.7965 0.0000
vt 0.8391 0.8001 0.0000
vt 0.8293 0.9459 0.0000
vt 0.9283 0.7926 0.0000
vt 0.9289 0.7927 0.0000
vt 0.9289 0.7963 0.0000
vt 0.9562 0.2110 0.0000
vt 0.9553 0.2110 0.0000
vt 0.8397 0.7926 0.0000
vt 0.8391 0.7963 0.0000
vt 0.8391 0.7927 0.0000
vt 0.8273 0.9429 0.0000
vt 0.9283 0.7889 0.0000
vt 0.9289 0.7889 0.0000
vt 0.9289 0.7926 0.0000
vt 0.9554 0.2146 0.0000
vt 0.9546 0.2144 0.0000
vt 0.8397 0.7889 0.0000
vt 0.8391 0.7926 0.0000
vt 0.8391 0.7889 0.0000
vt 0.8247 0.9403 0.0000
vt 0.9283 0.7851 0.0000
vt 0.9289 0.7852 0.0000
vt 0.9289 0.7888 0.0000
vt 0.9541 0.2180 0.0000
vt 0.9533 0.2176 0.0000
vt 0.8397 0.7851 0.0000
vt 0.8391 0.7888 0.0000
vt 0.8391 0.7852 0.0000
vt 0.8217 0.9383 0.0000
vt 0.9283 0.7813 0.0000
vt 0.9289 0.7814 0.0000
vt 0.9289 0.7850 0.0000
vt 0.9513 0.2204 0.0000
vt 0.9520 0.2210 0.0000
vt 0.8397 0.7813 0.0000
vt 0.8391 0.7850 0.0000
vt 0.8391 0.7814 0.0000
vt 0.8183 0.9369 0.0000
vt 0.9283 0.7776 0.0000
vt 0.9289 0.7776 0.0000
vt 0.9289 0.7813 0.0000
vt 0.9495 0.2236 0.0000
vt 0.9489 0.2229 0.0000
vt 0.8397 0.7776 0.0000
vt 0.8391 0.7813 0.0000
vt 0.8391 0.7776 0.0000
vt 0.8147 0.9362 0.0000
vt 0.5223 0.9712 0.0000
vt 0.5185 0.9712 0.0000
vt 0.5223 0.9719 0.0000
vt 0.5185 0.9719 0.0000
vt 0.6156 0.7235 0.0000
vt 0.6160 0.7202 0.0000
vt 0.9283 0.7775 0.0000
vt 0.9283 0.7738 0.0000
vt 0.9289 0.7738 0.0000
vt 0.9289 0.7775 0.0000
vt 0.9464 0.2256 0.0000
vt 0.9460 0.2248 0.0000
vt 0.8397 0.7775 0.0000
vt 0.8397 0.7738 0.0000
vt 0.8391 0.7775 0.0000
vt 0.8391 0.7738 0.0000
vt 0.8111 0.9362 0.0000
vt 0.6167 0.7136 0.0000
vt 0.6160 0.7135 0.0000
vt 0.9283 0.7700 0.0000
vt 0.9289 0.7701 0.0000
vt 0.9289 0.7737 0.0000
vt 0.9431 0.2270 0.0000
vt 0.9428 0.2261 0.0000
vt 0.8397 0.7700 0.0000
vt 0.8391 0.7737 0.0000
vt 0.8391 0.7701 0.0000
vt 0.8075 0.9369 0.0000
vt 0.4624 0.9712 0.0000
vt 0.4586 0.9712 0.0000
vt 0.4624 0.9719 0.0000
vt 0.4586 0.9719 0.0000
vt 0.6425 0.7708 0.0000
vt 0.6454 0.7717 0.0000
vt 0.9283 0.7662 0.0000
vt 0.9289 0.7663 0.0000
vt 0.9289 0.7699 0.0000
vt 0.9395 0.2277 0.0000
vt 0.9394 0.2268 0.0000
vt 0.8397 0.7662 0.0000
vt 0.8391 0.7699 0.0000
vt 0.8391 0.7663 0.0000
vt 0.8042 0.9383 0.0000
vt 0.9283 0.7625 0.0000
vt 0.9289 0.7625 0.0000
vt 0.9289 0.7662 0.0000
vt 0.9359 0.2277 0.0000
vt 0.9359 0.2268 0.0000
vt 0.8397 0.7625 0.0000
vt 0.8391 0.7662 0.0000
vt 0.8391 0.7625 0.0000
vt 0.8011 0.9403 0.0000
vt 0.9283 0.7587 0.0000
vt 0.9289 0.7588 0.0000
vt 0.9289 0.7624 0.0000
vt 0.9325 0.2261 0.0000
vt 0.9323 0.2270 0.0000
vt 0.8397 0.7587 0.0000
vt 0.8391 0.7624 0.0000
vt 0.8391 0.7588 0.0000
vt 0.7986 0.9429 0.0000
vt 0.9283 0.7549 0.0000
vt 0.9289 0.7550 0.0000
vt 0.9289 0.7586 0.0000
vt 0.9289 0.2256 0.0000
vt 0.9293 0.2248 0.0000
vt 0.8397 0.7549 0.0000
vt 0.8391 0.7586 0.0000
vt 0.8391 0.7550 0.0000
vt 0.7965 0.9459 0.0000
vt 0.9283 0.7512 0.0000
vt 0.9289 0.7512 0.0000
vt 0.9289 0.7549 0.0000
vt 0.9259 0.2236 0.0000
vt 0.9265 0.2229 0.0000
vt 0.8397 0.7512 0.0000
vt 0.8391 0.7549 0.0000
vt 0.8391 0.7512 0.0000
vt 0.7951 0.9492 0.0000
vt 0.9283 0.7474 0.0000
vt 0.9289 0.7474 0.0000
vt 0.9289 0.7511 0.0000
vt 0.9233 0.2210 0.0000
vt 0.9240 0.2204 0.0000
vt 0.8397 0.7474 0.0000
vt 0.8391 0.7511 0.0000
vt 0.8391 0.7474 0.0000
vt 0.7944 0.9528 0.0000
vt 0.9283 0.7436 0.0000
vt 0.9289 0.7437 0.0000
vt 0.9289 0.7473 0.0000
vt 0.9213 0.2180 0.0000
vt 0.9221 0.2176 0.0000
vt 0.8397 0.7436 0.0000
vt 0.8391 0.7473 0.0000
vt 0.8391 0.7437 0.0000
vt 0.7944 0.9564 0.0000
vt 0.9283 0.7398 0.0000
vt 0.9289 0.7399 0.0000
vt 0.9289 0.7435 0.0000
vt 0.9199 0.2146 0.0000
vt 0.9208 0.2144 0.0000
vt 0.8397 0.7398 0.0000
vt 0.8391 0.7435 0.0000
vt 0.8391 0.7399 0.0000
vt 0.7951 0.9600 0.0000
vt 0.9283 0.7361 0.0000
vt 0.9289 0.7361 0.0000
vt 0.9289 0.7398 0.0000
vt 0.9192 0.2110 0.0000
vt 0.9201 0.2110 0.0000
vt 0.8397 0.7361 0.0000
vt 0.8391 0.7398 0.0000
vt 0.8391 0.7361 0.0000
vt 0.7965 0.9634 0.0000
vt 0.9283 0.7323 0.0000
vt 0.9289 0.7324 0.0000
vt 0.9289 0.7360 0.0000
vt 0.9192 0.2074 0.0000
vt 0.9201 0.2075 0.0000
vt 0.8397 0.7323 0.0000
vt 0.8391 0.7360 0.0000
vt 0.8391 0.7324 0.0000
vt 0.7986 0.9664 0.0000
vt 0.9289 0.7286 0.0000
vt 0.9289 0.7322 0.0000
vt 0.8391 0.7322 0.0000
vt 0.8391 0.7286 0.0000
vt 0.5148 0.9712 0.0000
vt 0.5148 0.9719 0.0000
vt 0.6142 0.7285 0.0000
vt 0.6146 0.7266 0.0000
vt 0.5260 0.9712 0.0000
vt 0.5260 0.9719 0.0000
vt 0.6160 0.7169 0.0000
vt 0.4549 0.9712 0.0000
vt 0.4549 0.9719 0.0000
vt 0.6482 0.7727 0.0000
vt 0.6501 0.7728 0.0000
vt 0.4661 0.9712 0.0000
vt 0.4661 0.9719 0.0000
vt 0.6396 0.7702 0.0000
vt 0.5091 0.9719 0.0000
vt 0.6365 0.7688 0.0000
vt 0.9055 0.7828 0.0000
vt 0.9055 0.7813 0.0000
vt 0.9049 0.7828 0.0000
vt 0.9049 0.7813 0.0000
vt 0.4661 0.9569 0.0000
vt 0.5310 0.9548 0.0000
vt 0.9033 0.7656 0.0000
vt 0.8625 0.7738 0.0000
vt 0.8625 0.7776 0.0000
vt 0.8631 0.7738 0.0000
vt 0.8631 0.7776 0.0000
vt 0.5185 0.9576 0.0000
vt 0.5223 0.9576 0.0000
vt 0.4683 0.9719 0.0000
vt 0.5282 0.9719 0.0000
vt 0.5712 0.9568 0.0000
vt 0.8625 0.7813 0.0000
vt 0.8631 0.7813 0.0000
vt 0.5148 0.9569 0.0000
vt 0.6178 0.7203 0.0000
vt 0.6173 0.7239 0.0000
vt 0.6191 0.7204 0.0000
vt 0.6186 0.7241 0.0000
vt 0.6448 0.6862 0.0000
vt 0.6429 0.7692 0.0000
vt 0.6459 0.7702 0.0000
vt 0.6432 0.7682 0.0000
vt 0.6463 0.7692 0.0000
vt 0.6162 0.7275 0.0000
vt 0.6175 0.7278 0.0000
vt 0.6178 0.7166 0.0000
vt 0.6191 0.7165 0.0000
vt 0.6488 0.7712 0.0000
vt 0.6491 0.7702 0.0000
vt 0.6396 0.7685 0.0000
vt 0.6399 0.7674 0.0000
vt 0.6163 0.7322 0.0000
vt 0.6391 0.7688 0.0000
vt 0.6173 0.7161 0.0000
vt 0.6270 0.7215 0.0000
vt 0.6266 0.7251 0.0000
vt 0.6276 0.7216 0.0000
vt 0.6272 0.7251 0.0000
vt 0.6474 0.8152 0.0000
vt 0.6437 0.8152 0.0000
vt 0.6379 0.8143 0.0000
vt 0.6458 0.7619 0.0000
vt 0.6486 0.7630 0.0000
vt 0.6460 0.7614 0.0000
vt 0.6488 0.7625 0.0000
vt 0.6437 0.7814 0.0000
vt 0.6474 0.7814 0.0000
vt 0.6262 0.7286 0.0000
vt 0.6269 0.7287 0.0000
vt 0.6511 0.8152 0.0000
vt 0.6275 0.7180 0.0000
vt 0.6282 0.7182 0.0000
vt 0.6400 0.8152 0.0000
vt 0.6514 0.7641 0.0000
vt 0.6516 0.7636 0.0000
vt 0.6400 0.7814 0.0000
vt 0.6430 0.7607 0.0000
vt 0.6433 0.7602 0.0000
vt 0.6511 0.7814 0.0000
vt 0.6275 0.7321 0.0000
vt 0.6429 0.7600 0.0000
vt 0.6283 0.7177 0.0000
vt 0.6528 0.7654 0.0000
vt 0.8625 0.7775 0.0000
vt 0.8631 0.7812 0.0000
vt 0.8625 0.7700 0.0000
vt 0.8631 0.7701 0.0000
vt 0.5260 0.9569 0.0000
vt 0.8625 0.7685 0.0000
vt 0.8631 0.7685 0.0000
vt 0.8631 0.7700 0.0000
vt 0.9055 0.7700 0.0000
vt 0.9049 0.7700 0.0000
vt 0.4549 0.9569 0.0000
vt 0.9055 0.7738 0.0000
vt 0.9049 0.7738 0.0000
vt 0.9049 0.7701 0.0000
vt 0.4586 0.9576 0.0000
vt 0.9055 0.7776 0.0000
vt 0.9049 0.7776 0.0000
vt 0.4624 0.9576 0.0000
vt 0.9055 0.7775 0.0000
vt 0.9049 0.7812 0.0000
vt 0.8647 0.7857 0.0000
vt 0.8647 0.7851 0.0000
# 962 texture coords

o Cylinder_001_Cylinder_002
g Cylinder_001_Cylinder_002
f 25/41/21 26/42/21 27/43/22 
f 27/43/22 28/44/22 25/41/21 
f 29/45/23 30/46/23 31/47/24 
f 31/47/24 32/48/24 29/45/23 
f 33/49/25 34/50/25 32/48/24 
f 32/48/24 31/47/24 33/49/25 
f 35/51/26 36/52/26 34/50/25 
f 34/50/25 33/49/25 35/51/26 
f 37/53/27 38/54/27 36/52/26 
f 36/52/26 35/51/26 37/53/27 
f 39/55/28 38/54/27 37/53/27 
f 37/53/27 40/56/28 39/55/28 
f 39/55/28 40/56/28 41/57/29 
f 41/57/29 42/58/29 39/55/28 
f 43/59/30 44/60/30 42/58/29 
f 42/58/29 41/57/29 43/59/30 
f 45/61/31 46/62/31 44/63/30 
f 44/63/30 43/64/30 45/61/31 
f 46/62/31 45/61/31 47/65/32 
f 47/65/32 48/66/32 46/62/31 
f 47/65/32 49/67/33 50/68/33 
f 50/68/33 48/66/32 47/65/32 
f 50/68/33 49/67/33 51/69/34 
f 51/69/34 52/70/34 50/68/33 
f 53/71/35 52/70/34 51/69/34 
f 51/69/34 54/72/35 53/71/35 
f 55/73/36 53/71/35 54/72/35 
f 54/72/35 56/74/36 55/73/36 
f 57/75/37 55/73/36 56/74/36 
f 56/74/36 58/76/38 57/75/37 
f 59/77/39 60/78/40 61/79/41 
f 62/80/42 59/77/39 61/79/41 
f 62/80/42 61/79/41 63/81/43 
f 58/76/38 62/80/42 63/81/43 
f 57/75/37 58/76/38 63/81/43 
f 59/82/39 62/80/42 64/83/44 
f 64/83/44 65/84/44 59/82/39 
f 66/85/45 65/84/44 64/83/44 
f 64/83/44 67/86/45 66/85/45 
f 67/86/45 68/87/46 69/88/46 
f 69/88/46 66/85/45 67/86/45 
f 69/88/46 68/87/46 70/89/47 
f 70/89/47 71/90/47 69/88/46 
f 70/89/47 72/91/48 73/92/49 
f 73/92/49 71/90/47 70/89/47 
f 74/93/50 75/94/51 73/92/49 
f 73/92/49 72/91/48 76/95/52 
f 74/93/50 73/92/49 76/95/52 
f 77/96/53 74/93/50 76/95/52 
f 77/96/53 76/95/52 78/97/54 
f 78/97/54 76/95/52 79/98/55 
f 79/98/55 80/99/55 78/97/54 
f 80/99/55 79/98/55 81/100/56 
f 81/100/56 82/101/56 80/99/55 
f 83/102/57 84/103/57 82/101/56 
f 82/101/56 81/100/56 83/102/57 
f 83/102/57 85/104/58 86/105/58 
f 86/105/58 84/103/57 83/102/57 
f 86/105/58 85/104/58 87/106/59 
f 87/106/59 88/107/59 86/105/58 
f 87/106/59 89/108/60 90/109/60 
f 90/109/60 88/107/59 87/106/59 
f 90/109/60 89/108/60 91/110/61 
f 91/110/61 92/111/61 90/109/60 
f 92/111/61 91/110/61 93/112/62 
f 93/112/62 94/113/62 92/111/61 
f 95/114/22 96/115/22 94/113/62 
f 94/113/62 93/112/62 95/114/22 
f 97/116/63 98/117/63 99/118/63 
f 99/118/63 100/119/63 97/116/63 
f 95/114/22 101/120/21 102/121/21 
f 102/121/21 96/115/22 95/114/22 
f 28/44/22 27/43/22 103/122/62 
f 103/122/62 104/123/62 28/44/22 
f 101/120/21 30/46/23 29/45/23 
f 29/45/23 102/121/21 101/120/21 
f 105/124/64 106/125/64 107/126/64 
f 107/126/64 108/127/64 105/124/64 
f 103/122/62 109/128/61 110/129/61 
f 110/129/61 104/123/62 103/122/62 
f 111/130/60 110/129/61 109/128/61 
f 109/128/61 112/131/60 111/130/60 
f 111/130/60 112/131/60 113/132/59 
f 113/132/59 114/133/59 111/130/60 
f 115/134/58 116/135/58 114/133/59 
f 114/133/59 113/132/59 115/134/58 
f 117/136/57 118/137/57 116/135/58 
f 116/135/58 115/134/58 117/136/57 
f 119/138/56 120/139/56 118/137/57 
f 118/137/57 117/136/57 119/138/56 
f 119/138/56 121/140/55 122/141/55 
f 122/141/55 120/139/56 119/138/56 
f 121/140/55 123/142/52 124/143/54 
f 124/143/54 122/141/55 121/140/55 
f 125/144/65 126/145/66 127/146/67 
f 128/147/68 125/144/65 127/146/67 
f 127/146/67 129/148/69 124/143/54 
f 128/147/68 127/146/67 124/143/54 
f 128/147/68 124/143/54 123/142/52 
f 130/149/70 131/150/70 125/144/65 
f 125/144/65 128/147/68 130/149/70 
f 132/151/46 133/152/46 131/150/70 
f 131/150/70 130/149/70 132/151/46 
f 134/153/45 135/154/45 133/152/46 
f 133/152/46 132/151/46 134/153/45 
f 134/153/45 136/155/71 137/156/71 
f 137/156/71 135/154/45 134/153/45 
f 137/156/71 136/155/71 138/157/72 
f 138/157/72 139/158/73 137/156/71 
f 140/159/37 141/160/74 142/161/75 
f 143/162/38 140/159/37 142/161/75 
f 142/161/75 144/163/76 139/164/73 
f 143/162/38 142/161/75 139/164/73 
f 143/162/38 139/164/73 138/157/72 
f 145/165/36 146/166/36 140/159/37 
f 140/159/37 143/162/38 145/165/36 
f 146/166/36 145/165/36 147/167/35 
f 147/167/35 148/168/35 146/166/36 
f 149/169/34 150/170/34 148/168/35 
f 148/168/35 147/167/35 149/169/34 
f 150/170/34 149/169/34 151/171/33 
f 151/171/33 152/172/33 150/170/34 
f 153/173/32 154/174/32 152/172/33 
f 152/172/33 151/171/33 153/173/32 
f 154/174/32 153/173/32 155/175/31 
f 155/175/31 156/176/31 154/174/32 
f 155/175/31 157/177/30 158/178/30 
f 158/178/30 156/176/31 155/175/31 
f 157/179/30 159/180/29 160/181/29 
f 160/181/29 158/182/30 157/179/30 
f 159/180/29 161/183/28 162/184/28 
f 162/184/28 160/181/29 159/180/29 
f 163/185/27 162/184/28 161/183/28 
f 161/183/28 164/186/27 163/185/27 
f 164/186/27 165/187/26 166/188/26 
f 166/188/26 163/185/27 164/186/27 
f 167/189/25 166/188/26 165/187/26 
f 165/187/26 168/190/25 167/189/25 
f 167/189/25 168/190/25 169/191/24 
f 169/191/24 170/192/24 167/189/25 
f 171/193/23 172/194/23 170/192/24 
f 170/192/24 169/191/24 171/193/23 
f 173/195/77 174/196/77 175/197/77 
f 176/198/77 173/195/77 175/197/77 
f 176/198/77 175/197/77 177/199/77 
f 177/199/77 178/200/77 179/201/77 
f 179/201/77 180/202/77 181/203/77 
f 181/203/77 182/204/77 183/205/77 
f 179/201/77 181/203/77 183/205/77 
f 184/206/77 185/207/77 186/208/77 
f 183/205/77 184/206/77 186/208/77 
f 179/201/77 183/205/77 186/208/77 
f 187/209/77 188/210/77 189/211/77 
f 186/208/77 187/209/77 189/211/77 
f 179/201/77 186/208/77 189/211/77 
f 177/199/77 179/201/77 189/211/77 
f 176/198/77 177/199/77 189/211/77 
f 176/198/77 189/211/77 190/212/77 
f 190/212/77 191/213/77 192/214/77 
f 193/215/77 194/216/77 195/217/77 
f 192/214/77 193/215/77 195/217/77 
f 190/212/77 192/214/77 195/217/77 
f 195/217/77 196/218/77 197/219/77 
f 195/217/77 197/219/77 198/220/77 
f 195/217/77 198/220/77 199/221/77 
f 190/212/77 195/217/77 199/221/77 
f 176/198/77 190/212/77 199/221/77 
f 176/198/77 199/221/77 200/222/77 
f 176/198/77 200/222/77 201/223/77 
f 176/198/77 201/223/77 202/224/77 
f 176/198/77 202/224/77 203/225/77 
f 204/226/77 176/198/77 203/225/77 
f 94/113/62 96/115/22 28/44/22 
f 28/44/22 104/123/62 94/113/62 
f 104/123/62 110/129/61 92/111/61 
f 92/111/61 94/113/62 104/123/62 
f 110/129/61 111/130/60 90/109/60 
f 90/109/60 92/111/61 110/129/61 
f 90/109/60 111/130/60 114/133/59 
f 114/133/59 88/107/59 90/109/60 
f 114/133/59 116/135/58 86/105/58 
f 86/105/58 88/107/59 114/133/59 
f 116/135/58 118/137/57 84/103/57 
f 84/103/57 86/105/58 116/135/58 
f 82/101/56 84/103/57 118/137/57 
f 118/137/57 120/139/56 82/101/56 
f 82/101/56 120/139/56 122/141/55 
f 122/141/55 80/99/55 82/101/56 
f 78/97/54 80/99/55 122/141/55 
f 122/141/55 124/143/54 78/97/54 
f 205/227/78 206/228/78 207/229/78 
f 207/229/78 208/230/78 205/227/78 
f 209/231/78 210/232/78 211/233/78 
f 211/233/78 212/234/78 209/231/78 
f 140/159/37 146/166/36 55/73/36 
f 55/73/36 57/75/37 140/159/37 
f 53/71/35 55/73/36 146/166/36 
f 146/166/36 148/168/35 53/71/35 
f 148/168/35 150/170/34 52/70/34 
f 52/70/34 53/71/35 148/168/35 
f 50/68/33 52/70/34 150/170/34 
f 150/170/34 152/172/33 50/68/33 
f 48/66/32 50/68/33 152/172/33 
f 152/172/33 154/174/32 48/66/32 
f 48/66/32 154/174/32 156/176/31 
f 156/176/31 46/62/31 48/66/32 
f 44/63/30 46/62/31 156/176/31 
f 156/176/31 158/178/30 44/63/30 
f 158/182/30 160/181/29 42/58/29 
f 42/58/29 44/60/30 158/182/30 
f 42/58/29 160/181/29 162/184/28 
f 162/184/28 39/55/28 42/58/29 
f 162/184/28 163/185/27 38/54/27 
f 38/54/27 39/55/28 162/184/28 
f 163/185/27 166/188/26 36/52/26 
f 36/52/26 38/54/27 163/185/27 
f 34/50/25 36/52/26 166/188/26 
f 166/188/26 167/189/25 34/50/25 
f 34/50/25 167/189/25 170/192/24 
f 170/192/24 32/48/24 34/50/25 
f 32/48/24 170/192/24 172/194/23 
f 172/194/23 29/45/23 32/48/24 
f 29/45/23 172/194/23 25/41/21 
f 25/41/21 102/121/21 29/45/23 
f 96/115/22 102/121/21 25/41/21 
f 25/41/21 28/44/22 96/115/22 
f 25/41/21 172/194/23 171/193/23 
f 171/193/23 26/42/21 25/41/21 
f 213/235/77 214/236/77 215/237/77 
f 215/237/77 216/238/77 213/235/77 
f 57/75/37 63/239/43 141/240/74 
f 141/240/74 140/159/37 57/75/37 
f 210/232/78 209/231/78 217/241/78 
f 217/241/78 218/242/78 210/232/78 
f 219/243/77 220/244/77 221/245/77 
f 221/245/77 222/246/77 219/243/77 
f 223/247/78 224/248/78 225/249/78 
f 225/249/78 226/250/78 223/247/78 
f 227/251/64 228/252/64 229/253/64 
f 229/253/64 230/254/64 227/251/64 
f 231/255/77 232/256/77 233/257/77 
f 233/257/77 234/258/77 231/255/77 
f 235/259/77 236/260/77 237/261/77 
f 237/261/77 238/262/77 235/259/77 
f 239/263/79 240/264/79 241/265/79 
f 241/265/79 242/266/79 243/267/79 
f 239/263/79 241/265/79 243/267/79 
f 239/263/79 243/267/79 244/268/79 
f 239/263/79 244/268/79 245/269/79 
f 246/270/77 247/271/77 248/272/77 
f 248/272/77 249/273/77 246/270/77 
f 213/235/77 216/238/77 250/274/77 
f 250/274/77 251/275/77 213/235/77 
f 234/258/77 235/259/77 238/262/77 
f 238/262/77 231/255/77 234/258/77 
f 124/143/54 129/276/69 77/277/53 
f 77/277/53 78/97/54 124/143/54 
f 252/278/80 253/279/80 254/280/80 
f 254/280/80 255/281/80 252/278/80 
f 206/228/78 205/227/78 256/282/78 
f 256/282/78 257/283/78 206/228/78 
f 212/234/78 211/233/78 257/283/78 
f 257/283/78 256/282/78 212/234/78 
f 223/247/78 226/250/78 258/284/78 
f 258/284/78 259/285/78 223/247/78 
f 259/285/78 258/284/78 260/286/78 
f 260/286/78 261/287/78 259/285/78 
f 262/288/78 225/249/78 224/248/78 
f 224/248/78 263/289/78 262/288/78 
f 251/275/77 250/274/77 221/245/77 
f 221/245/77 220/244/77 251/275/77 
f 264/290/77 215/237/77 214/236/77 
f 214/236/77 265/291/77 264/290/77 
f 266/292/63 267/293/63 268/294/63 
f 268/294/63 269/295/63 266/292/63 
f 270/296/79 271/297/79 239/298/79 
f 270/296/79 239/298/79 245/269/79 
f 270/296/79 245/269/79 272/299/79 
f 273/300/79 270/296/79 272/299/79 
f 274/301/80 275/302/80 276/303/80 
f 276/303/80 277/304/80 274/301/80 
f 262/288/78 263/289/78 278/305/78 
f 278/305/78 279/306/78 262/288/78 
f 280/307/63 281/308/63 266/292/63 
f 266/292/63 269/295/63 280/307/63 
f 282/309/79 283/310/79 284/311/79 
f 285/312/79 282/309/79 284/311/79 
f 285/312/79 284/311/79 286/313/79 
f 285/312/79 286/313/79 287/314/79 
f 285/312/79 287/314/79 288/315/79 
f 248/272/77 233/257/77 232/256/77 
f 232/256/77 249/273/77 248/272/77 
f 280/307/63 273/300/63 272/299/63 
f 272/299/63 281/308/63 280/307/63 
f 286/316/79 289/317/79 268/294/79 
f 286/316/79 268/294/79 267/293/79 
f 286/316/79 267/293/79 287/314/79 
f 243/318/79 290/319/79 291/320/79 
f 243/318/79 291/320/79 292/321/79 
f 243/318/79 292/321/79 244/268/79 
f 293/322/79 294/323/79 285/324/79 
f 293/322/79 285/324/79 288/325/79 
f 293/322/79 288/325/79 295/326/79 
f 296/327/79 293/322/79 295/326/79 
f 297/328/63 298/329/63 299/330/63 
f 299/330/63 300/331/63 297/328/63 
f 295/326/63 299/330/63 298/329/63 
f 298/329/63 296/327/63 295/326/63 
f 291/320/63 297/328/63 300/331/63 
f 300/331/63 292/321/63 291/320/63 
f 97/116/63 301/332/63 302/333/63 
f 302/333/63 98/117/63 97/116/63 
f 303/334/63 304/335/63 305/336/63 
f 305/336/63 306/337/63 303/334/63 
f 307/338/63 308/339/63 305/336/63 
f 305/336/63 304/335/63 307/338/63 
f 302/333/63 301/332/63 303/334/63 
f 303/334/63 306/337/63 302/333/63 
f 260/286/81 309/340/82 310/341/83 
f 310/341/83 311/342/84 260/286/81 
f 312/343/85 313/344/86 310/341/83 
f 310/341/83 309/340/82 312/343/85 
f 289/345/87 286/346/88 313/344/86 
f 313/344/86 312/343/85 289/345/87 
f 314/347/89 313/344/86 286/346/88 
f 286/346/88 284/311/90 314/347/89 
f 315/348/91 314/347/89 284/311/90 
f 284/311/90 283/310/92 315/348/91 
f 316/349/93 317/350/94 314/347/89 
f 314/347/89 315/348/91 316/349/93 
f 318/351/95 317/350/94 316/349/93 
f 316/349/93 107/126/96 318/351/95 
f 311/342/84 310/341/83 317/350/94 
f 317/350/94 318/351/95 311/342/84 
f 314/347/89 317/350/94 310/341/83 
f 310/341/83 313/344/86 314/347/89 
f 319/352/97 108/127/98 320/353/99 
f 320/353/99 321/354/100 319/352/97 
f 320/353/99 322/355/101 323/356/102 
f 323/356/102 321/354/100 320/353/99 
f 323/356/102 322/355/101 282/357/103 
f 282/357/103 285/358/104 323/356/102 
f 285/358/104 294/323/105 324/359/106 
f 324/359/106 323/356/102 285/358/104 
f 324/359/106 294/323/105 293/322/107 
f 293/322/107 325/360/108 324/359/106 
f 325/360/108 326/361/109 327/362/110 
f 327/362/110 324/359/106 325/360/108 
f 326/361/109 237/261/111 328/363/112 
f 328/363/112 327/362/110 326/361/109 
f 319/364/97 321/365/100 327/362/110 
f 327/362/110 328/363/112 319/364/97 
f 324/356/106 327/366/110 321/354/100 
f 321/354/100 323/356/102 324/356/106 
f 329/367/113 275/302/114 330/368/115 
f 330/368/115 331/369/116 329/367/113 
f 330/368/115 332/370/117 333/371/118 
f 333/371/118 331/369/116 330/368/115 
f 239/372/119 333/371/118 332/370/117 
f 332/370/117 240/373/120 239/372/119 
f 334/374/121 333/371/118 239/372/119 
f 239/372/119 271/297/122 334/374/121 
f 335/375/123 334/374/121 271/297/122 
f 271/297/122 270/296/124 335/375/123 
f 336/376/125 337/377/126 334/374/121 
f 334/374/121 335/375/123 336/376/125 
f 336/376/125 279/306/127 338/378/128 
f 338/378/128 337/377/126 336/376/125 
f 338/378/128 329/367/113 331/369/116 
f 331/369/116 337/377/126 338/378/128 
f 331/369/116 333/371/118 334/374/121 
f 334/374/121 337/377/126 331/369/116 
f 339/379/129 340/380/130 274/301/131 
f 274/301/131 341/381/132 339/379/129 
f 339/379/129 341/381/132 342/382/133 
f 342/382/133 343/383/134 339/379/129 
f 342/382/133 246/270/135 344/384/136 
f 344/384/136 343/383/134 342/382/133 
f 345/385/137 343/383/134 344/384/136 
f 344/384/136 346/386/138 345/385/137 
f 345/385/137 346/386/138 290/387/139 
f 290/387/139 243/388/140 345/385/137 
f 347/389/141 345/385/137 243/388/140 
f 243/388/140 242/266/142 347/389/141 
f 242/266/142 241/265/143 348/390/144 
f 348/390/144 347/389/141 242/266/142 
f 340/380/130 339/379/129 347/389/141 
f 347/389/141 348/390/144 340/380/130 
f 339/379/129 343/383/134 345/385/137 
f 345/385/137 347/389/141 339/379/129 
f 349/391/145 350/392/146 351/393/147 
f 351/393/147 230/254/148 349/391/145 
f 352/394/149 350/392/146 349/391/145 
f 349/391/145 353/395/150 352/394/149 
f 217/241/151 354/396/152 352/394/149 
f 352/394/149 353/395/150 217/241/151 
f 355/397/153 352/394/149 354/396/152 
f 354/396/152 356/398/154 355/397/153 
f 355/397/153 356/399/154 139/400/73 
f 139/400/73 144/401/76 355/397/153 
f 357/402/155 355/397/153 144/401/76 
f 144/401/76 142/161/75 357/402/155 
f 141/240/74 358/403/156 357/402/155 
f 357/402/155 142/161/75 141/240/74 
f 357/402/155 358/403/156 351/404/147 
f 351/404/147 350/405/146 357/402/155 
f 355/406/153 357/407/155 350/392/146 
f 350/392/146 352/408/149 355/406/153 
f 252/278/157 359/409/158 360/410/159 
f 360/410/159 361/411/160 252/278/157 
f 362/412/161 360/410/159 359/409/158 
f 359/409/158 363/413/162 362/412/161 
f 363/413/162 265/291/163 364/414/164 
f 364/414/164 362/412/161 363/413/162 
f 365/415/165 366/416/166 362/412/161 
f 362/412/161 364/414/164 365/415/165 
f 73/417/49 75/418/51 366/416/166 
f 366/416/166 365/419/165 73/417/49 
f 74/93/50 367/420/167 366/416/166 
f 366/416/166 75/418/51 74/93/50 
f 367/420/167 74/93/50 77/277/53 
f 77/277/53 368/421/168 367/420/167 
f 360/422/159 367/420/167 368/421/168 
f 368/421/168 361/423/160 360/422/159 
f 366/424/166 367/425/167 360/410/159 
f 360/410/159 362/426/161 366/424/166 
f 127/427/67 369/428/169 370/429/170 
f 370/429/170 129/430/69 127/427/67 
f 126/431/66 371/432/171 369/428/169 
f 369/428/169 127/427/67 126/431/66 
f 372/433/172 371/432/171 126/431/66 
f 126/431/66 125/144/65 372/433/172 
f 371/432/171 372/433/172 373/434/173 
f 373/434/173 374/435/174 371/432/171 
f 208/230/175 375/436/176 374/437/174 
f 374/437/174 373/438/173 208/230/175 
f 376/439/177 374/437/174 375/436/176 
f 375/436/176 377/440/178 376/439/177 
f 377/441/178 253/279/179 378/442/180 
f 378/442/180 376/443/177 377/441/178 
f 369/444/169 376/443/177 378/442/180 
f 378/442/180 370/445/170 369/444/169 
f 371/446/171 374/447/174 376/448/177 
f 376/448/177 369/428/169 371/446/171 
f 379/449/181 380/450/182 219/243/183 
f 219/243/183 381/451/184 379/449/181 
f 381/451/184 382/452/185 383/453/186 
f 383/453/186 379/449/181 381/451/184 
f 384/454/187 383/453/186 382/452/185 
f 382/452/185 227/251/188 384/454/187 
f 385/455/189 386/456/190 383/453/186 
f 383/453/186 384/454/187 385/455/189 
f 385/457/189 63/458/43 61/459/41 
f 61/459/41 386/460/190 385/457/189 
f 386/460/190 61/459/41 60/78/40 
f 60/78/40 387/461/191 386/460/190 
f 388/462/192 387/461/191 60/78/40 
f 60/78/40 59/82/39 388/462/192 
f 379/463/181 387/461/191 388/462/192 
f 388/462/192 380/464/182 379/463/181 
f 379/449/181 383/465/186 386/466/190 
f 386/466/190 387/467/191 379/449/181 
f 389/468/193 390/469/194 254/280/195 
f 254/280/195 391/470/196 389/468/193 
f 389/468/193 391/470/196 392/471/197 
f 392/471/197 393/472/198 389/468/193 
f 392/473/197 207/229/199 394/474/200 
f 394/474/200 393/475/198 392/473/197 
f 395/476/201 396/477/202 393/475/198 
f 393/475/198 394/474/200 395/476/201 
f 396/478/202 395/479/201 288/315/203 
f 288/315/203 397/480/204 396/478/202 
f 390/481/194 389/482/193 396/478/202 
f 396/478/202 397/480/204 390/481/194 
f 389/468/193 393/472/198 396/483/202 
f 398/484/205 399/485/206 287/314/207 
f 287/314/207 400/486/208 398/484/205 
f 401/487/209 402/488/210 398/484/205 
f 398/484/205 400/486/208 401/487/209 
f 401/489/209 264/290/211 403/490/212 
f 403/490/212 402/491/210 401/489/209 
f 402/491/210 403/490/212 404/492/213 
f 404/492/213 405/493/214 402/491/210 
f 405/493/214 404/492/213 255/281/215 
f 255/281/215 406/494/216 405/493/214 
f 406/494/216 399/495/206 398/496/205 
f 398/496/205 405/493/214 406/494/216 
f 398/484/205 402/488/210 405/497/214 
f 407/498/217 408/499/218 409/500/219 
f 409/500/219 222/246/220 407/498/217 
f 410/501/221 408/499/218 407/498/217 
f 407/498/217 411/502/222 410/501/221 
f 245/269/223 412/503/224 410/504/221 
f 410/504/221 411/505/222 245/269/223 
f 410/504/221 412/503/224 413/506/225 
f 413/506/225 414/507/226 410/504/221 
f 413/508/225 228/252/227 415/509/228 
f 415/509/228 414/510/226 413/508/225 
f 408/499/218 414/510/226 415/509/228 
f 415/509/228 409/500/219 408/499/218 
f 408/499/218 410/501/221 414/511/226 
f 416/512/229 218/242/230 417/513/231 
f 417/513/231 418/514/232 416/512/229 
f 419/515/233 418/514/232 417/513/231 
f 417/513/231 420/516/234 419/515/233 
f 421/517/235 419/515/233 420/516/234 
f 420/516/234 229/253/236 421/517/235 
f 419/515/233 421/517/235 422/518/237 
f 422/518/237 423/519/238 419/515/233 
f 422/520/237 244/268/239 424/521/240 
f 424/521/240 423/522/238 422/520/237 
f 424/521/240 416/523/229 418/524/232 
f 418/524/232 423/522/238 424/521/240 
f 418/514/232 419/525/233 423/526/238 
f 425/527/241 105/124/242 426/528/243 
f 426/528/243 427/529/244 425/527/241 
f 426/528/243 428/530/245 429/531/246 
f 429/531/246 427/529/244 426/528/243 
f 429/532/246 428/533/245 236/260/247 
f 236/260/247 430/534/248 429/532/246 
f 430/534/248 431/535/249 432/536/250 
f 432/536/250 429/532/246 430/534/248 
f 431/537/249 100/119/251 433/538/252 
f 433/538/252 432/539/250 431/537/249 
f 433/538/252 425/540/241 427/541/244 
f 427/541/244 432/539/250 433/538/252 
f 427/529/244 429/531/246 432/542/250 
f 434/543/253 435/544/254 261/287/255 
f 261/287/255 436/545/256 434/543/253 
f 434/543/253 436/545/256 437/546/257 
f 437/546/257 438/547/258 434/543/253 
f 437/546/257 106/125/259 439/548/260 
f 439/548/260 438/547/258 437/546/257 
f 438/547/258 439/548/260 440/549/261 
f 440/549/261 441/550/262 438/547/258 
f 440/551/261 99/118/263 442/552/264 
f 442/552/264 441/553/262 440/551/261 
f 442/552/264 435/554/254 434/555/253 
f 434/555/253 441/553/262 442/552/264 
f 434/543/253 438/556/258 441/557/262 
f 443/558/265 444/559/266 445/560/267 
f 445/560/267 276/303/268 443/558/265 
f 444/559/266 443/558/265 446/561/269 
f 446/561/269 447/562/270 444/559/266 
f 448/563/271 447/562/270 446/561/269 
f 446/561/269 278/305/272 448/563/271 
f 448/563/271 449/564/273 450/565/274 
f 450/565/274 447/562/270 448/563/271 
f 449/566/273 308/339/275 451/567/276 
f 451/567/276 450/568/274 449/566/273 
f 451/567/276 445/569/267 444/570/266 
f 444/570/266 450/568/274 451/567/276 
f 444/559/266 447/571/270 450/572/274 
f 452/573/277 453/574/278 454/575/279 
f 454/575/279 277/304/280 452/573/277 
f 453/574/278 452/573/277 455/576/281 
f 455/576/281 456/577/282 453/574/278 
f 457/578/283 456/579/282 455/580/281 
f 455/580/281 307/338/284 457/578/283 
f 458/581/285 456/579/282 457/578/283 
f 457/578/283 459/582/286 458/581/285 
f 459/583/286 247/271/287 460/584/288 
f 460/584/288 458/585/285 459/583/286 
f 454/575/279 453/574/278 458/585/285 
f 458/585/285 460/584/288 454/575/279 
f 453/574/278 456/577/282 458/586/285 
f 26/42/289 461/587/290 462/588/291 
f 462/588/291 27/43/292 26/42/289 
f 462/588/291 461/587/290 463/589/293 
f 463/589/293 464/590/294 462/588/291 
f 465/591/295 464/592/294 463/593/293 
f 463/593/293 466/594/296 465/591/295 
f 95/114/297 467/595/298 468/596/299 
f 468/596/299 101/120/300 95/114/297 
f 467/595/298 469/597/301 470/598/302 
f 470/598/302 468/596/299 467/595/298 
f 204/226/303 470/599/302 469/600/301 
f 469/600/301 176/198/304 204/226/303 
f 171/193/305 471/601/306 461/587/290 
f 461/587/290 26/42/289 171/193/305 
f 472/602/307 463/603/293 461/587/290 
f 461/587/290 471/601/306 472/602/307 
f 472/604/307 473/605/308 466/594/296 
f 466/594/296 463/593/293 472/604/307 
f 30/46/309 101/120/300 468/596/299 
f 468/596/299 474/606/310 30/46/309 
f 468/596/299 470/607/302 475/608/311 
f 475/608/311 474/606/310 468/596/299 
f 470/599/302 204/226/303 203/225/312 
f 203/225/312 475/609/311 470/599/302 
f 476/610/313 471/601/306 171/193/305 
f 171/193/305 169/191/314 476/610/313 
f 476/610/313 477/611/315 472/612/307 
f 472/612/307 471/601/306 476/610/313 
f 473/605/308 472/604/307 477/613/315 
f 477/613/315 478/614/316 473/605/308 
f 30/46/309 474/606/310 479/615/317 
f 479/615/317 31/47/318 30/46/309 
f 475/616/311 480/617/319 479/615/317 
f 479/615/317 474/606/310 475/616/311 
f 480/618/319 475/609/311 203/225/312 
f 203/225/312 202/224/320 480/618/319 
f 169/191/314 168/190/321 481/619/322 
f 481/619/322 476/610/313 169/191/314 
f 476/610/313 481/619/322 482/620/323 
f 482/620/323 477/621/315 476/610/313 
f 482/622/323 483/623/324 478/614/316 
f 478/614/316 477/613/315 482/622/323 
f 31/47/318 479/615/317 484/624/325 
f 484/624/325 33/49/326 31/47/318 
f 479/615/317 480/625/319 485/626/327 
f 485/626/327 484/624/325 479/615/317 
f 202/224/320 201/223/328 485/627/327 
f 485/627/327 480/618/319 202/224/320 
f 486/628/329 481/629/322 168/190/321 
f 168/190/321 165/187/330 486/628/329 
f 481/629/322 486/628/329 487/630/331 
f 487/630/331 482/631/323 481/629/322 
f 488/632/332 483/623/324 482/622/323 
f 482/622/323 487/633/331 488/632/332 
f 33/49/326 484/634/325 489/635/333 
f 489/635/333 35/51/334 33/49/326 
f 489/635/333 484/634/325 485/636/327 
f 485/636/327 490/637/335 489/635/333 
f 200/222/336 490/638/335 485/627/327 
f 485/627/327 201/223/328 200/222/336 
f 164/186/337 491/639/338 486/628/329 
f 486/628/329 165/187/330 164/186/337 
f 486/628/329 491/639/338 492/640/339 
f 492/640/339 487/641/331 486/628/329 
f 492/642/339 493/643/340 488/632/332 
f 488/632/332 487/633/331 492/642/339 
f 35/51/334 489/635/333 494/644/341 
f 494/644/341 37/53/342 35/51/334 
f 489/635/333 490/645/335 495/646/343 
f 495/646/343 494/644/341 489/635/333 
f 495/647/343 490/638/335 200/222/336 
f 200/222/336 199/221/344 495/647/343 
f 164/186/337 161/183/345 496/648/346 
f 496/648/346 491/639/338 164/186/337 
f 491/639/338 496/648/346 497/649/347 
f 497/649/347 492/650/339 491/639/338 
f 498/651/348 493/643/340 492/642/339 
f 492/642/339 497/652/347 498/651/348 
f 37/53/342 494/644/341 499/653/349 
f 499/653/349 40/56/350 37/53/342 
f 495/654/343 500/655/351 499/653/349 
f 499/653/349 494/644/341 495/654/343 
f 199/221/344 198/220/352 500/656/351 
f 500/656/351 495/647/343 199/221/344 
f 161/183/345 159/180/353 501/657/354 
f 501/657/354 496/648/346 161/183/345 
f 501/657/354 502/658/355 497/659/347 
f 497/659/347 496/648/346 501/657/354 
f 502/660/355 503/661/356 498/651/348 
f 498/651/348 497/652/347 502/660/355 
f 40/56/350 499/653/349 504/662/357 
f 504/662/357 41/57/358 40/56/350 
f 499/653/349 500/663/351 505/664/359 
f 505/664/359 504/662/357 499/653/349 
f 505/665/359 500/656/351 198/220/352 
f 198/220/352 197/219/360 505/665/359 
f 159/180/353 157/179/361 506/666/362 
f 506/666/362 501/657/354 159/180/353 
f 507/667/363 502/668/355 501/657/354 
f 501/657/354 506/666/362 507/667/363 
f 502/660/355 507/669/363 508/670/364 
f 508/670/364 503/661/356 502/660/355 
f 504/662/357 509/671/365 43/59/366 
f 43/59/366 41/57/358 504/662/357 
f 509/671/365 504/662/357 505/672/359 
f 505/672/359 510/673/367 509/671/365 
f 510/674/367 505/665/359 197/219/360 
f 197/219/360 196/218/368 510/674/367 
f 511/675/369 506/676/362 157/177/361 
f 157/177/361 155/175/370 511/675/369 
f 511/675/369 512/677/371 507/678/363 
f 507/678/363 506/676/362 511/675/369 
f 512/679/371 513/680/372 508/670/364 
f 508/670/364 507/669/363 512/679/371 
f 45/61/373 43/64/366 509/681/365 
f 509/681/365 514/682/374 45/61/373 
f 514/682/374 509/681/365 510/683/367 
f 510/683/367 515/684/375 514/682/374 
f 515/685/375 510/674/367 196/218/368 
f 196/218/368 195/217/376 515/685/375 
f 516/686/377 511/675/369 155/175/370 
f 155/175/370 153/173/378 516/686/377 
f 511/675/369 516/686/377 517/687/379 
f 517/687/379 512/688/371 511/675/369 
f 513/680/372 512/679/371 517/689/379 
f 517/689/379 518/690/380 513/680/372 
f 47/65/381 45/61/373 514/682/374 
f 514/682/374 519/691/382 47/65/381 
f 519/691/382 514/682/374 515/692/375 
f 515/692/375 520/693/383 519/691/382 
f 520/694/383 515/685/375 195/217/376 
f 195/217/376 194/216/384 520/694/383 
f 516/686/377 153/173/378 151/171/385 
f 151/171/385 521/695/386 516/686/377 
f 521/695/386 522/696/387 517/697/379 
f 517/697/379 516/686/377 521/695/386 
f 517/689/379 522/698/387 523/699/388 
f 523/699/388 518/690/380 517/689/379 
f 519/691/382 524/700/389 49/67/390 
f 49/67/390 47/65/381 519/691/382 
f 524/700/389 519/691/382 520/701/383 
f 520/701/383 525/702/391 524/700/389 
f 520/694/383 194/216/384 193/215/392 
f 193/215/392 525/703/391 520/694/383 
f 151/171/385 149/169/393 526/704/394 
f 526/704/394 521/705/386 151/171/385 
f 521/705/386 526/704/394 527/706/395 
f 527/706/395 522/707/387 521/705/386 
f 522/698/387 527/708/395 528/709/396 
f 528/709/396 523/699/388 522/698/387 
f 51/69/397 49/67/390 524/710/389 
f 524/710/389 529/711/398 51/69/397 
f 525/712/391 530/713/399 529/711/398 
f 529/711/398 524/710/389 525/712/391 
f 530/714/399 525/703/391 193/215/392 
f 193/215/392 192/214/400 530/714/399 
f 531/715/401 526/704/394 149/169/393 
f 149/169/393 147/167/402 531/715/401 
f 526/704/394 531/715/401 532/716/403 
f 532/716/403 527/717/395 526/704/394 
f 532/718/403 533/719/404 528/709/396 
f 528/709/396 527/708/395 532/718/403 
f 54/72/405 51/69/397 529/711/398 
f 529/711/398 534/720/406 54/72/405 
f 535/721/407 534/720/406 529/711/398 
f 529/711/398 530/722/399 535/721/407 
f 535/723/407 530/714/399 192/214/400 
f 192/214/400 191/213/408 535/723/407 
f 147/167/402 145/165/409 536/724/410 
f 536/724/410 531/715/401 147/167/402 
f 536/724/410 537/725/411 532/726/403 
f 532/726/403 531/715/401 536/724/410 
f 532/718/403 537/727/411 538/728/412 
f 538/728/412 533/719/404 532/718/403 
f 54/72/405 534/720/406 539/729/413 
f 539/729/413 56/74/414 54/72/405 
f 534/720/406 535/730/407 540/731/415 
f 540/731/415 539/729/413 534/720/406 
f 540/732/415 535/723/407 191/213/408 
f 191/213/408 190/212/416 540/732/415 
f 145/165/409 143/162/417 541/733/418 
f 541/733/418 536/724/410 145/165/409 
f 536/724/410 541/733/418 542/734/419 
f 542/734/419 537/735/411 536/724/410 
f 542/736/419 543/737/420 538/728/412 
f 538/728/412 537/727/411 542/736/419 
f 56/74/414 539/729/413 544/738/421 
f 544/738/421 58/76/422 56/74/414 
f 539/729/413 540/739/415 545/740/423 
f 545/740/423 544/738/421 539/729/413 
f 540/732/415 190/212/416 189/211/424 
f 189/211/424 545/741/423 540/732/415 
f 138/157/425 546/742/426 541/733/418 
f 541/733/418 143/162/417 138/157/425 
f 546/742/426 547/743/427 542/744/419 
f 542/744/419 541/733/418 546/742/426 
f 547/745/427 548/746/428 543/737/420 
f 543/737/420 542/736/419 547/745/427 
f 62/80/429 58/76/422 544/738/421 
f 544/738/421 549/747/430 62/80/429 
f 549/747/430 544/738/421 545/748/423 
f 545/748/423 550/749/431 549/747/430 
f 188/210/432 550/750/431 545/741/423 
f 545/741/423 189/211/424 188/210/432 
f 546/742/426 138/157/425 136/155/433 
f 136/155/433 551/751/434 546/742/426 
f 546/742/426 551/751/434 552/752/435 
f 552/752/435 547/753/427 546/742/426 
f 553/754/436 548/746/428 547/745/427 
f 547/745/427 552/755/435 553/754/436 
f 62/80/429 549/747/430 554/756/437 
f 554/756/437 64/83/438 62/80/429 
f 554/756/437 549/747/430 550/757/431 
f 550/757/431 555/758/439 554/756/437 
f 555/759/439 550/750/431 188/210/432 
f 188/210/432 187/209/440 555/759/439 
f 551/751/434 136/155/433 134/153/441 
f 134/153/441 556/760/442 551/751/434 
f 556/760/442 557/761/443 552/762/435 
f 552/762/435 551/751/434 556/760/442 
f 557/763/443 558/764/444 553/754/436 
f 553/754/436 552/755/435 557/763/443 
f 64/83/438 554/756/437 559/765/445 
f 559/765/445 67/86/446 64/83/438 
f 554/756/437 555/766/439 560/767/447 
f 560/767/447 559/765/445 554/756/437 
f 555/759/439 187/209/440 186/208/448 
f 186/208/448 560/768/447 555/759/439 
f 216/238/449 561/769/450 562/770/450 
f 562/770/450 250/274/449 216/238/449 
f 562/770/450 561/769/450 563/771/451 
f 563/771/451 564/772/451 562/770/450 
f 564/773/451 563/774/451 266/292/452 
f 266/292/452 281/308/452 564/773/451 
f 556/775/442 134/153/441 132/151/453 
f 132/151/453 565/776/454 556/775/442 
f 566/777/455 557/778/443 556/775/442 
f 556/775/442 565/776/454 566/777/455 
f 566/779/455 567/780/456 558/764/444 
f 558/764/444 557/763/443 566/779/455 
f 67/86/446 559/781/445 568/782/457 
f 568/782/457 68/87/458 67/86/446 
f 559/781/445 560/783/447 569/784/459 
f 569/784/459 568/782/457 559/781/445 
f 185/207/460 569/785/459 560/768/447 
f 560/768/447 186/208/448 185/207/460 
f 399/786/206 397/480/204 288/315/203 
f 288/315/203 287/314/207 399/786/206 
f 390/481/194 397/480/204 399/786/206 
f 399/786/206 406/787/216 390/481/194 
f 390/469/194 406/494/216 255/281/215 
f 255/281/215 254/280/195 390/469/194 
f 130/149/461 570/788/462 565/776/454 
f 565/776/454 132/151/453 130/149/461 
f 570/788/462 571/789/463 566/790/455 
f 566/790/455 565/776/454 570/788/462 
f 571/791/463 572/792/464 567/780/456 
f 567/780/456 566/779/455 571/791/463 
f 68/87/458 568/782/457 573/793/465 
f 573/793/465 70/89/466 68/87/458 
f 573/793/465 568/782/457 569/794/459 
f 569/794/459 574/795/467 573/793/465 
f 184/206/468 574/796/467 569/785/459 
f 569/785/459 185/207/460 184/206/468 
f 211/233/469 575/797/470 576/798/470 
f 576/798/470 257/283/469 211/233/469 
f 577/799/471 578/800/471 576/798/470 
f 576/798/470 575/797/470 577/799/471 
f 577/801/471 300/331/472 299/330/472 
f 299/330/472 578/802/471 577/801/471 
f 570/788/462 130/149/461 128/147/473 
f 128/147/473 579/803/474 570/788/462 
f 579/803/474 580/804/475 571/805/463 
f 571/805/463 570/788/462 579/803/474 
f 580/806/475 581/807/476 572/792/464 
f 572/792/464 571/791/463 580/806/475 
f 70/89/466 573/793/465 582/808/477 
f 582/808/477 72/91/478 70/89/466 
f 573/793/465 574/809/467 583/810/479 
f 583/810/479 582/808/477 573/793/465 
f 574/796/467 184/206/468 183/205/480 
f 183/205/480 583/811/479 574/796/467 
f 579/803/474 128/147/473 123/142/481 
f 123/142/481 584/812/482 579/803/474 
f 585/813/483 580/814/475 579/803/474 
f 579/803/474 584/812/482 585/813/483 
f 585/815/483 586/816/484 581/807/476 
f 581/807/476 580/806/475 585/815/483 
f 582/808/477 587/817/485 76/95/486 
f 76/95/486 72/91/478 582/808/477 
f 582/808/477 583/818/479 588/819/487 
f 588/819/487 587/817/485 582/808/477 
f 583/811/479 183/205/480 182/204/488 
f 182/204/488 588/820/487 583/811/479 
f 437/546/257 318/351/95 107/126/96 
f 107/126/96 106/125/259 437/546/257 
f 318/351/95 437/546/257 436/545/256 
f 436/545/256 311/342/84 318/351/95 
f 436/545/256 261/287/255 260/286/81 
f 260/286/81 311/342/84 436/545/256 
f 121/140/489 589/821/490 584/812/482 
f 584/812/482 123/142/481 121/140/489 
f 589/821/490 590/822/491 585/823/483 
f 585/823/483 584/812/482 589/821/490 
f 591/824/492 586/816/484 585/815/483 
f 585/815/483 590/825/491 591/824/492 
f 76/95/486 587/817/485 592/826/493 
f 592/826/493 79/98/494 76/95/486 
f 592/826/493 587/817/485 588/827/487 
f 588/827/487 593/828/495 592/826/493 
f 593/829/495 588/820/487 182/204/488 
f 182/204/488 181/203/496 593/829/495 
f 119/138/497 594/830/498 589/821/490 
f 589/821/490 121/140/489 119/138/497 
f 594/830/498 595/831/499 590/832/491 
f 590/832/491 589/821/490 594/830/498 
f 590/825/491 595/833/499 596/834/500 
f 596/834/500 591/824/492 590/825/491 
f 79/98/494 592/826/493 597/835/501 
f 597/835/501 81/100/502 79/98/494 
f 592/826/493 593/836/495 598/837/503 
f 598/837/503 597/835/501 592/826/493 
f 593/829/495 181/203/496 180/202/504 
f 180/202/504 598/838/503 593/829/495 
f 599/839/505 594/830/498 119/138/497 
f 119/138/497 117/136/506 599/839/505 
f 600/840/507 595/841/499 594/830/498 
f 594/830/498 599/839/505 600/840/507 
f 600/842/507 601/843/508 596/834/500 
f 596/834/500 595/833/499 600/842/507 
f 597/835/501 602/844/509 83/102/510 
f 83/102/510 81/100/502 597/835/501 
f 597/835/501 598/845/503 603/846/511 
f 603/846/511 602/844/509 597/835/501 
f 603/847/511 598/838/503 180/202/504 
f 180/202/504 179/201/512 603/847/511 
f 115/134/513 604/848/514 599/839/505 
f 599/839/505 117/136/506 115/134/513 
f 604/848/514 605/849/515 600/850/507 
f 600/850/507 599/839/505 604/848/514 
f 600/842/507 605/851/515 606/852/516 
f 606/852/516 601/843/508 600/842/507 
f 83/102/510 602/844/509 607/853/517 
f 607/853/517 85/104/518 83/102/510 
f 603/854/511 608/855/519 607/853/517 
f 607/853/517 602/844/509 603/854/511 
f 608/856/519 603/847/511 179/201/512 
f 179/201/512 178/200/520 608/856/519 
f 604/848/514 115/134/513 113/132/521 
f 113/132/521 609/857/522 604/848/514 
f 604/848/514 609/857/522 610/858/523 
f 610/858/523 605/859/515 604/848/514 
f 610/860/523 611/861/524 606/852/516 
f 606/852/516 605/851/515 610/860/523 
f 85/104/518 607/853/517 612/862/525 
f 612/862/525 87/106/526 85/104/518 
f 612/862/525 607/853/517 608/863/519 
f 608/863/519 613/864/527 612/862/525 
f 608/856/519 178/200/520 177/199/528 
f 177/199/528 613/865/527 608/856/519 
f 218/242/230 217/241/151 353/395/150 
f 353/395/150 417/513/231 218/242/230 
f 353/395/150 349/391/145 420/516/234 
f 420/516/234 417/513/231 353/395/150 
f 230/254/148 229/253/236 420/516/234 
f 420/516/234 349/391/145 230/254/148 
f 112/131/529 614/866/530 609/857/522 
f 609/857/522 113/132/521 112/131/529 
f 614/866/530 615/867/531 610/868/523 
f 610/868/523 609/857/522 614/866/530 
f 615/869/531 616/870/532 611/861/524 
f 611/861/524 610/860/523 615/869/531 
f 87/106/526 612/862/525 617/871/533 
f 617/871/533 89/108/534 87/106/526 
f 617/871/533 612/862/525 613/872/527 
f 613/872/527 618/873/535 617/871/533 
f 175/197/536 618/874/535 613/865/527 
f 613/865/527 177/199/528 175/197/536 
f 619/875/537 614/866/530 112/131/529 
f 112/131/529 109/128/538 619/875/537 
f 614/866/530 619/875/537 620/876/539 
f 620/876/539 615/877/531 614/866/530 
f 615/869/531 620/878/539 621/879/540 
f 621/879/540 616/870/532 615/869/531 
f 622/880/541 91/110/542 89/108/534 
f 89/108/534 617/871/533 622/880/541 
f 622/880/541 617/871/533 618/881/535 
f 618/881/535 623/882/543 622/880/541 
f 623/883/543 618/874/535 175/197/536 
f 175/197/536 174/196/544 623/883/543 
f 109/128/538 103/122/545 624/884/546 
f 624/884/546 619/875/537 109/128/538 
f 624/884/546 625/885/547 620/886/539 
f 620/886/539 619/875/537 624/884/546 
f 620/878/539 625/887/547 626/888/548 
f 626/888/548 621/879/540 620/878/539 
f 93/112/549 91/110/542 622/880/541 
f 622/880/541 627/889/550 93/112/549 
f 622/880/541 623/890/543 628/891/551 
f 628/891/551 627/889/550 622/880/541 
f 174/196/544 173/195/552 628/892/551 
f 628/892/551 623/883/543 174/196/544 
f 103/122/545 27/43/292 462/588/291 
f 462/588/291 624/884/546 103/122/545 
f 624/884/546 462/588/291 464/893/294 
f 464/893/294 625/894/547 624/884/546 
f 465/591/295 626/888/548 625/887/547 
f 625/887/547 464/592/294 465/591/295 
f 93/112/549 627/889/550 467/595/298 
f 467/595/298 95/114/297 93/112/549 
f 628/895/551 469/896/301 467/595/298 
f 467/595/298 627/889/550 628/895/551 
f 469/600/301 628/892/551 173/195/552 
f 173/195/552 176/198/304 469/600/301 
f 221/245/553 629/897/554 407/498/217 
f 407/498/217 222/246/220 221/245/553 
f 411/502/222 407/498/217 629/897/554 
f 629/897/554 630/898/555 411/502/222 
f 411/899/222 630/900/555 272/299/556 
f 272/299/556 245/269/223 411/899/222 
f 631/901/557 561/769/450 216/238/449 
f 216/238/449 215/237/558 631/901/557 
f 632/902/559 563/771/451 561/769/450 
f 561/769/450 631/901/557 632/902/559 
f 563/774/451 632/903/559 267/293/560 
f 267/293/560 266/292/452 563/774/451 
f 633/904/561 394/474/200 207/229/199 
f 207/229/199 206/228/562 633/904/561 
f 394/474/200 633/904/561 634/905/563 
f 634/905/563 395/476/201 394/474/200 
f 634/906/563 295/326/564 288/325/203 
f 288/325/203 395/907/201 634/906/563 
f 210/232/565 635/908/566 575/797/470 
f 575/797/470 211/233/469 210/232/565 
f 635/908/566 636/909/567 577/799/471 
f 577/799/471 575/797/470 635/908/566 
f 636/910/567 292/321/568 300/331/472 
f 300/331/472 577/801/471 636/910/567 
f 443/558/265 276/303/268 275/302/114 
f 275/302/114 329/367/113 443/558/265 
f 443/558/265 329/367/113 338/378/128 
f 338/378/128 446/561/269 443/558/265 
f 279/306/127 278/305/272 446/561/269 
f 446/561/269 338/378/128 279/306/127 
f 229/253/236 228/252/227 413/508/225 
f 413/508/225 421/517/235 229/253/236 
f 421/517/235 413/508/225 412/911/224 
f 412/911/224 422/518/237 421/517/235 
f 245/269/223 244/268/239 422/912/237 
f 422/912/237 412/503/224 245/269/223 
f 137/156/569 139/158/73 356/913/154 
f 356/913/154 637/914/570 137/156/569 
f 354/915/152 638/916/571 637/914/570 
f 637/914/570 356/913/154 354/915/152 
f 638/917/571 354/396/152 217/241/151 
f 217/241/151 209/231/572 638/917/571 
f 253/279/179 252/278/157 361/411/160 
f 361/411/160 378/442/180 253/279/179 
f 378/442/180 361/411/160 368/918/168 
f 368/918/168 370/445/170 378/442/180 
f 77/277/53 129/276/69 370/919/170 
f 370/919/170 368/421/168 77/277/53 
f 69/88/573 639/920/574 640/921/575 
f 640/921/575 66/85/576 69/88/573 
f 640/921/575 639/920/574 641/922/577 
f 641/922/577 642/923/578 640/921/575 
f 213/235/579 251/275/580 642/924/578 
f 642/924/578 641/925/577 213/235/579 
f 218/242/230 416/512/229 635/908/566 
f 635/908/566 210/232/565 218/242/230 
f 424/926/240 636/909/567 635/908/566 
f 635/908/566 416/512/229 424/926/240 
f 292/321/568 636/910/567 424/521/240 
f 424/521/240 244/268/239 292/321/568 
f 257/283/469 576/798/470 633/904/561 
f 633/904/561 206/228/562 257/283/469 
f 633/904/561 576/798/470 578/800/471 
f 578/800/471 634/905/563 633/904/561 
f 578/802/471 299/330/472 295/326/564 
f 295/326/564 634/906/563 578/802/471 
f 215/237/558 264/290/211 401/489/209 
f 401/489/209 631/901/557 215/237/558 
f 401/489/209 400/927/208 632/902/559 
f 632/902/559 631/901/557 401/489/209 
f 632/903/559 400/486/208 287/314/207 
f 287/314/207 267/293/560 632/903/559 
f 221/245/553 250/274/449 562/770/450 
f 562/770/450 629/897/554 221/245/553 
f 562/770/450 564/772/451 630/898/555 
f 630/898/555 629/897/554 562/770/450 
f 630/900/555 564/773/451 281/308/452 
f 281/308/452 272/299/556 630/900/555 
f 252/278/157 255/281/215 404/492/213 
f 404/492/213 359/409/158 252/278/157 
f 404/492/213 403/490/212 363/413/162 
f 363/413/162 359/409/158 404/492/213 
f 363/413/162 403/490/212 264/290/211 
f 264/290/211 265/291/163 363/413/162 
f 254/280/195 253/279/179 377/441/178 
f 377/441/178 391/470/196 254/280/195 
f 391/470/196 377/441/178 375/928/176 
f 375/928/176 392/471/197 391/470/196 
f 392/473/197 375/436/176 208/230/175 
f 208/230/175 207/229/199 392/473/197 
f 65/84/581 643/929/582 388/462/192 
f 388/462/192 59/82/39 65/84/581 
f 643/929/582 644/930/583 380/464/182 
f 380/464/182 388/462/192 643/929/582 
f 219/243/183 380/450/182 644/931/583 
f 644/931/583 220/244/584 219/243/183 
f 280/307/472 269/295/472 645/932/471 
f 645/932/471 646/933/471 280/307/472 
f 645/932/471 647/934/470 648/935/470 
f 648/935/470 646/933/471 645/932/471 
f 226/250/585 225/249/585 648/935/470 
f 648/935/470 647/934/470 226/250/585 
f 316/349/93 320/353/99 108/127/98 
f 108/127/98 107/126/96 316/349/93 
f 315/348/91 322/936/101 320/353/99 
f 320/353/99 316/349/93 315/348/91 
f 322/936/101 315/348/91 283/310/92 
f 283/310/92 282/309/103 322/936/101 
f 649/937/451 650/938/451 298/329/452 
f 298/329/452 297/328/452 649/937/451 
f 649/937/451 651/939/450 652/940/450 
f 652/940/450 650/938/451 649/937/451 
f 651/939/450 232/256/449 231/255/449 
f 231/255/449 652/940/450 651/939/450 
f 270/296/124 273/300/586 653/941/587 
f 653/941/587 335/375/123 270/296/124 
f 336/376/125 335/375/123 653/941/587 
f 653/941/587 654/942/588 336/376/125 
f 262/288/589 279/306/127 336/376/125 
f 336/376/125 654/942/588 262/288/589 
f 655/943/590 645/932/471 269/295/472 
f 269/295/472 268/294/591 655/943/590 
f 655/943/590 656/944/592 647/934/470 
f 647/934/470 645/932/471 655/943/590 
f 647/934/470 656/944/592 258/284/593 
f 258/284/593 226/250/585 647/934/470 
f 657/945/594 325/360/108 293/322/107 
f 293/322/107 296/327/595 657/945/594 
f 657/945/594 658/946/596 326/361/109 
f 326/361/109 325/360/108 657/945/594 
f 238/262/597 237/261/111 326/361/109 
f 326/361/109 658/946/596 238/262/597 
f 297/328/452 291/320/598 659/947/599 
f 659/947/599 649/937/451 297/328/452 
f 649/937/451 659/947/599 660/948/600 
f 660/948/600 651/939/450 649/937/451 
f 660/948/600 249/273/601 232/256/449 
f 232/256/449 651/939/450 660/948/600 
f 240/264/120 332/949/117 348/390/144 
f 348/390/144 241/265/143 240/264/120 
f 348/390/144 332/949/117 330/368/115 
f 330/368/115 340/380/130 348/390/144 
f 340/380/130 330/368/115 275/302/114 
f 275/302/114 274/301/131 340/380/130 
f 346/950/138 659/947/599 291/320/598 
f 291/320/598 290/319/139 346/950/138 
f 344/384/136 660/948/600 659/947/599 
f 659/947/599 346/950/138 344/384/136 
f 344/384/136 246/270/135 249/273/601 
f 249/273/601 660/948/600 344/384/136 
f 298/329/452 650/938/451 657/945/594 
f 657/945/594 296/327/595 298/329/452 
f 657/945/594 650/938/451 652/940/450 
f 652/940/450 658/946/596 657/945/594 
f 658/946/596 652/940/450 231/255/449 
f 231/255/449 238/262/597 658/946/596 
f 268/294/591 289/317/87 312/951/85 
f 312/951/85 655/943/590 268/294/591 
f 312/951/85 309/340/82 656/944/592 
f 656/944/592 655/943/590 312/951/85 
f 656/944/592 309/340/82 260/286/81 
f 260/286/81 258/284/593 656/944/592 
f 273/300/586 280/307/472 646/933/471 
f 646/933/471 653/941/587 273/300/586 
f 648/935/470 654/942/588 653/941/587 
f 653/941/587 646/933/471 648/935/470 
f 654/942/588 648/935/470 225/249/585 
f 225/249/585 262/288/589 654/942/588 
f 224/248/469 223/247/469 661/952/470 
f 661/952/470 662/953/470 224/248/469 
f 661/952/470 663/954/471 664/955/471 
f 664/955/471 662/953/470 661/952/470 
f 664/956/471 663/957/471 302/333/472 
f 302/333/472 306/337/472 664/956/471 
f 100/119/251 99/118/263 440/551/261 
f 440/551/261 433/538/252 100/119/251 
f 433/538/252 440/551/261 439/958/260 
f 439/958/260 425/540/241 433/538/252 
f 439/548/260 106/125/259 105/124/242 
f 105/124/242 425/527/241 439/548/260 
f 665/959/450 666/960/450 234/258/602 
f 234/258/602 233/257/602 665/959/450 
f 665/959/450 667/961/451 668/962/451 
f 668/962/451 666/960/450 665/959/450 
f 301/332/452 668/963/451 667/964/451 
f 667/964/451 303/334/452 301/332/452 
f 669/965/603 448/563/271 278/305/272 
f 278/305/272 263/289/604 669/965/603 
f 448/563/271 669/965/603 670/966/605 
f 670/966/605 449/564/273 448/563/271 
f 670/967/605 305/336/606 308/339/275 
f 308/339/275 449/566/273 670/967/605 
f 223/247/469 259/285/607 671/968/608 
f 671/968/608 661/952/470 223/247/469 
f 663/954/471 661/952/470 671/968/608 
f 671/968/608 672/969/609 663/954/471 
f 98/117/610 302/333/472 663/957/471 
f 663/957/471 672/970/609 98/117/610 
f 235/259/611 673/971/612 430/534/248 
f 430/534/248 236/260/247 235/259/611 
f 673/971/612 674/972/613 431/535/249 
f 431/535/249 430/534/248 673/971/612 
f 431/537/249 674/973/613 97/116/614 
f 97/116/614 100/119/251 431/537/249 
f 233/257/602 248/272/615 675/974/616 
f 675/974/616 665/959/450 233/257/602 
f 676/975/617 667/961/451 665/959/450 
f 665/959/450 675/974/616 676/975/617 
f 676/976/617 304/335/618 303/334/452 
f 303/334/452 667/964/451 676/976/617 
f 445/560/267 452/573/277 277/304/280 
f 277/304/280 276/303/268 445/560/267 
f 445/560/267 451/977/276 455/576/281 
f 455/576/281 452/573/277 445/560/267 
f 308/339/275 307/338/284 455/580/281 
f 455/580/281 451/567/276 308/339/275 
f 675/974/616 248/272/615 247/271/287 
f 247/271/287 459/583/286 675/974/616 
f 675/974/616 459/583/286 457/978/283 
f 457/978/283 676/975/617 675/974/616 
f 457/578/283 307/338/284 304/335/618 
f 304/335/618 676/976/617 457/578/283 
f 235/259/611 234/258/602 666/960/450 
f 666/960/450 673/971/612 235/259/611 
f 668/962/451 674/972/613 673/971/612 
f 673/971/612 666/960/450 668/962/451 
f 301/332/452 97/116/614 674/973/613 
f 674/973/613 668/963/451 301/332/452 
f 259/285/607 261/287/255 435/544/254 
f 435/544/254 671/968/608 259/285/607 
f 671/968/608 435/544/254 442/979/264 
f 442/979/264 672/969/609 671/968/608 
f 99/118/263 98/117/610 672/970/609 
f 672/970/609 442/552/264 99/118/263 
f 263/289/604 224/248/469 662/953/470 
f 662/953/470 669/965/603 263/289/604 
f 670/966/605 669/965/603 662/953/470 
f 662/953/470 664/955/471 670/966/605 
f 670/967/605 664/956/471 306/337/472 
f 306/337/472 305/336/606 670/967/605 
f 342/382/133 460/584/288 247/271/287 
f 247/271/287 246/270/135 342/382/133 
f 341/381/132 454/575/279 460/584/288 
f 460/584/288 342/382/133 341/381/132 
f 274/301/131 277/304/280 454/575/279 
f 454/575/279 341/381/132 274/301/131 
f 428/533/245 328/363/112 237/261/111 
f 237/261/111 236/260/247 428/533/245 
f 428/533/245 426/980/243 319/364/97 
f 319/364/97 328/363/112 428/533/245 
f 319/352/97 426/528/243 105/124/242 
f 105/124/242 108/127/98 319/352/97 
f 65/84/581 66/85/576 640/981/575 
f 640/981/575 643/929/582 65/84/581 
f 643/929/582 640/981/575 642/923/578 
f 642/923/578 644/982/583 643/929/582 
f 220/244/584 644/931/583 642/924/578 
f 642/924/578 251/275/580 220/244/584 
f 71/90/619 677/983/620 639/920/574 
f 639/920/574 69/88/573 71/90/619 
f 678/984/621 641/922/577 639/920/574 
f 639/920/574 677/983/620 678/984/621 
f 641/925/577 678/985/621 214/236/622 
f 214/236/622 213/235/579 641/925/577 
f 365/986/165 677/983/620 71/90/619 
f 71/90/619 73/92/49 365/986/165 
f 677/983/620 365/986/165 364/987/164 
f 364/987/164 678/988/621 677/983/620 
f 364/414/164 265/291/163 214/236/622 
f 214/236/622 678/985/621 364/414/164 
f 125/144/65 131/150/623 679/989/624 
f 679/989/624 372/433/172 125/144/65 
f 680/990/625 373/434/173 372/433/172 
f 372/433/172 679/989/624 680/990/625 
f 373/438/173 680/991/625 205/227/626 
f 205/227/626 208/230/175 373/438/173 
f 679/989/624 131/150/623 133/152/627 
f 133/152/627 681/992/628 679/989/624 
f 681/992/628 682/993/629 680/994/625 
f 680/994/625 679/989/624 681/992/628 
f 680/991/625 682/995/629 256/282/630 
f 256/282/630 205/227/626 680/991/625 
f 135/154/631 683/996/632 681/992/628 
f 681/992/628 133/152/627 135/154/631 
f 681/992/628 683/996/632 684/997/633 
f 684/997/633 682/993/629 681/992/628 
f 212/234/634 256/282/630 682/995/629 
f 682/995/629 684/998/633 212/234/634 
f 135/154/631 137/156/569 637/914/570 
f 637/914/570 683/999/632 135/154/631 
f 683/999/632 637/914/570 638/1000/571 
f 638/1000/571 684/997/633 683/999/632 
f 684/998/633 638/917/571 209/231/572 
f 209/231/572 212/234/634 684/998/633 
f 222/246/220 409/500/219 381/451/184 
f 381/451/184 219/243/183 222/246/220 
f 415/509/228 382/452/185 381/451/184 
f 381/451/184 409/500/219 415/509/228 
f 382/452/185 415/509/228 228/252/227 
f 228/252/227 227/251/188 382/452/185 
f 141/240/74 63/239/43 385/1001/189 
f 385/1001/189 358/403/156 141/240/74 
f 385/1001/189 384/1002/187 351/404/147 
f 351/404/147 358/403/156 385/1001/189 
f 351/393/147 384/454/187 227/251/188 
f 227/251/188 230/254/148 351/393/147 
f 465/591/78 466/594/78 473/605/78 
f 483/623/78 488/632/78 493/643/78 
f 483/623/78 493/643/78 498/651/78 
f 498/651/78 503/661/78 508/670/78 
f 498/651/78 508/670/78 513/680/78 
f 483/623/78 498/651/78 513/680/78 
f 513/680/78 518/690/78 523/699/78 
f 483/623/78 513/680/78 523/699/78 
f 483/623/78 523/699/78 528/709/78 
f 478/614/78 483/623/78 528/709/78 
f 473/605/78 478/614/78 528/709/78 
f 528/709/78 533/719/78 538/728/78 
f 538/728/78 543/737/78 548/746/78 
f 528/709/78 538/728/78 548/746/78 
f 528/709/78 548/746/78 553/754/78 
f 473/605/78 528/709/78 553/754/78 
f 553/754/78 558/764/78 567/780/78 
f 473/605/78 553/754/78 567/780/78 
f 465/591/78 473/605/78 567/780/78 
f 567/780/78 572/792/78 581/807/78 
f 465/591/78 567/780/78 581/807/78 
f 465/591/78 581/807/78 586/816/78 
f 465/591/78 586/816/78 591/824/78 
f 465/591/78 591/824/78 596/834/78 
f 596/834/78 601/843/78 606/852/78 
f 465/591/78 596/834/78 606/852/78 
f 465/591/78 606/852/78 611/861/78 
f 616/870/78 621/879/78 626/888/78 
f 611/861/78 616/870/78 626/888/78 
f 465/591/78 611/861/78 626/888/78 
# 1316 faces

#
# object Sphere_001
#

v  -0.3574 0.8039 -3.2595
v  -0.3599 0.5918 -2.6698
v  -0.3594 1.0480 -2.5111
v  -0.3551 1.2511 -3.0896
v  0.3273 0.5893 -2.6646
v  0.3321 0.7918 -3.2268
v  0.3325 1.2392 -3.0574
v  0.3277 1.0456 -2.5060
v  0.3077 1.1938 -2.4335
v  -0.3393 1.1961 -2.4383
v  -0.3395 1.0413 -2.4921
v  0.3075 1.0390 -2.4873
v  0.0383 0.2813 -3.8487
v  0.0371 0.3522 -3.6558
v  -0.1074 0.3574 -3.6704
v  -0.0752 0.2854 -3.8600
v  0.0397 0.2493 -4.0516
v  -0.0385 0.2521 -4.0595
v  0.0014 0.2590 -4.2609
v  0.0413 0.2576 -4.2569
v  0.0429 0.3057 -4.4566
v  0.2344 0.7485 -3.2418
v  0.0353 0.7427 -3.2248
v  0.0356 0.5987 -3.3296
v  0.2246 0.6042 -3.3458
v  -0.1532 0.6055 -3.3486
v  -0.1337 0.4655 -3.4977
v  0.0362 0.4594 -3.4806
v  -0.2967 0.4824 -3.5457
v  -0.2460 0.3717 -3.7112
v  -0.1841 0.2966 -3.8922
v  -0.1135 0.2599 -4.0815
v  -0.0369 0.2630 -4.2722
v  -0.4856 1.5769 -3.1895
v  -0.6274 1.6159 -3.3012
v  -0.6885 1.5942 -3.2453
v  -0.5337 1.5516 -3.1233
v  -0.3344 0.6243 -3.4020
v  -0.0721 0.2693 -4.2902
v  -0.3727 0.8160 -3.2911
v  -0.3725 1.2666 -3.1151
v  -0.5421 1.3525 -3.1797
v  -0.5344 0.8238 -3.3765
v  -0.5010 0.6542 -3.4877
v  -0.4467 0.5094 -3.6229
v  -0.3736 0.3947 -3.7769
v  -0.2844 0.3147 -3.9437
v  -0.1826 0.2723 -4.1171
v  -0.5779 0.5454 -3.7262
v  -0.4851 0.4254 -3.8648
v  -0.3720 0.3388 -4.0128
v  -0.2429 0.2889 -4.1647
v  -0.1028 0.2777 -4.3146
v  -0.8150 1.6458 -3.3933
v  -0.7434 1.6633 -3.4369
v  -0.6891 0.8663 -3.4984
v  -0.6468 0.6943 -3.6025
v  -0.1280 0.2880 -4.3440
v  -0.9085 1.7045 -3.5618
v  -0.8292 1.7171 -3.5914
v  -0.8157 0.9179 -3.6464
v  -0.7660 0.7429 -3.7420
v  -0.6851 0.5892 -3.8518
v  -0.5764 0.4626 -3.9715
v  -0.4437 0.3680 -4.0967
v  -0.2923 0.3090 -4.2225
v  -0.6438 0.5049 -4.0930
v  -0.4967 0.4013 -4.1921
v  -0.3288 0.3320 -4.2882
v  -0.1466 0.2997 -4.3775
v  -0.8813 1.7753 -3.7588
v  -0.9655 1.7680 -3.7445
v  -0.9091 0.9766 -3.8150
v  -0.8541 0.7982 -3.9007
v  -0.7645 0.6390 -3.9947
v  -0.9661 1.0402 -3.9976
v  -0.9077 0.8581 -4.0727
v  -0.8127 0.6928 -4.1494
v  -0.6848 0.5507 -4.2246
v  -0.5289 0.4372 -4.2955
v  -0.3511 0.3568 -4.3594
v  -0.1580 0.3123 -4.4138
v  -0.8980 1.8358 -3.9327
v  -0.9835 1.8340 -3.9340
v  -0.5391 0.4746 -4.4029
v  -0.3581 0.3825 -4.4334
v  -0.1616 0.3255 -4.4515
v  -0.8784 1.8961 -4.1061
v  -0.9621 1.8998 -4.1232
v  -0.9842 1.1061 -4.1871
v  -0.9247 0.9202 -4.2513
v  -0.8280 0.7487 -4.3101
v  -0.6979 0.5983 -4.3613
v  -0.9046 0.9822 -4.4295
v  -0.9628 1.1719 -4.3764
v  -0.8100 0.8045 -4.4705
v  -0.6824 0.6457 -4.4977
v  -0.5270 0.5119 -4.5101
v  -0.3498 0.4082 -4.5072
v  -0.1573 0.3385 -4.4892
v  -0.9021 1.9629 -4.3049
v  -0.8233 1.9540 -4.2727
v  -0.4930 0.5476 -4.6131
v  -0.3263 0.4328 -4.5781
v  -0.1453 0.3511 -4.5253
v  -0.8056 2.0210 -4.4721
v  -0.7349 2.0072 -4.4260
v  -0.9027 1.2351 -4.5581
v  -0.8480 1.0417 -4.6007
v  -0.7590 0.8580 -4.6246
v  -0.6392 0.6912 -4.6288
v  -0.7571 1.0963 -4.7581
v  -0.6773 0.9072 -4.7662
v  -0.5696 0.7331 -4.7492
v  -0.4384 0.5805 -4.7077
v  -0.2887 0.4554 -4.6434
v  -0.1262 0.3626 -4.5585
v  -0.6766 2.0717 -4.6182
v  -0.6165 2.0537 -4.5600
v  -0.8063 1.2931 -4.7252
v  -0.2383 0.4752 -4.7004
v  -0.1005 0.3727 -4.5877
v  -0.4728 2.0917 -4.6696
v  -0.5197 2.1131 -4.7379
v  -0.6772 1.3438 -4.8714
v  -0.6356 1.1441 -4.8958
v  -0.5678 0.9502 -4.8901
v  -0.4765 0.7696 -4.8546
v  -0.3653 0.6092 -4.7905
v  -0.4878 1.1831 -5.0084
v  -0.4349 0.9854 -4.9916
v  -0.3634 0.7995 -4.9408
v  -0.2765 0.6327 -4.8583
v  -0.1771 0.4914 -4.7470
v  -0.0693 0.3810 -4.6114
v  -0.3092 2.1197 -4.7506
v  -0.3412 2.1437 -4.8263
v  -0.5204 1.3852 -4.9910
v  -0.1074 0.5033 -4.7815
v  -0.0338 0.3870 -4.6290
v  -0.1319 2.1367 -4.8000
v  -0.1479 2.1622 -4.8800
v  -0.3419 1.4158 -5.0794
v  -0.3197 1.2119 -5.0917
v  -0.2835 1.0113 -5.0664
v  -0.2348 0.8215 -5.0046
v  -0.1754 0.6500 -4.9083
v  -0.0955 0.8349 -5.0433
v  -0.1197 1.0270 -5.1121
v  -0.0659 0.6605 -4.9388
v  -0.0321 0.5105 -4.8026
v  0.0046 0.3907 -4.6397
v  0.0528 2.1680 -4.8972
v  0.0521 2.1420 -4.8157
v  -0.1486 1.4343 -5.1331
v  -0.1376 1.2294 -5.1424
v  0.0446 0.3919 -4.6431
v  0.2358 2.1354 -4.7973
v  0.2532 2.1608 -4.8770
v  0.0521 1.4401 -5.1503
v  0.0514 1.2348 -5.1585
v  0.0504 1.0319 -5.1267
v  0.0492 0.8391 -5.0557
v  0.0478 0.6638 -4.9486
v  0.0463 0.5128 -4.8092
v  0.1613 0.6597 -4.9371
v  0.1937 0.8339 -5.0412
v  0.1244 0.5100 -4.8014
v  0.0844 0.3905 -4.6391
v  0.4121 2.1171 -4.7453
v  0.4455 2.1409 -4.8204
v  0.2401 1.2280 -5.1396
v  0.2525 1.4329 -5.1301
v  0.2203 1.0258 -5.1096
v  0.5744 2.0880 -4.6618
v  0.6225 2.1090 -4.7294
v  0.4448 1.4130 -5.0735
v  0.4214 1.2093 -5.0862
v  0.3834 1.0089 -5.0615
v  0.3324 0.8195 -5.0004
v  0.2703 0.6484 -4.9050
v  0.1995 0.5022 -4.7792
v  0.1227 0.3865 -4.6278
v  0.4599 0.7966 -4.9347
v  0.3705 0.6304 -4.8535
v  0.2685 0.4898 -4.7437
v  0.1579 0.3802 -4.6097
v  0.7162 2.0490 -4.5501
v  0.7772 2.0665 -4.6074
v  0.6217 1.3812 -4.9825
v  0.5880 1.1793 -5.0005
v  0.5334 0.9819 -4.9844
v  0.7764 1.3386 -4.8605
v  0.7338 1.1392 -4.8857
v  0.6645 0.9458 -4.8810
v  0.5715 0.7659 -4.8468
v  0.4581 0.6063 -4.7844
v  0.3289 0.4732 -4.6962
v  0.1886 0.3717 -4.5855
v  0.8323 2.0016 -4.4143
v  0.9037 2.0149 -4.4594
v  0.5298 0.5771 -4.7005
v  0.3782 0.4531 -4.6384
v  0.2138 0.3614 -4.5560
v  0.9973 1.9562 -4.2908
v  0.9180 1.9478 -4.2598
v  0.9030 1.2870 -4.7125
v  0.8529 1.0906 -4.7462
v  0.7718 0.9021 -4.7555
v  0.6627 0.7287 -4.7401
v  0.9965 1.2283 -4.5440
v  0.9411 1.0353 -4.5874
v  0.8511 0.8523 -4.6126
v  0.7302 0.6863 -4.6186
v  0.5828 0.5438 -4.6051
v  0.4147 0.4301 -4.5726
v  0.2325 0.3498 -4.5225
v  0.9702 1.8895 -4.0924
v  1.0542 1.8926 -4.1083
v  0.6150 0.5078 -4.5016
v  0.4369 0.4054 -4.5014
v  0.2438 0.3371 -4.4862
v  0.9868 1.8291 -3.9187
v  1.0723 1.8267 -3.9187
v  1.0534 1.1647 -4.3614
v  0.9947 0.9754 -4.4154
v  0.8994 0.7984 -4.4578
v  0.7712 0.6405 -4.4869
v  1.0118 0.9133 -4.2369
v  0.9147 0.7425 -4.2971
v  0.7842 0.5930 -4.3503
v  0.6253 0.4705 -4.3943
v  0.4441 0.3796 -4.4274
v  0.2474 0.3240 -4.4485
v  0.9671 1.7688 -3.7451
v  1.0509 1.7609 -3.7295
v  1.0716 1.0988 -4.1718
v  0.4357 0.3540 -4.3536
v  0.2431 0.3109 -4.4108
v  0.9908 1.6977 -3.5477
v  0.9121 1.7109 -3.5785
v  1.0502 1.0330 -3.9826
v  0.9915 0.8513 -4.0586
v  0.8966 0.6867 -4.1367
v  0.7688 0.5456 -4.2138
v  0.6132 0.4332 -4.2870
v  0.8457 0.6332 -3.9827
v  0.7255 0.5000 -4.0828
v  0.5792 0.3974 -4.1841
v  0.4123 0.3293 -4.2827
v  0.2312 0.2983 -4.3747
v  0.8944 1.6397 -3.3806
v  0.8236 1.6577 -3.4253
v  0.9901 0.9699 -3.8009
v  0.9350 0.7919 -3.8874
v  0.2120 0.2868 -4.3414
v  0.7653 1.5890 -3.2345
v  0.7053 1.6112 -3.2913
v  0.8937 0.9118 -3.6337
v  0.8441 0.7372 -3.7300
v  0.7639 0.5840 -3.8410
v  0.6560 0.4582 -3.9623
v  0.5246 0.3645 -4.0895
v  0.3746 0.3067 -4.2175
v  0.6545 0.5410 -3.7170
v  0.5629 0.4216 -3.8570
v  0.4514 0.3358 -4.0066
v  0.3243 0.2869 -4.1605
v  0.1863 0.2767 -4.3124
v  0.5615 1.5732 -3.1817
v  0.6085 1.5476 -3.1148
v  0.7645 0.8611 -3.4876
v  0.7226 0.6894 -3.5923
v  0.1551 0.2685 -4.2885
v  0.3979 1.5452 -3.1006
v  0.4300 1.5170 -3.0265
v  0.6077 0.8197 -3.3681
v  0.5748 0.6504 -3.4797
v  0.5215 0.5059 -3.6157
v  0.4499 0.3918 -3.7707
v  0.3625 0.3124 -3.9389
v  0.2630 0.2707 -4.1137
v  0.2615 0.2950 -3.8888
v  0.3212 0.3697 -3.7070
v  0.1934 0.2588 -4.0793
v  0.1196 0.2624 -4.2710
v  0.2206 1.5282 -3.0513
v  0.2366 1.4985 -2.9726
v  0.4067 0.6216 -3.3965
v  0.4292 0.7891 -3.2797
v  0.3702 0.4800 -3.5407
v  0.2168 1.5164 -3.0768
v  0.2127 0.8295 -3.3345
v  0.0363 0.8244 -3.3194
v  0.0368 1.5113 -3.0614
v  -0.1635 0.7499 -3.2448
v  0.2063 0.4643 -3.4951
v  0.1818 0.3564 -3.6682
v  0.1519 0.2845 -3.8584
v  0.1180 0.2516 -4.0583
v  0.0812 0.2587 -4.2603
v  -0.0891 0.4697 -3.7238
v  0.0379 0.4652 -3.7111
v  0.0390 0.4028 -3.8809
v  -0.0608 0.4064 -3.8909
v  -0.0284 0.3773 -4.0665
v  0.0402 0.3748 -4.0596
v  0.0416 0.3822 -4.2403
v  0.0066 0.3835 -4.2438
v  0.0431 0.4245 -4.4153
v  -0.3154 1.5356 -3.1303
v  -0.1429 1.5177 -3.0794
v  -0.1399 0.8308 -3.3371
v  -0.3090 0.8483 -3.3870
v  0.0366 0.6821 -3.4237
v  -0.1295 0.6881 -3.4404
v  0.0371 0.5595 -3.5567
v  -0.1123 0.5649 -3.5717
v  -0.2111 0.4824 -3.7599
v  -0.2558 0.5797 -3.6140
v  -0.1566 0.4163 -3.9192
v  -0.0944 0.3841 -4.0859
v  -0.0269 0.3869 -4.2537
v  -0.4645 0.8762 -3.4670
v  -0.4740 1.5641 -3.2119
v  -0.2889 0.7046 -3.4874
v  -0.0577 0.3925 -4.2695
v  -0.6005 0.9136 -3.5741
v  -0.6128 1.6023 -3.3212
v  -0.4356 0.7310 -3.5628
v  -0.3877 0.6034 -3.6820
v  -0.3233 0.5025 -3.8176
v  -0.2447 0.4322 -3.9645
v  -0.1551 0.3950 -4.1171
v  -0.4213 0.5295 -3.8948
v  -0.5031 0.6352 -3.7728
v  -0.3217 0.4534 -4.0252
v  -0.2081 0.4096 -4.1589
v  -0.0847 0.3999 -4.2908
v  -0.7263 1.6486 -3.4540
v  -0.7118 0.9590 -3.7044
v  -0.5638 0.7662 -3.6639
v  -0.1068 0.4089 -4.3166
v  -0.7940 1.0106 -3.8525
v  -0.8102 1.7012 -3.6052
v  -0.6687 0.8090 -3.7866
v  -0.5975 0.6737 -3.8832
v  -0.5016 0.5622 -3.9887
v  -0.3848 0.4791 -4.0990
v  -0.2515 0.4273 -4.2097
v  -0.4314 0.5083 -4.1829
v  -0.5609 0.5995 -4.0956
v  -0.2834 0.4474 -4.2674
v  -0.1231 0.4191 -4.3460
v  -0.8441 1.0665 -4.0131
v  -0.8612 1.7582 -3.7689
v  -0.7462 0.8577 -3.9262
v  -0.6673 0.7175 -4.0090
v  -0.7934 0.9104 -4.0776
v  -0.7097 0.7648 -4.1451
v  -0.5970 0.6398 -4.2113
v  -0.4597 0.5399 -4.2738
v  -0.3030 0.4692 -4.3300
v  -0.1330 0.4302 -4.3778
v  -0.8600 1.1245 -4.1797
v  -0.8774 1.8173 -3.9389
v  -0.3092 0.4918 -4.3949
v  -0.4687 0.5728 -4.3682
v  -0.1362 0.4417 -4.4108
v  -0.8582 1.8763 -4.1086
v  -0.8412 1.1823 -4.3461
v  -0.8084 0.9650 -4.2347
v  -0.7232 0.8140 -4.2865
v  -0.6085 0.6816 -4.3315
v  -0.7906 1.0195 -4.3916
v  -0.7073 0.8631 -4.4277
v  -0.5949 0.7233 -4.4515
v  -0.4580 0.6055 -4.4624
v  -0.3018 0.5143 -4.4598
v  -0.1324 0.4532 -4.4439
v  -0.8043 1.9330 -4.2716
v  -0.7884 1.2378 -4.5058
v  -0.2813 0.5360 -4.5221
v  -0.4281 0.6370 -4.5529
v  -0.1220 0.4642 -4.4755
v  -0.7179 1.9850 -4.4214
v  -0.7036 1.2889 -4.6527
v  -0.7409 1.0719 -4.5421
v  -0.6625 0.9102 -4.5631
v  -0.5568 0.7633 -4.5667
v  -0.5905 0.9535 -4.6878
v  -0.6610 1.1200 -4.6807
v  -0.4956 0.8001 -4.6727
v  -0.3801 0.6659 -4.6361
v  -0.2482 0.5559 -4.5794
v  -0.1052 0.4743 -4.5047
v  -0.5900 1.3335 -4.7813
v  -0.6021 2.0305 -4.5525
v  -0.2040 0.5732 -4.6294
v  -0.0826 0.4832 -4.5301
v  -0.4614 2.0676 -4.6597
v  -0.4523 1.3699 -4.8864
v  -0.5540 1.1620 -4.8018
v  -0.4942 0.9913 -4.7968
v  -0.4138 0.8323 -4.7654
v  -0.3158 0.6911 -4.7089
v  -0.3773 1.0222 -4.8859
v  -0.4239 1.1963 -4.9010
v  -0.3144 0.8586 -4.8413
v  -0.2377 0.7118 -4.7685
v  -0.1502 0.5874 -4.6704
v  -0.0553 0.4904 -4.5510
v  -0.3014 2.0951 -4.7391
v  -0.2953 1.3968 -4.9641
v  -0.0890 0.5979 -4.7008
v  -0.0242 0.4957 -4.5664
v  -0.1253 1.4130 -5.0115
v  -0.1281 2.1117 -4.7873
v  -0.2760 1.2217 -4.9742
v  -0.2442 1.0450 -4.9518
v  -0.2013 0.8779 -4.8973
v  -0.1489 0.7270 -4.8124
v  -0.0786 0.8897 -4.9314
v  -0.1000 1.0588 -4.9920
v  -0.0526 0.7362 -4.8392
v  -0.0228 0.6043 -4.7192
v  0.0096 0.4989 -4.5757
v  0.0511 1.4181 -5.0265
v  0.0519 2.1168 -4.8026
v  -0.1159 1.2370 -5.0188
v  0.0445 0.4999 -4.5788
v  0.2273 1.4118 -5.0088
v  0.2316 2.1104 -4.7846
v  0.0506 1.2418 -5.0330
v  0.0496 1.0631 -5.0049
v  0.0486 0.8933 -4.9423
v  0.0474 0.7391 -4.8478
v  0.0460 0.6063 -4.7251
v  0.1471 0.7355 -4.8377
v  0.1757 0.8888 -4.9295
v  0.1146 0.6038 -4.7182
v  0.0795 0.4987 -4.5752
v  0.3963 1.3943 -4.9590
v  0.4041 2.0925 -4.7338
v  0.2166 1.2358 -5.0163
v  0.1991 1.0577 -4.9897
v  0.5519 1.3663 -4.8789
v  0.5627 2.0640 -4.6521
v  0.3760 1.2194 -4.9693
v  0.3425 1.0429 -4.9475
v  0.2976 0.8762 -4.8936
v  0.2429 0.7256 -4.8095
v  0.1806 0.5970 -4.6988
v  0.1130 0.4952 -4.5654
v  0.3310 0.7097 -4.7643
v  0.4098 0.8560 -4.8359
v  0.2411 0.5861 -4.6675
v  0.1438 0.4897 -4.5495
v  0.6879 1.3289 -4.7718
v  0.7015 2.0258 -4.5428
v  0.5226 1.1930 -4.8939
v  0.4745 1.0191 -4.8796
v  0.6509 1.1577 -4.7929
v  0.5899 0.9874 -4.7887
v  0.5079 0.8290 -4.7585
v  0.4080 0.6886 -4.7035
v  0.2942 0.5715 -4.6257
v  0.1708 0.4823 -4.5282
v  0.8150 1.9795 -4.4100
v  0.7992 1.2835 -4.6416
v  0.3376 0.5538 -4.5750
v  0.4711 0.6628 -4.6298
v  0.1928 0.4733 -4.5025
v  0.8815 1.2319 -4.4934
v  0.8989 1.9269 -4.2589
v  0.7558 1.1149 -4.6702
v  0.6842 0.9489 -4.6783
v  0.5881 0.7963 -4.6646
v  0.8332 1.0663 -4.5304
v  0.7540 0.9051 -4.5526
v  0.6474 0.7590 -4.5578
v  0.5176 0.6336 -4.5459
v  0.3696 0.5337 -4.5173
v  0.2091 0.4630 -4.4731
v  0.9315 1.1760 -4.3329
v  0.9499 1.8699 -4.0951
v  0.3892 0.5119 -4.4547
v  0.5460 0.6020 -4.4549
v  0.2191 0.4519 -4.4413
v  0.9474 1.1181 -4.1663
v  0.9661 1.8108 -3.9252
v  0.8804 1.0136 -4.3792
v  0.7965 0.8577 -4.4165
v  0.6835 0.7187 -4.4420
v  0.8954 0.9589 -4.2220
v  0.8099 0.8086 -4.2751
v  0.6950 0.6769 -4.3218
v  0.5550 0.5691 -4.3606
v  0.3954 0.4893 -4.3897
v  0.2222 0.4404 -4.4082
v  0.9286 1.0602 -3.9999
v  0.9470 1.7518 -3.7555
v  0.3880 0.4667 -4.3248
v  0.2185 0.4290 -4.3752
v  0.8931 1.6951 -3.5925
v  0.8758 1.0047 -3.8401
v  0.8778 0.9044 -4.0652
v  0.7940 0.7595 -4.1339
v  0.6814 0.6352 -4.2018
v  0.5444 0.5364 -4.2664
v  0.6433 0.5952 -4.0866
v  0.7492 0.7124 -3.9984
v  0.5144 0.5049 -4.1759
v  0.3674 0.4451 -4.2626
v  0.2080 0.4180 -4.3436
v  0.8067 1.6431 -3.4426
v  0.7910 0.9537 -3.6932
v  0.8280 0.8521 -3.9146
v  0.1912 0.4079 -4.3144
v  0.6775 0.9091 -3.5646
v  0.6909 1.5976 -3.3115
v  0.7480 0.8040 -3.7760
v  0.6773 0.6691 -3.8738
v  0.5822 0.5584 -3.9807
v  0.4664 0.4760 -4.0926
v  0.3344 0.4252 -4.2053
v  0.5810 0.6313 -3.7648
v  0.5004 0.5262 -3.8880
v  0.4021 0.4508 -4.0198
v  0.2901 0.4078 -4.1552
v  0.1687 0.3990 -4.2889
v  0.5396 0.8727 -3.4596
v  0.5502 1.5605 -3.2043
v  0.6410 0.7619 -3.6549
v  0.1414 0.3918 -4.2681
v  0.3902 1.5331 -3.1251
v  0.3827 0.8458 -3.3818
v  0.5111 0.7276 -3.5558
v  0.4641 0.6004 -3.6756
v  0.4009 0.5000 -3.8122
v  0.3240 0.4301 -3.9603
v  0.2364 0.3936 -4.1142
v  0.2352 0.4149 -3.9162
v  0.2878 0.4806 -3.7561
v  0.1752 0.3831 -4.0839
v  0.1103 0.3865 -4.2527
v  0.3631 0.7023 -3.4826
v  0.3310 0.5776 -3.6096
v  0.4353 1.3174 -3.0814
v  0.3518 1.2592 -3.0773
v  0.3502 0.8024 -3.2550
v  0.3477 0.7822 -3.2619
v  0.3314 0.7663 -3.2632
v  0.2029 0.6869 -3.4380
v  0.1868 0.5638 -3.5695
v  0.1652 0.4688 -3.7220
v  0.1389 0.4057 -3.8895
v  0.1090 0.3768 -4.0655
v  0.0766 0.3832 -4.2432
v  0.0358 1.4669 -2.9437
v  0.0358 1.4200 -2.9614
v  0.2400 1.4259 -2.9789
v  0.2403 1.4728 -2.9613
v  -0.3715 1.4131 -3.0592
v  -0.3688 1.4334 -3.0506
v  -0.3524 1.4455 -3.0406
v  -0.3622 1.4943 -3.0214
v  -0.5447 1.5269 -3.1148
v  -0.3297 0.7746 -3.2929
v  -0.3542 0.7801 -3.2988
v  -0.3703 0.7956 -3.2981
v  -0.7024 1.5703 -3.2390
v  -0.6991 1.3956 -3.3034
v  -0.8314 1.6229 -3.3900
v  -0.8274 1.4480 -3.4535
v  -0.9266 1.6827 -3.5617
v  -0.9223 1.5076 -3.6245
v  -0.9846 1.7475 -3.7477
v  -0.9801 1.5720 -3.8097
v  -1.0031 1.8147 -3.9408
v  -0.9984 1.6389 -4.0020
v  -0.9813 1.8817 -4.1338
v  -0.9767 1.7056 -4.1940
v  -0.9201 1.9461 -4.3189
v  -0.9157 1.7697 -4.3782
v  -0.8218 2.0052 -4.4892
v  -0.8180 1.8285 -4.5478
v  -0.6902 2.0569 -4.6381
v  -0.6870 1.8800 -4.6960
v  -0.5305 2.0991 -4.7601
v  -0.5280 1.9220 -4.8173
v  -0.3485 2.1303 -4.8501
v  -0.3469 1.9530 -4.9070
v  -0.1516 2.1491 -4.9049
v  -0.1508 1.9718 -4.9615
v  0.0529 2.1550 -4.9224
v  0.0528 1.9777 -4.9790
v  0.2572 2.1477 -4.9019
v  0.2560 1.9704 -4.9585
v  0.4532 2.1274 -4.8442
v  0.4511 1.9502 -4.9011
v  0.6335 2.0950 -4.7514
v  0.6305 1.9179 -4.8087
v  0.7912 2.0516 -4.6271
v  0.7875 1.8747 -4.6851
v  0.9159 1.8224 -4.5349
v  0.9200 1.9990 -4.4763
v  1.0154 1.9392 -4.3046
v  1.0107 1.7628 -4.3639
v  1.0734 1.8744 -4.1185
v  1.0684 1.6984 -4.1788
v  1.0918 1.8072 -3.9253
v  1.0868 1.6315 -3.9865
v  1.0700 1.7402 -3.7324
v  1.0651 1.5647 -3.7945
v  1.0088 1.6758 -3.5473
v  1.0042 1.5007 -3.6102
v  0.9106 1.6167 -3.3770
v  0.9063 1.4418 -3.4406
v  0.7790 1.5650 -3.2280
v  0.7754 1.3904 -3.2924
v  0.6191 1.5228 -3.1062
v  0.6163 1.3484 -3.1711
v  0.4373 1.4916 -3.0161
v  0.3513 1.4195 -3.0164
v  0.3540 1.4001 -3.0245
v  0.0360 1.4927 -2.9555
v  0.0367 1.5229 -3.0355
v  -0.1471 1.5295 -3.0541
v  -0.1644 1.4999 -2.9756
v  -0.3592 1.2027 -2.4573
v  -0.3543 1.4026 -3.0320
v  -0.3273 1.4452 -3.0323
v  -0.1682 1.4274 -2.9819
v  -0.1684 1.4742 -2.9643
v  -0.1722 1.4022 -2.9703
v  -0.3342 1.4190 -3.0182
v  -0.3392 1.2216 -2.4506
v  0.0356 1.3947 -2.9495
v  0.2437 1.4007 -2.9673
v  0.3126 1.4073 -2.9864
v  0.3079 1.2193 -2.4458
v  -0.3567 1.5198 -3.0323
v  -0.3234 1.5477 -3.1060
v  0.3070 1.4307 -2.9982
v  0.3338 1.4311 -3.0065
v  0.3067 0.7603 -3.2583
v  -0.3400 0.5849 -2.6508
v  0.3071 0.5826 -2.6460
v  0.3327 1.3908 -3.0000
v  0.3279 1.2003 -2.4522
v  0.3188 0.5828 -2.6466
v  0.3072 0.5718 -2.6505
v  0.3191 0.5718 -2.6513
v  0.3071 0.5672 -2.6602
v  0.3190 0.5679 -2.6596
v  0.3072 0.5705 -2.6714
v  0.3189 0.5711 -2.6711
v  0.3266 0.5783 -2.6685
v  0.3256 0.5741 -2.6574
v  0.3265 0.5854 -2.6537
v  -0.3593 0.5878 -2.6588
v  -0.3592 0.5807 -2.6736
v  -0.3584 0.5765 -2.6625
v  -0.3516 0.5735 -2.6761
v  -0.3519 0.5703 -2.6646
v  -0.3399 0.5728 -2.6762
v  -0.3400 0.5695 -2.6650
v  -0.3399 0.5741 -2.6553
v  -0.3518 0.5742 -2.6563
v  -0.3517 0.5852 -2.6516
v  0.3195 1.2186 -2.4459
v  0.3078 1.2148 -2.4350
v  0.3197 1.2139 -2.4350
v  0.3077 1.2050 -2.4303
v  0.3196 1.2055 -2.4309
v  0.3193 1.1940 -2.4340
v  0.3271 1.1965 -2.4411
v  0.3263 1.2076 -2.4370
v  0.3273 1.2113 -2.4483
v  -0.3586 1.1989 -2.4462
v  -0.3577 1.2101 -2.4421
v  -0.3585 1.2138 -2.4534
v  -0.3510 1.1964 -2.4390
v  -0.3513 1.2079 -2.4359
v  -0.3394 1.2073 -2.4351
v  -0.3392 1.2171 -2.4398
v  -0.3511 1.2162 -2.4400
v  -0.3508 1.2210 -2.4509
v  -0.3343 0.7849 -3.2713
v  -0.3375 0.7822 -3.2605
v  -0.3488 0.7844 -3.2619
v  -0.3489 0.7881 -3.2753
v  -0.3570 0.7960 -3.2749
v  -0.3563 0.7925 -3.2615
v  -0.3583 0.8080 -3.2705
v  -0.3619 0.7969 -3.2880
v  -0.3643 0.8128 -3.2831
v  -0.3510 0.7867 -3.2883
v  -0.3312 0.7819 -3.2839
v  -0.3531 1.4125 -3.0260
v  -0.3538 1.4185 -3.0383
v  -0.3551 1.4067 -3.0428
v  -0.3456 1.4243 -3.0334
v  -0.3455 1.4186 -3.0208
v  -0.3309 1.4236 -3.0280
v  -0.3282 1.4336 -3.0334
v  -0.3482 1.4333 -3.0403
v  -0.3592 1.4260 -3.0468
v  -0.3619 1.4108 -3.0535
v  0.3093 1.4120 -2.9964
v  0.3239 1.4069 -2.9891
v  0.3243 1.4125 -3.0017
v  0.3326 1.4066 -3.0063
v  0.3314 1.4007 -2.9941
v  0.3339 1.3949 -3.0107
v  0.3394 1.4132 -3.0139
v  0.3421 1.3984 -3.0202
v  0.3279 1.4205 -3.0075
v  0.3074 1.4206 -3.0007
v  0.3332 0.7959 -3.2376
v  0.3310 0.7804 -3.2288
v  0.3320 0.7838 -3.2422
v  0.3235 0.7721 -3.2295
v  0.3238 0.7758 -3.2429
v  0.3121 0.7697 -3.2285
v  0.3092 0.7722 -3.2394
v  0.3071 0.7686 -3.2508
v  0.3268 0.7739 -3.2545
v  0.3377 0.7843 -3.2539
v  0.3403 0.8001 -3.2486
v  0.3270 1.0418 -2.4953
v  0.3189 1.0392 -2.4878
v  -0.3589 1.0443 -2.5004
v  -0.3508 1.0416 -2.4928
v  0.0358 1.4777 -2.9403
v  -0.1684 1.4851 -2.9608
v  0.0358 1.4881 -2.9450
v  -0.1667 1.4954 -2.9654
v  -0.3633 1.5052 -3.0183
v  -0.3611 1.5155 -3.0227
v  -0.5445 1.5378 -3.1113
v  -0.5401 1.5477 -3.1148
v  -0.7021 1.5811 -3.2355
v  -0.6965 1.5907 -3.2379
v  -0.8245 1.6429 -3.3877
v  -0.8311 1.6337 -3.3864
v  -0.9263 1.6935 -3.5581
v  -0.9190 1.7023 -3.5581
v  -0.9844 1.7582 -3.7440
v  -0.9766 1.7665 -3.7427
v  -1.0028 1.8254 -3.9371
v  -0.9949 1.8332 -3.9344
v  -0.9810 1.8925 -4.1300
v  -0.9733 1.8997 -4.1257
v  -0.9198 1.9568 -4.3150
v  -0.9126 1.9636 -4.3095
v  -0.8215 2.0159 -4.4853
v  -0.8150 2.0222 -4.4785
v  -0.6900 2.0676 -4.6342
v  -0.6845 2.0735 -4.6262
v  -0.5302 2.1098 -4.7561
v  -0.5260 2.1154 -4.7471
v  -0.3484 2.1409 -4.8461
v  -0.3455 2.1463 -4.8365
v  -0.1515 2.1598 -4.9009
v  -0.1500 2.1650 -4.8909
v  0.0529 2.1709 -4.9083
v  0.0530 2.1657 -4.9184
v  0.2571 2.1583 -4.8979
v  0.2555 2.1636 -4.8879
v  0.4500 2.1435 -4.8306
v  0.4530 2.1381 -4.8402
v  0.6332 2.1056 -4.7474
v  0.6289 2.1113 -4.7385
v  0.7909 2.0623 -4.6232
v  0.7853 2.0683 -4.6153
v  0.9198 2.0097 -4.4724
v  0.9133 2.0161 -4.4656
v  1.0151 1.9499 -4.3007
v  1.0078 1.9567 -4.2952
v  1.0731 1.8851 -4.1147
v  1.0654 1.8925 -4.1106
v  1.0915 1.8180 -3.9216
v  1.0837 1.8258 -3.9189
v  1.0698 1.7509 -3.7287
v  1.0621 1.7593 -3.7276
v  1.0085 1.6866 -3.5437
v  1.0013 1.6954 -3.5438
v  0.9103 1.6275 -3.3734
v  0.9039 1.6367 -3.3749
v  0.7787 1.5758 -3.2245
v  0.7733 1.5855 -3.2270
v  0.6147 1.5436 -3.1062
v  0.6190 1.5336 -3.1027
v  0.4371 1.5025 -3.0126
v  0.4343 1.5127 -3.0167
v  0.2388 1.4939 -2.9624
v  0.2402 1.4836 -2.9578
v  0.0368 1.5264 -3.0464
v  -0.1447 1.5329 -3.0646
v  0.0369 1.5217 -3.0568
v  -0.1430 1.5281 -3.0749
v  -0.3189 1.5509 -3.1160
v  -0.3157 1.5460 -3.1258
v  -0.4792 1.5797 -3.1984
v  -0.4745 1.5746 -3.2075
v  -0.6193 1.6183 -3.3089
v  -0.6134 1.6128 -3.3169
v  -0.7270 1.6591 -3.4499
v  -0.7339 1.6650 -3.4429
v  -0.8187 1.7182 -3.5957
v  -0.8109 1.7118 -3.6011
v  -0.8701 1.7758 -3.7610
v  -0.8620 1.7689 -3.7650
v  -0.8866 1.8355 -3.9327
v  -0.8783 1.8281 -3.9351
v  -0.8672 1.8951 -4.1040
v  -0.8591 1.8871 -4.1051
v  -0.8128 1.9523 -4.2686
v  -0.8052 1.9438 -4.2681
v  -0.7254 2.0048 -4.4200
v  -0.7186 1.9959 -4.4181
v  -0.6085 2.0507 -4.5523
v  -0.6027 2.0414 -4.5494
v  -0.4664 2.0883 -4.6607
v  -0.4620 2.0786 -4.6567
v  -0.3048 2.1160 -4.7407
v  -0.3018 2.1060 -4.7361
v  -0.1298 2.1327 -4.7895
v  -0.1282 2.1227 -4.7844
v  0.0519 2.1278 -4.7997
v  0.0521 2.1380 -4.8050
v  0.2335 2.1314 -4.7868
v  0.2318 2.1214 -4.7817
v  0.4044 2.1035 -4.7308
v  0.4077 2.1134 -4.7354
v  0.5679 2.0846 -4.6530
v  0.5633 2.0749 -4.6491
v  0.7080 2.0461 -4.5425
v  0.7021 2.0368 -4.5397
v  0.8226 1.9993 -4.4085
v  0.8157 1.9904 -4.4067
v  0.9074 1.9461 -4.2559
v  0.8997 1.9377 -4.2554
v  0.9590 1.8886 -4.0905
v  0.9508 1.8807 -4.0916
v  0.9753 1.8288 -3.9188
v  0.9670 1.8215 -3.9214
v  0.9559 1.7692 -3.7474
v  0.9479 1.7624 -3.7515
v  0.9016 1.7121 -3.5829
v  0.8939 1.7057 -3.5884
v  0.8142 1.6595 -3.4314
v  0.8073 1.6536 -3.4385
v  0.6973 1.6136 -3.2991
v  0.6914 1.6081 -3.3072
v  0.5507 1.5709 -3.1999
v  0.5553 1.5761 -3.1907
v  0.3936 1.5484 -3.1107
v  0.3904 1.5435 -3.1206
v  0.2170 1.5269 -3.0723
v  0.2185 1.5316 -3.0619
v  -0.1664 0.7613 -3.2261
v  -0.1687 0.7562 -3.2160
v  -0.1643 0.7588 -3.2376
v  -0.1699 1.4064 -2.9807
v  -0.1683 1.4165 -2.9854
v  0.0356 1.3990 -2.9601
v  0.0358 1.4092 -2.9649
v  0.2415 1.4049 -2.9777
v  0.2400 1.4151 -2.9824
v  0.3332 1.2434 -3.0681
v  0.3409 1.2514 -3.0761
v  -0.3625 1.2614 -3.1108
v  -0.3555 1.2551 -3.1005
v  0.0352 0.7556 -3.2051
v  0.0351 0.7523 -3.1940
v  0.0353 0.7517 -3.2175
v  0.2390 0.7516 -3.2153
v  0.2370 0.7585 -3.2240
v  0.2352 0.7573 -3.2347
# 882 vertices

vn -1.0000 0.0047 -0.0041
vn -1.0000 0.0050 -0.0051
vn 1.0000 -0.0036 0.0074
vn -0.0082 -0.3285 0.9445
vn -0.0053 -0.9665 0.2565
vn -0.0065 -0.8983 0.4395
vn -0.1449 -0.8933 0.4255
vn -0.1144 -0.9626 0.2456
vn -0.0041 -0.9980 0.0636
vn -0.0796 -0.9952 0.0560
vn -0.0417 -0.9899 -0.1359
vn -0.0025 -0.9913 -0.1320
vn -0.0010 -0.9445 -0.3285
vn 0.1810 -0.5826 0.7924
vn -0.0081 -0.5885 0.8085
vn -0.0080 -0.6632 0.7485
vn 0.1727 -0.6577 0.7332
vn -0.1909 -0.6544 0.7316
vn -0.1698 -0.7900 0.5892
vn -0.0073 -0.7958 0.6055
vn -0.3257 -0.7739 0.5432
vn -0.2778 -0.8795 0.3863
vn -0.2192 -0.9517 0.2147
vn -0.1522 -0.9878 0.0346
vn -0.0793 -0.9859 -0.1470
vn -0.0138 0.9371 0.3488
vn -0.0178 0.9382 0.3457
vn -0.3632 -0.6315 0.6850
vn -0.1140 -0.9797 -0.1648
vn -0.5646 -0.3632 0.7411
vn -0.4661 -0.3178 0.8257
vn -0.5569 -0.2984 0.7752
vn -0.5477 -0.4184 0.7245
vn -0.5170 -0.6066 0.6039
vn -0.4692 -0.7480 0.4694
vn -0.4000 -0.8575 0.3234
vn -0.3155 -0.9344 0.1651
vn -0.2190 -0.9757 0.0003
vn -0.5946 -0.7135 0.3706
vn -0.5069 -0.8281 0.2392
vn -0.3997 -0.9113 0.0987
vn -0.2774 -0.9597 -0.0458
vn -0.1442 -0.9714 -0.1887
vn -0.0209 0.9395 0.3420
vn -0.7040 -0.3764 0.6022
vn -0.6595 -0.5719 0.4877
vn -0.1689 -0.9613 -0.2176
vn -0.0232 0.9410 0.3376
vn -0.8256 -0.3268 0.4600
vn -0.7735 -0.5255 0.3546
vn -0.6972 -0.6717 0.2505
vn -0.5943 -0.7925 0.1370
vn -0.4686 -0.8831 0.0180
vn -0.3252 -0.9401 -0.1016
vn -0.6590 -0.7520 0.0205
vn -0.5197 -0.8512 -0.0738
vn -0.3605 -0.9180 -0.1653
vn -0.1872 -0.9498 -0.2505
vn -0.0247 0.9426 0.3330
vn -0.9154 -0.2704 0.2981
vn -0.8576 -0.4727 0.2029
vn -0.7730 -0.6241 0.1139
vn -0.9701 -0.2093 0.1227
vn -0.9088 -0.4155 0.0386
vn -0.8191 -0.5726 -0.0341
vn -0.6982 -0.7080 -0.1056
vn -0.5506 -0.8165 -0.1731
vn -0.3819 -0.8940 -0.2341
vn -0.1983 -0.9374 -0.2862
vn -0.0251 0.9443 0.3282
vn -0.5606 -0.7807 -0.2764
vn -0.3887 -0.8692 -0.3057
vn -0.2019 -0.9245 -0.3233
vn -0.0246 0.9460 0.3233
vn -0.9875 -0.1461 -0.0593
vn -0.9251 -0.3561 -0.1319
vn -0.8338 -0.5191 -0.1878
vn -0.7108 -0.6625 -0.2366
vn -0.9059 -0.2970 -0.3021
vn -0.9669 -0.0829 -0.2412
vn -0.8165 -0.4658 -0.3412
vn -0.6960 -0.6170 -0.3673
vn -0.5489 -0.7448 -0.3794
vn -0.3806 -0.8443 -0.3770
vn -0.1976 -0.9117 -0.3603
vn -0.0231 0.9476 0.3187
vn -0.5162 -0.7105 -0.4783
vn -0.3580 -0.8205 -0.4457
vn -0.1860 -0.8993 -0.3958
vn -0.0206 0.9491 0.3146
vn -0.9092 -0.0222 -0.4157
vn -0.8519 -0.2402 -0.4656
vn -0.7678 -0.4146 -0.4885
vn -0.6545 -0.5734 -0.4928
vn -0.7650 -0.1880 -0.6160
vn -0.6896 -0.3675 -0.6240
vn -0.5879 -0.5333 -0.6083
vn -0.4636 -0.6788 -0.5694
vn -0.3215 -0.7986 -0.5087
vn -0.1671 -0.8880 -0.4285
vn -0.0174 0.9504 0.3108
vn -0.8166 0.0335 -0.5762
vn -0.2729 -0.7795 -0.5638
vn -0.1418 -0.8781 -0.4571
vn -0.0134 0.9513 0.3077
vn -0.6926 0.0823 -0.7167
vn -0.6489 -0.1423 -0.7474
vn -0.5850 -0.3264 -0.7425
vn -0.4986 -0.4983 -0.7092
vn -0.3933 -0.6512 -0.6489
vn -0.5079 -0.1051 -0.8550
vn -0.4578 -0.2928 -0.8394
vn -0.3903 -0.4696 -0.7919
vn -0.3079 -0.6287 -0.7141
vn -0.2137 -0.7638 -0.6090
vn -0.1112 -0.8700 -0.4804
vn -0.0089 0.9521 0.3055
vn -0.5420 0.1221 -0.8315
vn -0.1463 -0.7524 -0.6423
vn -0.0763 -0.8640 -0.4977
vn -0.0040 0.9526 0.3042
vn -0.3706 0.1514 -0.9164
vn -0.3473 -0.0775 -0.9346
vn -0.3131 -0.2681 -0.9112
vn -0.2671 -0.4485 -0.8529
vn -0.2107 -0.6120 -0.7623
vn -0.1335 -0.4357 -0.8901
vn -0.1564 -0.2530 -0.9547
vn -0.1054 -0.6019 -0.7915
vn -0.0735 -0.7453 -0.6627
vn -0.0385 -0.8604 -0.5082
vn 0.0011 0.9528 0.3037
vn -0.1848 0.1692 -0.9681
vn -0.1733 -0.0609 -0.9830
vn 0.0007 -0.8592 -0.5116
vn 0.0062 0.9526 0.3043
vn 0.0079 0.1748 -0.9846
vn 0.0072 -0.0557 -0.9984
vn 0.0063 -0.2484 -0.9687
vn 0.0052 -0.4317 -0.9020
vn 0.0039 -0.5988 -0.8009
vn 0.0024 -0.7432 -0.6691
vn 0.1130 -0.6027 -0.7899
vn 0.1435 -0.4367 -0.8881
vn 0.0779 -0.7459 -0.6615
vn 0.0399 -0.8606 -0.5076
vn 0.0111 0.9521 0.3057
vn 0.1875 -0.0621 -0.9803
vn 0.2004 0.1678 -0.9652
vn 0.1688 -0.2542 -0.9523
vn 0.0156 0.9512 0.3079
vn 0.3852 0.1488 -0.9108
vn 0.3605 -0.0801 -0.9293
vn 0.3246 -0.2703 -0.9064
vn 0.2765 -0.4505 -0.8489
vn 0.2176 -0.6136 -0.7591
vn 0.1505 -0.7534 -0.6401
vn 0.0775 -0.8646 -0.4965
vn 0.3987 -0.4724 -0.7861
vn 0.3141 -0.6309 -0.7095
vn 0.2173 -0.7654 -0.6058
vn 0.1122 -0.8708 -0.4788
vn 0.0196 0.9502 0.3111
vn 0.5551 0.1181 -0.8233
vn 0.5197 -0.1087 -0.8474
vn 0.4681 -0.2961 -0.8325
vn 0.7038 0.0773 -0.7063
vn 0.6589 -0.1469 -0.7377
vn 0.5936 -0.3306 -0.7337
vn 0.5055 -0.5019 -0.7018
vn 0.3983 -0.6540 -0.6431
vn 0.2757 -0.7815 -0.5598
vn 0.1424 -0.8791 -0.4550
vn 0.0228 0.9489 0.3149
vn 0.4672 -0.6822 -0.5624
vn 0.3234 -0.8009 -0.5039
vn 0.1671 -0.8892 -0.4260
vn 0.0251 0.9474 0.3191
vn 0.8253 0.0277 -0.5640
vn 0.7727 -0.1934 -0.6046
vn 0.6962 -0.3725 -0.6137
vn 0.5931 -0.5375 -0.5995
vn 0.9151 -0.0286 -0.4021
vn 0.8569 -0.2462 -0.4529
vn 0.7720 -0.4200 -0.4771
vn 0.6576 -0.5780 -0.4830
vn 0.5182 -0.7141 -0.4707
vn 0.3588 -0.8231 -0.4403
vn 0.1854 -0.9007 -0.3930
vn 0.0266 0.9458 0.3237
vn 0.5491 -0.7488 -0.3712
vn 0.3802 -0.8470 -0.3714
vn 0.1965 -0.9131 -0.3573
vn 0.0271 0.9441 0.3286
vn 0.9698 -0.0897 -0.2268
vn 0.9081 -0.3034 -0.2887
vn 0.8181 -0.4716 -0.3290
vn 0.6970 -0.6220 -0.3569
vn 0.9244 -0.3627 -0.1181
vn 0.8327 -0.5251 -0.1754
vn 0.7094 -0.6675 -0.2260
vn 0.5590 -0.7847 -0.2681
vn 0.3870 -0.8720 -0.2999
vn 0.2001 -0.9259 -0.3203
vn 0.0265 0.9424 0.3334
vn 0.9873 -0.1531 -0.0447
vn 0.3789 -0.8967 -0.2285
vn 0.1959 -0.9388 -0.2833
vn 0.0250 0.9408 0.3380
vn 0.9666 -0.2162 0.1371
vn 0.9051 -0.4219 0.0521
vn 0.8154 -0.5784 -0.0219
vn 0.6947 -0.7130 -0.0952
vn 0.5473 -0.8205 -0.1649
vn 0.7668 -0.6295 0.1253
vn 0.6532 -0.7566 0.0303
vn 0.5147 -0.8548 -0.0661
vn 0.3563 -0.9206 -0.1600
vn 0.1841 -0.9512 -0.2477
vn 0.0225 0.9393 0.3423
vn 0.9089 -0.2769 0.3117
vn 0.8511 -0.4787 0.2156
vn 0.1653 -0.9625 -0.2151
vn 0.0192 0.9380 0.3460
vn 0.8163 -0.3326 0.4722
vn 0.7643 -0.5309 0.3660
vn 0.6886 -0.6767 0.2608
vn 0.5866 -0.7967 0.1458
vn 0.4620 -0.8865 0.0249
vn 0.3198 -0.9424 -0.0968
vn 0.5839 -0.7177 0.3793
vn 0.4973 -0.8317 0.2467
vn 0.3917 -0.9141 0.1046
vn 0.2712 -0.9617 -0.0417
vn 0.1400 -0.9724 -0.1866
vn 0.0152 0.9370 0.3490
vn 0.6923 -0.3814 0.6126
vn 0.6482 -0.5765 0.4974
vn 0.1094 -0.9805 -0.1631
vn 0.0107 0.9363 0.3513
vn 0.5417 -0.4212 0.7274
vn 0.5071 -0.6138 0.6051
vn 0.4568 -0.7513 0.4763
vn 0.3890 -0.8603 0.3293
vn 0.3064 -0.9366 0.1697
vn 0.2120 -0.9773 0.0035
vn 0.2092 -0.9533 0.2179
vn 0.2658 -0.8815 0.3904
vn 0.1446 -0.9888 0.0368
vn 0.0745 -0.9865 -0.1459
vn 0.0058 0.9358 0.3527
vn 0.3465 -0.6412 0.6848
vn 0.3631 -0.4460 0.8180
vn 0.3120 -0.7761 0.5479
vn -0.1870 0.3461 -0.9194
vn -0.1845 0.4691 -0.8637
vn 0.0082 0.4747 -0.8802
vn 0.0083 0.3517 -0.9361
vn -0.2012 -0.5769 0.7916
vn 0.1554 -0.7912 0.5916
vn 0.1321 -0.8943 0.4276
vn 0.1040 -0.9634 0.2472
vn 0.0718 -0.9958 0.0571
vn 0.0367 -0.9901 -0.1353
vn 0.1449 0.8935 -0.4250
vn 0.0065 0.8985 -0.4390
vn 0.0053 0.9667 -0.2559
vn 0.1143 0.9628 -0.2449
vn 0.0794 0.9953 -0.0552
vn 0.0041 0.9980 -0.0629
vn 0.0025 0.9912 0.1326
vn 0.0416 0.9898 0.1365
vn 0.0010 0.9445 0.3285
vn 0.3902 0.3253 -0.8613
vn 0.2030 0.3447 -0.9165
vn 0.2007 0.4677 -0.8608
vn 0.3854 0.4487 -0.8064
vn 0.0080 0.6646 -0.7472
vn 0.1880 0.6581 -0.7291
vn 0.0073 0.7961 -0.6052
vn 0.1697 0.7902 -0.5889
vn 0.2776 0.8798 -0.3858
vn 0.3256 0.7742 -0.5429
vn 0.2190 0.9519 -0.2141
vn 0.1520 0.9878 -0.0339
vn 0.0791 0.9859 0.1476
vn 0.5554 0.4180 -0.7189
vn 0.5623 0.2943 -0.7728
vn 0.3609 0.6402 -0.6781
vn 0.1136 0.9797 0.1653
vn 0.7039 0.3772 -0.6019
vn 0.7127 0.2530 -0.6543
vn 0.5200 0.6116 -0.5963
vn 0.4690 0.7483 -0.4691
vn 0.3998 0.8578 -0.3230
vn 0.3152 0.9347 -0.1646
vn 0.2186 0.9758 0.0004
vn 0.5067 0.8284 -0.2388
vn 0.5944 0.7138 -0.3703
vn 0.3993 0.9115 -0.0982
vn 0.2769 0.9598 0.0464
vn 0.1438 0.9714 0.1891
vn 0.8357 0.2027 -0.5103
vn 0.8255 0.3276 -0.4597
vn 0.6590 0.5734 -0.4867
vn 0.1684 0.9613 0.2180
vn 0.9153 0.2712 -0.2977
vn 0.9267 0.1457 -0.3463
vn 0.7728 0.5270 -0.3536
vn 0.6970 0.6720 -0.2503
vn 0.5939 0.7928 -0.1366
vn 0.4682 0.8834 -0.0176
vn 0.3246 0.9403 0.1021
vn 0.5191 0.8515 0.0741
vn 0.6586 0.7523 -0.0202
vn 0.3598 0.9182 0.1656
vn 0.1866 0.9498 0.2508
vn 0.9700 0.2101 -0.1224
vn 0.9821 0.0839 -0.1688
vn 0.8569 0.4742 -0.2020
vn 0.7728 0.6245 -0.1137
vn 0.9081 0.4171 -0.0380
vn 0.8189 0.5729 0.0343
vn 0.6978 0.7084 0.1058
vn 0.5501 0.8169 0.1734
vn 0.3813 0.8943 0.2343
vn 0.1977 0.9375 0.2864
vn 0.9873 0.1469 0.0596
vn 0.9997 0.0197 0.0155
vn 0.3880 0.8694 0.3058
vn 0.5600 0.7810 0.2765
vn 0.2013 0.9247 0.3233
vn 0.9788 -0.0443 0.1996
vn 0.9668 0.0837 0.2414
vn 0.9244 0.3577 0.1325
vn 0.8336 0.5194 0.1879
vn 0.7104 0.6629 0.2367
vn 0.9052 0.2986 0.3025
vn 0.8163 0.4662 0.3413
vn 0.6956 0.6174 0.3674
vn 0.5484 0.7452 0.3795
vn 0.3800 0.8446 0.3770
vn 0.1970 0.9118 0.3602
vn 0.9204 -0.1057 0.3763
vn 0.9091 0.0231 0.4159
vn 0.3573 0.8209 0.4455
vn 0.5156 0.7109 0.4782
vn 0.1854 0.8995 0.3956
vn 0.8266 -0.1621 0.5389
vn 0.8165 -0.0327 0.5764
vn 0.8512 0.2419 0.4659
vn 0.7676 0.4150 0.4885
vn 0.6541 0.5739 0.4928
vn 0.6894 0.3679 0.6240
vn 0.7644 0.1897 0.6162
vn 0.5875 0.5338 0.6082
vn 0.4632 0.6793 0.5693
vn 0.3209 0.7990 0.5084
vn 0.1666 0.8882 0.4283
vn 0.6925 -0.0814 0.7168
vn 0.7012 -0.2114 0.6810
vn 0.2724 0.7799 0.5634
vn 0.1414 0.8783 0.4567
vn 0.5486 -0.2517 0.7973
vn 0.5419 -0.1213 0.8317
vn 0.6484 0.1441 0.7475
vn 0.5848 0.3268 0.7425
vn 0.4984 0.4987 0.7091
vn 0.3929 0.6517 0.6487
vn 0.4576 0.2932 0.8393
vn 0.5075 0.1069 0.8551
vn 0.3901 0.4701 0.7917
vn 0.3076 0.6292 0.7138
vn 0.2133 0.7643 0.6085
vn 0.1108 0.8702 0.4800
vn 0.3750 -0.2815 0.8833
vn 0.3705 -0.1505 0.9166
vn 0.1461 0.7528 0.6418
vn 0.0761 0.8643 0.4973
vn 0.1848 -0.1684 0.9682
vn 0.1870 -0.2995 0.9356
vn 0.3470 0.0793 0.9345
vn 0.3130 0.2685 0.9111
vn 0.2669 0.4490 0.8527
vn 0.2105 0.6125 0.7619
vn 0.1335 0.4362 0.8899
vn 0.1563 0.2534 0.9546
vn 0.1053 0.6025 0.7911
vn 0.0733 0.7458 0.6621
vn 0.0384 0.8607 0.5077
vn -0.0079 -0.1739 0.9848
vn -0.0082 -0.3051 0.9523
vn 0.1732 0.0627 0.9829
vn -0.0007 0.8596 0.5111
vn -0.2004 -0.1670 0.9653
vn -0.2030 -0.2981 0.9327
vn -0.0072 0.0575 0.9983
vn -0.0063 0.2488 0.9686
vn -0.0052 0.4322 0.9018
vn -0.0038 0.5993 0.8005
vn -0.0024 0.7437 0.6686
vn -0.1129 0.6033 0.7895
vn -0.1435 0.4372 0.8879
vn -0.0777 0.7464 0.6609
vn -0.0398 0.8609 0.5071
vn -0.3851 -0.1479 0.9110
vn -0.3901 -0.2787 0.8776
vn -0.1874 0.0639 0.9802
vn -0.1687 0.2546 0.9522
vn -0.5550 -0.1173 0.8235
vn -0.5622 -0.2477 0.7890
vn -0.3602 0.0819 0.9292
vn -0.3245 0.2707 0.9063
vn -0.2763 0.4510 0.8487
vn -0.2174 0.6141 0.7587
vn -0.1503 0.7538 0.6396
vn -0.0773 0.8649 0.4961
vn -0.3138 0.6314 0.7092
vn -0.3985 0.4729 0.7859
vn -0.2169 0.7659 0.6053
vn -0.1118 0.8710 0.4784
vn -0.7037 -0.0764 0.7064
vn -0.7126 -0.2064 0.6705
vn -0.5193 0.1105 0.8475
vn -0.4679 0.2965 0.8324
vn -0.6584 0.1487 0.7378
vn -0.5934 0.3310 0.7337
vn -0.5053 0.5023 0.7017
vn -0.3979 0.6545 0.6429
vn -0.2752 0.7819 0.5594
vn -0.1420 0.8793 0.4546
vn -0.8357 -0.1561 0.5265
vn -0.8252 -0.0269 0.5642
vn -0.3228 0.8013 0.5036
vn -0.4668 0.6827 0.5623
vn -0.1666 0.8894 0.4258
vn -0.9150 0.0295 0.4023
vn -0.9267 -0.0991 0.3625
vn -0.7721 0.1951 0.6048
vn -0.6960 0.3729 0.6137
vn -0.5927 0.5380 0.5994
vn -0.8562 0.2479 0.4532
vn -0.7718 0.4204 0.4771
vn -0.6572 0.5785 0.4830
vn -0.5176 0.7145 0.4706
vn -0.3581 0.8235 0.4402
vn -0.1848 0.9009 0.3928
vn -0.9697 0.0905 0.2270
vn -0.9820 -0.0373 0.1850
vn -0.3796 0.8473 0.3714
vn -0.5486 0.7491 0.3713
vn -0.1959 0.9132 0.3573
vn -0.9871 0.1539 0.0450
vn -0.9996 0.0269 0.0007
vn -0.9074 0.3050 0.2891
vn -0.8179 0.4720 0.3291
vn -0.6966 0.6224 0.3570
vn -0.9237 0.3643 0.1187
vn -0.8325 0.5254 0.1755
vn -0.7090 0.6679 0.2261
vn -0.5584 0.7850 0.2682
vn -0.3863 0.8722 0.3000
vn -0.1995 0.9261 0.3203
vn -0.9665 0.2170 -0.1368
vn -0.9789 0.0909 -0.1834
vn -0.3783 0.8970 0.2287
vn -0.1953 0.9389 0.2835
vn -0.9204 0.1523 -0.3601
vn -0.9088 0.2777 -0.3113
vn -0.9044 0.4235 -0.0514
vn -0.8152 0.5787 0.0221
vn -0.6943 0.7134 0.0954
vn -0.5468 0.8208 0.1652
vn -0.6528 0.7569 -0.0300
vn -0.7666 0.6299 -0.1251
vn -0.5141 0.8551 0.0664
vn -0.3556 0.9208 0.1603
vn -0.1835 0.9512 0.2480
vn -0.8266 0.2087 -0.5227
vn -0.8162 0.3334 -0.4719
vn -0.8504 0.4802 -0.2147
vn -0.1648 0.9625 0.2155
vn -0.6922 0.3822 -0.6123
vn -0.7011 0.2580 -0.6648
vn -0.7637 0.5324 -0.3650
vn -0.6884 0.6770 -0.2606
vn -0.5862 0.7970 -0.1454
vn -0.4616 0.8868 -0.0245
vn -0.3192 0.9426 0.0973
vn -0.5837 0.7180 -0.3790
vn -0.4971 0.8320 -0.2463
vn -0.3913 0.9143 -0.1041
vn -0.2707 0.9618 0.0423
vn -0.1396 0.9724 0.1870
vn -0.5416 0.4220 -0.7270
vn -0.5485 0.2983 -0.7811
vn -0.6476 0.5780 -0.4964
vn -0.1090 0.9805 0.1637
vn -0.3750 0.3281 -0.8670
vn -0.3702 0.4513 -0.8120
vn -0.5067 0.6152 -0.6039
vn -0.4566 0.7516 -0.4760
vn -0.3888 0.8606 -0.3289
vn -0.3062 0.9369 -0.1692
vn -0.2116 0.9774 -0.0028
vn -0.2090 0.9535 -0.2173
vn -0.2656 0.8818 -0.3899
vn -0.1444 0.9888 -0.0361
vn -0.0743 0.9865 0.1465
vn -0.3462 0.6428 -0.6834
vn -0.3119 0.7764 -0.5476
vn 0.3707 -0.3305 0.8680
vn 0.2639 -0.3439 0.9012
vn 0.3836 -0.3402 0.8586
vn 0.3916 -0.3933 0.8318
vn 0.3193 -0.5609 0.7639
vn -0.1726 0.6593 -0.7318
vn -0.1553 0.7914 -0.5913
vn -0.1321 0.8945 -0.4271
vn -0.1039 0.9636 -0.2465
vn -0.0716 0.9959 -0.0563
vn -0.0366 0.9900 0.1359
vn -0.0083 -0.3531 0.9356
vn 0.1878 -0.3474 0.9187
vn 0.1870 -0.3474 0.9189
vn -0.5001 -0.3002 0.8122
vn -0.4818 -0.2574 0.8376
vn -0.3961 -0.2481 0.8841
vn -0.3971 -0.3446 0.8506
vn -0.5578 -0.2982 0.7746
vn -0.3365 -0.6408 0.6900
vn -0.4474 -0.6161 0.6483
vn -0.5539 -0.4985 0.6669
vn -0.7127 -0.2544 0.6538
vn -0.8357 -0.2041 0.5098
vn -0.9267 -0.1470 0.3458
vn -0.9821 -0.0853 0.1683
vn -0.9997 -0.0211 -0.0160
vn -0.9789 0.0429 -0.2001
vn -0.9204 0.1043 -0.3768
vn -0.8266 0.1607 -0.5394
vn -0.7012 0.2100 -0.6814
vn -0.5486 0.2503 -0.7978
vn -0.3750 0.2801 -0.8837
vn -0.1869 0.2981 -0.9360
vn 0.0082 0.3037 -0.9528
vn 0.2030 0.2967 -0.9331
vn 0.3901 0.2773 -0.8780
vn 0.5622 0.2463 -0.7895
vn 0.7126 0.2050 -0.6709
vn 0.8357 0.1547 -0.5270
vn 0.9267 0.0977 -0.3630
vn 0.9820 0.0359 -0.1855
vn 0.9996 -0.0283 -0.0012
vn 0.9788 -0.0923 0.1829
vn 0.9789 -0.0922 0.1829
vn 0.9205 -0.1536 0.3596
vn 0.8266 -0.2101 0.5222
vn 0.7011 -0.2594 0.6643
vn 0.5485 -0.2997 0.7806
vn 0.3750 -0.3295 0.8665
vn 0.3053 -0.3245 0.8953
vn 0.3170 -0.3327 0.8882
vn 0.0007 0.9356 0.3530
vn -0.0044 0.9358 0.3526
vn -1.0000 0.0054 -0.0061
vn -0.3116 -0.2533 0.9158
vn -0.2071 -0.3650 0.9077
vn -0.0093 0.9363 0.3511
vn 0.2850 -0.2962 0.9115
vn 0.2986 -0.3016 0.9054
vn 0.2767 -0.6060 0.7458
vn 0.3977 -0.3273 0.8571
vn 0.0314 -0.3662 0.9300
vn 0.0196 -0.6853 0.7280
vn 0.3623 -0.6320 0.6850
vn 0.0232 -0.9969 0.0751
vn 0.3658 -0.9285 0.0637
vn 0.0585 -0.9524 -0.2991
vn 0.4221 -0.8629 -0.2781
vn 0.9125 -0.3951 -0.1057
vn 0.8504 -0.4729 0.2305
vn 0.9105 -0.1621 0.3803
vn 0.9977 -0.0619 0.0282
vn -0.9162 -0.1562 0.3691
vn -0.9984 -0.0555 0.0173
vn -0.9129 -0.3914 -0.1159
vn -0.8560 -0.4677 0.2206
vn -0.4182 -0.8630 -0.2833
vn -0.3729 -0.9260 0.0598
vn -0.0552 -0.9524 -0.2997
vn -0.0315 -0.9967 0.0750
vn -0.0351 -0.6851 0.7277
vn -0.3758 -0.6293 0.6802
vn -0.4119 -0.3246 0.8515
vn -0.0478 -0.3660 0.9294
vn 0.4119 0.8503 0.3277
vn 0.0491 0.9292 0.3662
vn 0.0248 0.7296 0.6834
vn 0.3668 0.6831 0.6315
vn 0.0202 0.0829 0.9964
vn 0.3624 0.0671 0.9296
vn 0.0315 -0.2899 0.9566
vn 0.3978 -0.2760 0.8750
vn 0.9105 -0.1109 0.3985
vn 0.8503 0.2244 0.4761
vn 0.9977 0.0294 0.0606
vn 0.9112 0.3765 0.1672
vn -0.9170 -0.1043 0.3851
vn -0.8557 0.2304 0.4635
vn -0.9106 0.3836 0.1539
vn -0.9983 0.0372 0.0463
vn -0.4127 -0.2732 0.8690
vn -0.3758 0.0697 0.9241
vn -0.0344 0.0831 0.9960
vn -0.0477 -0.2897 0.9560
vn -0.0298 0.7298 0.6830
vn -0.3714 0.6857 0.6261
vn -0.4104 0.8534 0.3216
vn -0.0479 0.9296 0.3655
vn -0.1621 -0.9837 -0.0775
vn -0.0954 -0.9417 -0.3227
vn -0.4447 -0.8546 -0.2681
vn -0.4822 -0.8761 -0.0035
vn -0.8752 -0.4664 0.1293
vn -0.9108 -0.3996 -0.1040
vn -0.9976 -0.0657 0.0192
vn -0.9670 -0.1309 0.2189
vn -0.7351 -0.4821 0.4767
vn -0.7971 -0.2497 0.5498
vn -0.4779 -0.7770 0.4098
vn -0.2693 -0.8709 0.4113
vn -0.9062 0.3833 0.1783
vn -0.8543 0.2396 0.4614
vn -0.9544 -0.0530 0.2936
vn -0.9970 0.0445 0.0623
vn -0.4773 0.6252 0.6176
vn -0.4273 0.8388 0.3372
vn -0.0732 0.9245 0.3743
vn -0.1631 0.7428 0.6494
vn -0.2929 0.1857 0.9379
vn -0.4484 0.1262 0.8849
vn -0.6246 -0.0715 0.7777
vn -0.7103 -0.2156 0.6701
vn 0.1605 0.7322 0.6619
vn 0.0728 0.9245 0.3741
vn 0.4275 0.8360 0.3441
vn 0.4656 0.5996 0.6509
vn 0.8224 0.2054 0.5305
vn 0.9064 0.3739 0.1966
vn 0.9959 0.0309 0.0852
vn 0.9264 -0.0855 0.3667
vn 0.5072 -0.1661 0.8457
vn 0.5795 -0.2636 0.7712
vn 0.4070 0.0026 0.9135
vn 0.2814 0.1068 0.9536
vn 0.9473 -0.1592 0.2779
vn 0.9964 -0.0771 0.0358
vn 0.9116 -0.4017 -0.0878
vn 0.8568 -0.4775 0.1950
vn 0.4602 -0.8498 -0.2568
vn 0.4976 -0.8657 0.0551
vn 0.1325 -0.9279 -0.3485
vn 0.2029 -0.9757 -0.0826
vn 0.2788 -0.8263 0.4894
vn 0.4511 -0.7108 0.5397
vn 0.6399 -0.4725 0.6060
vn 0.6904 -0.2911 0.6623
vn 0.9980 -0.0215 0.0591
vn 0.9098 -0.1373 0.3917
vn 0.4001 -0.3015 0.8654
vn 0.0466 -0.3281 0.9435
vn -0.9989 -0.0148 0.0460
vn -0.9160 -0.1310 0.3792
vn -0.4147 -0.2986 0.8595
vn -0.0630 -0.3277 0.9427
vn -0.2030 -0.2963 0.9333
vn -0.0082 -0.3033 0.9529
vn -0.0072 0.0511 0.9987
vn -0.1878 0.0576 0.9805
vn -0.0028 0.6980 0.7161
vn -0.0900 0.7011 0.7074
vn 0.0003 0.9159 0.4013
vn -0.0150 0.9164 0.3998
vn -0.3830 -0.2828 0.8794
vn -0.3631 0.0717 0.9290
vn -0.1760 0.7089 0.6829
vn -0.0296 0.9180 0.3955
vn -0.5210 0.0999 0.8477
vn -0.5616 -0.2513 0.7883
vn -0.2512 0.7225 0.6441
vn -0.0431 0.9203 0.3886
vn -0.7126 -0.2046 0.6710
vn -0.6602 0.1424 0.7375
vn -0.3180 0.7420 0.5902
vn -0.0548 0.9236 0.3793
vn -0.0645 0.9275 0.3680
vn -0.3730 0.7645 0.5257
vn -0.7742 0.1890 0.6041
vn -0.8357 -0.1544 0.5271
vn -0.8585 0.2419 0.4521
vn -0.9267 -0.0973 0.3631
vn -0.4138 0.7901 0.4523
vn -0.0716 0.9321 0.3552
vn -0.9819 -0.0355 0.1856
vn -0.9098 0.2992 0.2875
vn -0.4385 0.8178 0.3730
vn -0.0759 0.9369 0.3413
vn -0.9261 0.3587 0.1167
vn -0.9995 0.0287 0.0013
vn -0.4464 0.8464 0.2905
vn -0.0772 0.9419 0.3269
vn -0.9068 0.4179 -0.0538
vn -0.9788 0.0926 -0.1828
vn -0.4371 0.8751 0.2082
vn -0.0756 0.9469 0.3125
vn -0.9205 0.1540 -0.3595
vn -0.8527 0.4748 -0.2176
vn -0.4109 0.9025 0.1292
vn -0.0711 0.9517 0.2987
vn -0.7658 0.5272 -0.3683
vn -0.8266 0.2105 -0.5220
vn -0.3689 0.9277 0.0565
vn -0.0638 0.9561 0.2859
vn -0.6494 0.5729 -0.5000
vn -0.7011 0.2598 -0.6641
vn -0.3128 0.9498 -0.0072
vn -0.0539 0.9600 0.2748
vn -0.5485 0.3001 -0.7804
vn -0.5080 0.6102 -0.6078
vn -0.2446 0.9678 -0.0592
vn -0.0421 0.9631 0.2657
vn -0.3472 0.6378 -0.6875
vn -0.3749 0.3298 -0.8664
vn -0.1669 0.9811 -0.0976
vn -0.0284 0.9655 0.2590
vn -0.1870 0.3478 -0.9187
vn -0.1730 0.6545 -0.7360
vn -0.0828 0.9892 -0.1210
vn -0.0138 0.9668 0.2549
vn 0.0015 0.9673 0.2536
vn 0.0045 0.9917 -0.1285
vn 0.0079 0.6597 -0.7515
vn 0.0083 0.3534 -0.9355
vn 0.1886 0.6533 -0.7333
vn 0.2030 0.3464 -0.9158
vn 0.0916 0.9886 -0.1197
vn 0.0168 0.9667 0.2551
vn 0.0314 0.9653 0.2594
vn 0.1753 0.9799 -0.0951
vn 0.3620 0.6353 -0.6822
vn 0.3902 0.3270 -0.8607
vn 0.5214 0.6066 -0.6001
vn 0.5623 0.2961 -0.7721
vn 0.2522 0.9660 -0.0555
vn 0.0449 0.9628 0.2663
vn 0.6608 0.5683 -0.4903
vn 0.7127 0.2548 -0.6536
vn 0.3196 0.9476 -0.0024
vn 0.0567 0.9596 0.2756
vn 0.8357 0.2045 -0.5096
vn 0.7750 0.5218 -0.3569
vn 0.3746 0.9251 0.0620
vn 0.0663 0.9557 0.2869
vn 0.9267 0.1474 -0.3457
vn 0.8592 0.4687 -0.2049
vn 0.4153 0.8995 0.1353
vn 0.0735 0.9512 0.2998
vn 0.9820 0.0856 -0.1682
vn 0.9105 0.4116 -0.0403
vn 0.4401 0.8719 0.2147
vn 0.0778 0.9463 0.3137
vn 0.9269 0.3521 0.1305
vn 0.9996 0.0215 0.0161
vn 0.4480 0.8432 0.2971
vn 0.0792 0.9413 0.3281
vn 0.9788 -0.0425 0.2002
vn 0.9075 0.2928 0.3011
vn 0.4387 0.8146 0.3795
vn 0.0775 0.9363 0.3425
vn 0.9204 -0.1039 0.3769
vn 0.8534 0.2358 0.4649
vn 0.4125 0.7871 0.4585
vn 0.0730 0.9315 0.3563
vn 0.7665 0.1836 0.6155
vn 0.8266 -0.1603 0.5395
vn 0.3706 0.7619 0.5312
vn 0.0657 0.9271 0.3690
vn 0.6501 0.1379 0.7473
vn 0.7012 -0.2096 0.6816
vn 0.3144 0.7399 0.5948
vn 0.0558 0.9232 0.3801
vn 0.0439 0.9201 0.3892
vn 0.2462 0.7218 0.6468
vn 0.5088 0.1006 0.8550
vn 0.5486 -0.2499 0.7979
vn 0.3749 -0.2797 0.8838
vn 0.3480 0.0729 0.9347
vn 0.1685 0.7085 0.6853
vn 0.0303 0.9178 0.3959
vn 0.0156 0.9163 0.4000
vn 0.0844 0.7005 0.7086
vn 0.1737 0.0563 0.9832
vn 0.1869 -0.2977 0.9362
vn 0.0011 0.9527 0.3038
vn 0.0039 0.9993 -0.0362
vn 0.0745 0.9968 -0.0290
vn 0.0077 0.7103 -0.7039
vn 0.1828 0.7040 -0.6863
vn 0.0082 0.4005 -0.9163
vn 0.2026 0.3935 -0.8967
vn 0.1423 0.9898 -0.0090
vn 0.3508 0.6867 -0.6367
vn 0.3891 0.3742 -0.8417
vn 0.0156 0.9512 0.3080
vn 0.2047 0.9786 0.0230
vn 0.5055 0.6588 -0.5572
vn 0.5607 0.3433 -0.7535
vn 0.2592 0.9636 0.0660
vn 0.0195 0.9501 0.3112
vn 0.6407 0.6216 -0.4507
vn 0.7108 0.3021 -0.6352
vn 0.8336 0.2519 -0.4916
vn 0.7513 0.5765 -0.3213
vn 0.3039 0.9453 0.1182
vn 0.0228 0.9488 0.3149
vn 0.3369 0.9246 0.1776
vn 0.8330 0.5252 -0.1740
vn 0.9243 0.1950 -0.3281
vn 0.3569 0.9022 0.2420
vn 0.0266 0.9458 0.3238
vn 0.8827 0.4697 -0.0145
vn 0.9795 0.1334 -0.1510
vn 0.3633 0.8790 0.3088
vn 0.8985 0.4121 0.1511
vn 0.9971 0.0694 0.0328
vn 0.3558 0.8558 0.3756
vn 0.8799 0.3546 0.3164
vn 0.9763 0.0056 0.2164
vn 0.3346 0.8335 0.4397
vn 0.8274 0.2994 0.4753
vn 0.9180 -0.0556 0.3926
vn 0.3006 0.8130 0.4985
vn 0.0225 0.9393 0.3422
vn 0.7431 0.2487 0.6212
vn 0.8245 -0.1119 0.5546
vn 0.0191 0.9380 0.3460
vn 0.2550 0.7952 0.5501
vn 0.6303 0.2044 0.7490
vn 0.6992 -0.1611 0.6965
vn 0.0152 0.9370 0.3489
vn 0.1998 0.7806 0.5923
vn 0.4933 0.1682 0.8535
vn 0.5472 -0.2013 0.8125
vn 0.0107 0.9363 0.3512
vn 0.1368 0.7698 0.6234
vn 0.3373 0.1415 0.9307
vn 0.3740 -0.2310 0.8982
vn 0.0058 0.9358 0.3526
vn 0.0686 0.7632 0.6424
vn 0.1683 0.1253 0.9777
vn 0.1865 -0.2489 0.9504
vn -0.0081 -0.2545 0.9671
vn -0.0070 0.1203 0.9927
vn -0.0021 0.7612 0.6485
vn -0.0044 0.9358 0.3525
vn -0.0728 0.7637 0.6414
vn -0.1821 0.1265 0.9751
vn -0.2024 -0.2475 0.9475
vn -0.3889 -0.2282 0.8925
vn -0.3501 0.1439 0.9256
vn -0.1406 0.7708 0.6214
vn -0.0093 0.9363 0.3510
vn -0.2030 0.7820 0.5893
vn -0.0138 0.9371 0.3487
vn -0.5047 0.1718 0.8461
vn -0.5606 -0.1973 0.8043
vn -0.0177 0.9382 0.3457
vn -0.2576 0.7970 0.5463
vn -0.6399 0.2090 0.7396
vn -0.7107 -0.1561 0.6860
vn -0.3022 0.8152 0.4941
vn -0.0209 0.9395 0.3419
vn -0.7505 0.2541 0.6101
vn -0.8335 -0.1059 0.5424
vn -0.3351 0.8359 0.4346
vn -0.8322 0.3054 0.4629
vn -0.9241 -0.0490 0.3789
vn -0.3552 0.8584 0.3703
vn -0.8819 0.3608 0.3034
vn -0.9794 0.0126 0.2018
vn -0.3617 0.8816 0.3034
vn -0.8976 0.4185 0.1377
vn -0.9969 0.0766 0.0180
vn -0.3541 0.9048 0.2367
vn -0.0246 0.9460 0.3234
vn -0.8790 0.4759 -0.0276
vn -0.9762 0.1404 -0.1656
vn -0.3329 0.9270 0.1726
vn -0.8265 0.5312 -0.1863
vn -0.9179 0.2016 -0.3418
vn -0.2989 0.9475 0.1137
vn -0.0206 0.9490 0.3146
vn -0.7423 0.5819 -0.3324
vn -0.8244 0.2579 -0.5039
vn -0.0173 0.9503 0.3109
vn -0.2534 0.9654 0.0622
vn -0.6295 0.6262 -0.4601
vn -0.6991 0.3071 -0.6457
vn -0.5471 0.3473 -0.7617
vn -0.4924 0.6624 -0.5646
vn -0.1981 0.9800 0.0200
vn -0.0134 0.9513 0.3078
vn -0.1351 0.9908 -0.0112
vn -0.3364 0.6891 -0.6418
vn -0.3739 0.3770 -0.8474
vn -0.1864 0.3949 -0.8996
vn -0.1676 0.7052 -0.6889
vn -0.0669 0.9973 -0.0301
vn -0.0040 0.9526 0.3043
vn -0.0670 -0.9935 -0.0921
vn -0.0123 -0.9315 -0.3636
vn -0.1646 -0.8596 0.4838
vn -0.1939 -0.6642 0.7220
vn -0.0127 0.9216 0.3879
vn -0.0778 0.7448 0.6628
vn -0.1852 0.1208 0.9753
vn -0.2085 -0.2407 0.9480
vn 0.0005 0.9261 0.3774
vn -0.0024 0.7399 0.6727
vn -0.0071 0.0751 0.9972
vn -0.0082 -0.3032 0.9529
vn 0.0122 0.9219 0.3873
vn 0.0730 0.7413 0.6672
vn 0.1693 0.0916 0.9813
vn 0.1846 -0.2830 0.9412
vn 0.9968 -0.0298 0.0745
vn 0.9397 -0.1234 0.3193
vn 0.6329 -0.2785 0.7223
vn 0.3838 -0.3307 0.8622
vn -0.5672 -0.2936 0.7694
vn -0.7465 -0.2361 0.6220
vn -0.9613 -0.0946 0.2589
vn -0.9985 -0.0154 0.0530
vn -0.0108 -0.9935 -0.1132
vn -0.0116 -0.9121 -0.4100
vn -0.0087 -0.8520 0.5234
vn -0.0080 -0.6290 0.7774
vn 0.0323 -0.8903 -0.4543
vn 0.0810 -0.9849 -0.1531
vn 0.1580 -0.8531 0.4973
vn 0.1733 -0.6330 0.7544
vn -0.0015 -0.9455 -0.3255
# 953 vertex normals

vt 0.9415 0.6865 0.0000
vt 0.8930 0.6863 0.0000
vt 0.8935 0.6490 0.0000
vt 0.9410 0.6495 0.0000
vt 0.8952 0.5300 0.0000
vt 0.9414 0.5312 0.0000
vt 0.9399 0.5682 0.0000
vt 0.8947 0.5674 0.0000
vt 0.8914 0.5831 0.0000
vt 0.8907 0.6332 0.0000
vt 0.8780 0.6330 0.0000
vt 0.8787 0.5829 0.0000
vt 0.4647 0.2713 0.0000
vt 0.4668 0.2887 0.0000
vt 0.4549 0.2886 0.0000
vt 0.4552 0.2722 0.0000
vt 0.4607 0.2540 0.0000
vt 0.4540 0.2553 0.0000
vt 0.4512 0.2373 0.0000
vt 0.4548 0.2364 0.0000
vt 0.2561 0.6855 0.0000
vt 0.2661 0.6732 0.0000
vt 0.2683 0.6754 0.0000
vt 0.4804 0.3412 0.0000
vt 0.4629 0.3384 0.0000
vt 0.4656 0.3234 0.0000
vt 0.4823 0.3249 0.0000
vt 0.4501 0.3207 0.0000
vt 0.4531 0.3047 0.0000
vt 0.4669 0.3060 0.0000
vt 0.4403 0.3021 0.0000
vt 0.4438 0.2872 0.0000
vt 0.4462 0.2718 0.0000
vt 0.4475 0.2555 0.0000
vt 0.4476 0.2375 0.0000
vt 0.2701 0.6780 0.0000
vt 0.4913 0.6529 0.0000
vt 0.5079 0.6361 0.0000
vt 0.5163 0.6430 0.0000
vt 0.4982 0.6612 0.0000
vt 0.4359 0.3168 0.0000
vt 0.2712 0.6809 0.0000
vt 0.4285 0.3325 0.0000
vt 0.4121 0.3705 0.0000
vt 0.3935 0.3674 0.0000
vt 0.4165 0.3255 0.0000
vt 0.4229 0.3118 0.0000
vt 0.4286 0.2983 0.0000
vt 0.4335 0.2846 0.0000
vt 0.4377 0.2702 0.0000
vt 0.4412 0.2547 0.0000
vt 0.4440 0.2372 0.0000
vt 0.4177 0.2934 0.0000
vt 0.4240 0.2808 0.0000
vt 0.4298 0.2675 0.0000
vt 0.4352 0.2530 0.0000
vt 0.4405 0.2363 0.0000
vt 0.2718 0.6839 0.0000
vt 0.5305 0.6215 0.0000
vt 0.5209 0.6165 0.0000
vt 0.4034 0.3184 0.0000
vt 0.4109 0.3058 0.0000
vt 0.2718 0.6870 0.0000
vt 0.5401 0.5981 0.0000
vt 0.5299 0.5950 0.0000
vt 0.3915 0.3102 0.0000
vt 0.4000 0.2988 0.0000
vt 0.4078 0.2876 0.0000
vt 0.4153 0.2761 0.0000
vt 0.4225 0.2640 0.0000
vt 0.4296 0.2506 0.0000
vt 0.4372 0.2349 0.0000
vt 0.4074 0.2705 0.0000
vt 0.4159 0.2597 0.0000
vt 0.4245 0.2476 0.0000
vt 0.4341 0.2331 0.0000
vt 0.2712 0.6901 0.0000
vt 0.5344 0.5721 0.0000
vt 0.5451 0.5732 0.0000
vt 0.3806 0.3011 0.0000
vt 0.3901 0.2909 0.0000
vt 0.3989 0.2808 0.0000
vt 0.3710 0.2911 0.0000
vt 0.3813 0.2821 0.0000
vt 0.3910 0.2733 0.0000
vt 0.4004 0.2642 0.0000
vt 0.4100 0.2546 0.0000
vt 0.4199 0.2439 0.0000
vt 0.4313 0.2309 0.0000
vt 0.2701 0.6930 0.0000
vt 0.5343 0.5487 0.0000
vt 0.5450 0.5476 0.0000
vt 0.4048 0.2490 0.0000
vt 0.4159 0.2397 0.0000
vt 0.4288 0.2284 0.0000
vt 0.2683 0.6956 0.0000
vt 0.5298 0.5258 0.0000
vt 0.5400 0.5226 0.0000
vt 0.3626 0.2804 0.0000
vt 0.3736 0.2727 0.0000
vt 0.3841 0.2651 0.0000
vt 0.3944 0.2573 0.0000
vt 0.3672 0.2625 0.0000
vt 0.3555 0.2689 0.0000
vt 0.3783 0.2562 0.0000
vt 0.3892 0.2498 0.0000
vt 0.4004 0.2429 0.0000
vt 0.4125 0.2351 0.0000
vt 0.4267 0.2255 0.0000
vt 0.2661 0.6977 0.0000
vt 0.5304 0.4994 0.0000
vt 0.5210 0.5043 0.0000
vt 0.3968 0.2363 0.0000
vt 0.4096 0.2301 0.0000
vt 0.4249 0.2224 0.0000
vt 0.2635 0.6995 0.0000
vt 0.5165 0.4784 0.0000
vt 0.5082 0.4851 0.0000
vt 0.3498 0.2569 0.0000
vt 0.3619 0.2519 0.0000
vt 0.3735 0.2469 0.0000
vt 0.3850 0.2418 0.0000
vt 0.3579 0.2409 0.0000
vt 0.3699 0.2372 0.0000
vt 0.3818 0.2335 0.0000
vt 0.3941 0.2294 0.0000
vt 0.4075 0.2248 0.0000
vt 0.4236 0.2191 0.0000
vt 0.2607 0.7007 0.0000
vt 0.4986 0.4604 0.0000
vt 0.4918 0.4687 0.0000
vt 0.3454 0.2445 0.0000
vt 0.4060 0.2193 0.0000
vt 0.4227 0.2157 0.0000
vt 0.2576 0.7013 0.0000
vt 0.4726 0.4557 0.0000
vt 0.4776 0.4463 0.0000
vt 0.3424 0.2318 0.0000
vt 0.3551 0.2295 0.0000
vt 0.3673 0.2273 0.0000
vt 0.3795 0.2249 0.0000
vt 0.3922 0.2223 0.0000
vt 0.3536 0.2180 0.0000
vt 0.3660 0.2171 0.0000
vt 0.3783 0.2161 0.0000
vt 0.3911 0.2150 0.0000
vt 0.4052 0.2137 0.0000
vt 0.4222 0.2121 0.0000
vt 0.2545 0.7013 0.0000
vt 0.4515 0.4466 0.0000
vt 0.4547 0.4367 0.0000
vt 0.3408 0.2189 0.0000
vt 0.4050 0.2081 0.0000
vt 0.4221 0.2086 0.0000
vt 0.2515 0.7007 0.0000
vt 0.4291 0.4419 0.0000
vt 0.4304 0.4314 0.0000
vt 0.3405 0.2060 0.0000
vt 0.3534 0.2065 0.0000
vt 0.3657 0.2069 0.0000
vt 0.3780 0.2073 0.0000
vt 0.3909 0.2077 0.0000
vt 0.3788 0.1986 0.0000
vt 0.3666 0.1968 0.0000
vt 0.3915 0.2004 0.0000
vt 0.4055 0.2024 0.0000
vt 0.4225 0.2050 0.0000
vt 0.2486 0.6995 0.0000
vt 0.4054 0.4308 0.0000
vt 0.4060 0.4415 0.0000
vt 0.3417 0.1931 0.0000
vt 0.3544 0.1950 0.0000
vt 0.2460 0.6977 0.0000
vt 0.3830 0.4446 0.0000
vt 0.3804 0.4343 0.0000
vt 0.3442 0.1805 0.0000
vt 0.3566 0.1837 0.0000
vt 0.3686 0.1868 0.0000
vt 0.3806 0.1899 0.0000
vt 0.3930 0.1932 0.0000
vt 0.4067 0.1969 0.0000
vt 0.4234 0.2015 0.0000
vt 0.3954 0.1862 0.0000
vt 0.3833 0.1815 0.0000
vt 0.4086 0.1915 0.0000
vt 0.4246 0.1981 0.0000
vt 0.2438 0.6956 0.0000
vt 0.3611 0.4527 0.0000
vt 0.3566 0.4429 0.0000
vt 0.3601 0.1726 0.0000
vt 0.3480 0.1681 0.0000
vt 0.3717 0.1770 0.0000
vt 0.3406 0.4646 0.0000
vt 0.3343 0.4556 0.0000
vt 0.3531 0.1562 0.0000
vt 0.3647 0.1620 0.0000
vt 0.3758 0.1676 0.0000
vt 0.3870 0.1734 0.0000
vt 0.3985 0.1794 0.0000
vt 0.4111 0.1863 0.0000
vt 0.4263 0.1949 0.0000
vt 0.2421 0.6930 0.0000
vt 0.3915 0.1656 0.0000
vt 0.4024 0.1731 0.0000
vt 0.4143 0.1814 0.0000
vt 0.4283 0.1919 0.0000
vt 0.2409 0.6901 0.0000
vt 0.3226 0.4805 0.0000
vt 0.3143 0.4731 0.0000
vt 0.3595 0.1448 0.0000
vt 0.3705 0.1518 0.0000
vt 0.3810 0.1586 0.0000
vt 0.3671 0.1340 0.0000
vt 0.3773 0.1422 0.0000
vt 0.3872 0.1502 0.0000
vt 0.3970 0.1584 0.0000
vt 0.4071 0.1671 0.0000
vt 0.4180 0.1769 0.0000
vt 0.4307 0.1892 0.0000
vt 0.2403 0.6870 0.0000
vt 0.3087 0.5003 0.0000
vt 0.2989 0.4949 0.0000
vt 0.4125 0.1617 0.0000
vt 0.4223 0.1729 0.0000
vt 0.4335 0.1867 0.0000
vt 0.2403 0.6839 0.0000
vt 0.2885 0.5192 0.0000
vt 0.2990 0.5225 0.0000
vt 0.3757 0.1240 0.0000
vt 0.3852 0.1332 0.0000
vt 0.3944 0.1424 0.0000
vt 0.4034 0.1517 0.0000
vt 0.3855 0.1147 0.0000
vt 0.3941 0.1250 0.0000
vt 0.4024 0.1352 0.0000
vt 0.4105 0.1457 0.0000
vt 0.4187 0.1568 0.0000
vt 0.4271 0.1693 0.0000
vt 0.4366 0.1847 0.0000
vt 0.2409 0.6809 0.0000
vt 0.2942 0.5462 0.0000
vt 0.2831 0.5450 0.0000
vt 0.4254 0.1526 0.0000
vt 0.4325 0.1664 0.0000
vt 0.4399 0.1830 0.0000
vt 0.2421 0.6780 0.0000
vt 0.2942 0.5704 0.0000
vt 0.2830 0.5715 0.0000
vt 0.3962 0.1063 0.0000
vt 0.4040 0.1176 0.0000
vt 0.4114 0.1288 0.0000
vt 0.4185 0.1403 0.0000
vt 0.4148 0.1111 0.0000
vt 0.4212 0.1233 0.0000
vt 0.4272 0.1358 0.0000
vt 0.4329 0.1492 0.0000
vt 0.4383 0.1640 0.0000
vt 0.4435 0.1818 0.0000
vt 0.2438 0.6754 0.0000
vt 0.2987 0.5941 0.0000
vt 0.2882 0.5973 0.0000
vt 0.4079 0.0988 0.0000
vt 0.4444 0.1625 0.0000
vt 0.4472 0.1810 0.0000
vt 0.2460 0.6732 0.0000
vt 0.2982 0.6214 0.0000
vt 0.3078 0.6162 0.0000
vt 0.4205 0.0922 0.0000
vt 0.4265 0.1054 0.0000
vt 0.4319 0.1185 0.0000
vt 0.4367 0.1321 0.0000
vt 0.4409 0.1466 0.0000
vt 0.4434 0.1147 0.0000
vt 0.4469 0.1294 0.0000
vt 0.4495 0.1449 0.0000
vt 0.4510 0.1617 0.0000
vt 0.4510 0.1808 0.0000
vt 0.2486 0.6715 0.0000
vt 0.3126 0.6430 0.0000
vt 0.3211 0.6361 0.0000
vt 0.4340 0.0864 0.0000
vt 0.4390 0.1005 0.0000
vt 0.2515 0.6703 0.0000
vt 0.3311 0.6615 0.0000
vt 0.3381 0.6529 0.0000
vt 0.4484 0.0815 0.0000
vt 0.4525 0.0966 0.0000
vt 0.4558 0.1119 0.0000
vt 0.4579 0.1277 0.0000
vt 0.4587 0.1443 0.0000
vt 0.4578 0.1619 0.0000
vt 0.4549 0.1811 0.0000
vt 0.4692 0.1102 0.0000
vt 0.4697 0.1273 0.0000
vt 0.4684 0.1449 0.0000
vt 0.4648 0.1631 0.0000
vt 0.4588 0.1821 0.0000
vt 0.2545 0.6697 0.0000
vt 0.3580 0.6662 0.0000
vt 0.3529 0.6759 0.0000
vt 0.4638 0.0773 0.0000
vt 0.4671 0.0936 0.0000
vt 0.2576 0.6697 0.0000
vt 0.3799 0.6753 0.0000
vt 0.3767 0.6857 0.0000
vt 0.4804 0.0736 0.0000
vt 0.4831 0.0915 0.0000
vt 0.4839 0.1098 0.0000
vt 0.4825 0.1283 0.0000
vt 0.4785 0.1470 0.0000
vt 0.4718 0.1655 0.0000
vt 0.4624 0.1836 0.0000
vt 0.4891 0.1508 0.0000
vt 0.4962 0.1310 0.0000
vt 0.4787 0.1693 0.0000
vt 0.4658 0.1858 0.0000
vt 0.2607 0.6703 0.0000
vt 0.4031 0.6798 0.0000
vt 0.4020 0.6907 0.0000
vt 0.5009 0.0904 0.0000
vt 0.4985 0.0703 0.0000
vt 0.4998 0.1108 0.0000
vt 0.4036 0.6754 0.0000
vt 0.4103 0.6082 0.0000
vt 0.4199 0.6083 0.0000
vt 0.4264 0.6753 0.0000
vt 0.4464 0.3346 0.0000
vt 0.4821 0.3058 0.0000
vt 0.4991 0.3037 0.0000
vt 0.5009 0.3253 0.0000
vt 0.4796 0.2869 0.0000
vt 0.4932 0.2830 0.0000
vt 0.4745 0.2688 0.0000
vt 0.4844 0.2644 0.0000
vt 0.4672 0.2515 0.0000
vt 0.4735 0.2478 0.0000
vt 0.4583 0.2349 0.0000
vt 0.4614 0.2329 0.0000
vt 0.2635 0.6715 0.0000
vt 0.4224 0.5834 0.0000
vt 0.4177 0.5843 0.0000
vt 0.4171 0.5777 0.0000
vt 0.4206 0.5770 0.0000
vt 0.4188 0.5711 0.0000
vt 0.4165 0.5715 0.0000
vt 0.4160 0.5656 0.0000
vt 0.4171 0.5654 0.0000
vt 0.4154 0.5597 0.0000
vt 0.4698 0.6622 0.0000
vt 0.4488 0.6708 0.0000
vt 0.4293 0.6064 0.0000
vt 0.4381 0.6027 0.0000
vt 0.4191 0.5993 0.0000
vt 0.4268 0.5979 0.0000
vt 0.4184 0.5914 0.0000
vt 0.4245 0.5903 0.0000
vt 0.4269 0.5816 0.0000
vt 0.4303 0.5879 0.0000
vt 0.4238 0.5757 0.0000
vt 0.4210 0.5702 0.0000
vt 0.4182 0.5649 0.0000
vt 0.4461 0.5975 0.0000
vt 0.4886 0.6495 0.0000
vt 0.4340 0.5950 0.0000
vt 0.4191 0.5643 0.0000
vt 0.4529 0.5908 0.0000
vt 0.5045 0.6333 0.0000
vt 0.4405 0.5906 0.0000
vt 0.4354 0.5844 0.0000
vt 0.4310 0.5789 0.0000
vt 0.4268 0.5738 0.0000
vt 0.4229 0.5689 0.0000
vt 0.4344 0.5755 0.0000
vt 0.4399 0.5801 0.0000
vt 0.4294 0.5713 0.0000
vt 0.4246 0.5673 0.0000
vt 0.4200 0.5635 0.0000
vt 0.5171 0.6145 0.0000
vt 0.4582 0.5829 0.0000
vt 0.4460 0.5851 0.0000
vt 0.4206 0.5625 0.0000
vt 0.4618 0.5741 0.0000
vt 0.5258 0.5937 0.0000
vt 0.4503 0.5787 0.0000
vt 0.4434 0.5749 0.0000
vt 0.4371 0.5715 0.0000
vt 0.4313 0.5683 0.0000
vt 0.4259 0.5654 0.0000
vt 0.4327 0.5651 0.0000
vt 0.4390 0.5670 0.0000
vt 0.4268 0.5632 0.0000
vt 0.4211 0.5615 0.0000
vt 0.4637 0.5648 0.0000
vt 0.5300 0.5716 0.0000
vt 0.4534 0.5715 0.0000
vt 0.4458 0.5691 0.0000
vt 0.4550 0.5639 0.0000
vt 0.4470 0.5631 0.0000
vt 0.4399 0.5623 0.0000
vt 0.4334 0.5616 0.0000
vt 0.4273 0.5610 0.0000
vt 0.4213 0.5603 0.0000
vt 0.4638 0.5553 0.0000
vt 0.5299 0.5491 0.0000
vt 0.4273 0.5586 0.0000
vt 0.4334 0.5581 0.0000
vt 0.4213 0.5592 0.0000
vt 0.5256 0.5270 0.0000
vt 0.4620 0.5460 0.0000
vt 0.4550 0.5561 0.0000
vt 0.4470 0.5568 0.0000
vt 0.4400 0.5575 0.0000
vt 0.4535 0.5485 0.0000
vt 0.4460 0.5507 0.0000
vt 0.4391 0.5527 0.0000
vt 0.4328 0.5546 0.0000
vt 0.4268 0.5563 0.0000
vt 0.4211 0.5580 0.0000
vt 0.5172 0.5063 0.0000
vt 0.4584 0.5372 0.0000
vt 0.4260 0.5542 0.0000
vt 0.4315 0.5513 0.0000
vt 0.4207 0.5570 0.0000
vt 0.5048 0.4878 0.0000
vt 0.4533 0.5292 0.0000
vt 0.4507 0.5413 0.0000
vt 0.4436 0.5450 0.0000
vt 0.4373 0.5483 0.0000
vt 0.4402 0.5398 0.0000
vt 0.4463 0.5348 0.0000
vt 0.4346 0.5442 0.0000
vt 0.4295 0.5484 0.0000
vt 0.4247 0.5523 0.0000
vt 0.4200 0.5560 0.0000
vt 0.4466 0.5225 0.0000
vt 0.4890 0.4720 0.0000
vt 0.4231 0.5506 0.0000
vt 0.4192 0.5552 0.0000
vt 0.4706 0.4594 0.0000
vt 0.4388 0.5171 0.0000
vt 0.4409 0.5293 0.0000
vt 0.4359 0.5353 0.0000
vt 0.4313 0.5408 0.0000
vt 0.4270 0.5458 0.0000
vt 0.4307 0.5318 0.0000
vt 0.4346 0.5249 0.0000
vt 0.4273 0.5381 0.0000
vt 0.4241 0.5438 0.0000
vt 0.4211 0.5493 0.0000
vt 0.4183 0.5545 0.0000
vt 0.4503 0.4507 0.0000
vt 0.4301 0.5134 0.0000
vt 0.4190 0.5484 0.0000
vt 0.4172 0.5541 0.0000
vt 0.4208 0.5114 0.0000
vt 0.4286 0.4462 0.0000
vt 0.4274 0.5218 0.0000
vt 0.4250 0.5294 0.0000
vt 0.4228 0.5362 0.0000
vt 0.4208 0.5424 0.0000
vt 0.4181 0.5352 0.0000
vt 0.4189 0.5281 0.0000
vt 0.4174 0.5417 0.0000
vt 0.4167 0.5479 0.0000
vt 0.4161 0.5538 0.0000
vt 0.4112 0.5111 0.0000
vt 0.4063 0.4458 0.0000
vt 0.4198 0.5201 0.0000
vt 0.4149 0.5538 0.0000
vt 0.4018 0.5130 0.0000
vt 0.3841 0.4488 0.0000
vt 0.4120 0.5201 0.0000
vt 0.4127 0.5281 0.0000
vt 0.4133 0.5351 0.0000
vt 0.4139 0.5417 0.0000
vt 0.4144 0.5479 0.0000
vt 0.4104 0.5424 0.0000
vt 0.4085 0.5361 0.0000
vt 0.4121 0.5483 0.0000
vt 0.4138 0.5540 0.0000
vt 0.3929 0.5164 0.0000
vt 0.3630 0.4566 0.0000
vt 0.4043 0.5214 0.0000
vt 0.4065 0.5292 0.0000
vt 0.3849 0.5218 0.0000
vt 0.3433 0.4681 0.0000
vt 0.3970 0.5244 0.0000
vt 0.4007 0.5315 0.0000
vt 0.4040 0.5378 0.0000
vt 0.4071 0.5437 0.0000
vt 0.4099 0.5492 0.0000
vt 0.4127 0.5545 0.0000
vt 0.4041 0.5456 0.0000
vt 0.4000 0.5405 0.0000
vt 0.4080 0.5504 0.0000
vt 0.4117 0.5551 0.0000
vt 0.3782 0.5286 0.0000
vt 0.3260 0.4835 0.0000
vt 0.3905 0.5288 0.0000
vt 0.3955 0.5349 0.0000
vt 0.3850 0.5342 0.0000
vt 0.3910 0.5392 0.0000
vt 0.3965 0.5438 0.0000
vt 0.4016 0.5481 0.0000
vt 0.4063 0.5521 0.0000
vt 0.4109 0.5559 0.0000
vt 0.3126 0.5025 0.0000
vt 0.3728 0.5363 0.0000
vt 0.4050 0.5540 0.0000
vt 0.3996 0.5510 0.0000
vt 0.4103 0.5569 0.0000
vt 0.3690 0.5450 0.0000
vt 0.3033 0.5239 0.0000
vt 0.3806 0.5405 0.0000
vt 0.3875 0.5444 0.0000
vt 0.3938 0.5479 0.0000
vt 0.3775 0.5477 0.0000
vt 0.3851 0.5502 0.0000
vt 0.3919 0.5523 0.0000
vt 0.3982 0.5543 0.0000
vt 0.4041 0.5561 0.0000
vt 0.4098 0.5579 0.0000
vt 0.3670 0.5544 0.0000
vt 0.2987 0.5467 0.0000
vt 0.4036 0.5584 0.0000
vt 0.3975 0.5578 0.0000
vt 0.4096 0.5591 0.0000
vt 0.3668 0.5640 0.0000
vt 0.2986 0.5700 0.0000
vt 0.3758 0.5553 0.0000
vt 0.3838 0.5563 0.0000
vt 0.3909 0.5570 0.0000
vt 0.3757 0.5632 0.0000
vt 0.3837 0.5625 0.0000
vt 0.3908 0.5619 0.0000
vt 0.3974 0.5613 0.0000
vt 0.4036 0.5608 0.0000
vt 0.4096 0.5602 0.0000
vt 0.3686 0.5735 0.0000
vt 0.3030 0.5928 0.0000
vt 0.4040 0.5631 0.0000
vt 0.4098 0.5614 0.0000
vt 0.3117 0.6142 0.0000
vt 0.3722 0.5823 0.0000
vt 0.3772 0.5709 0.0000
vt 0.3848 0.5687 0.0000
vt 0.3918 0.5667 0.0000
vt 0.3981 0.5648 0.0000
vt 0.3935 0.5712 0.0000
vt 0.3872 0.5745 0.0000
vt 0.3994 0.5681 0.0000
vt 0.4049 0.5652 0.0000
vt 0.4102 0.5624 0.0000
vt 0.3246 0.6333 0.0000
vt 0.3774 0.5904 0.0000
vt 0.3800 0.5782 0.0000
vt 0.4109 0.5634 0.0000
vt 0.3842 0.5972 0.0000
vt 0.3410 0.6495 0.0000
vt 0.3844 0.5847 0.0000
vt 0.3907 0.5797 0.0000
vt 0.3962 0.5752 0.0000
vt 0.4013 0.5711 0.0000
vt 0.4062 0.5672 0.0000
vt 0.3950 0.5842 0.0000
vt 0.3996 0.5787 0.0000
vt 0.4038 0.5736 0.0000
vt 0.4078 0.5688 0.0000
vt 0.4117 0.5642 0.0000
vt 0.3922 0.6026 0.0000
vt 0.3601 0.6623 0.0000
vt 0.3899 0.5903 0.0000
vt 0.4126 0.5649 0.0000
vt 0.3812 0.6711 0.0000
vt 0.4010 0.6063 0.0000
vt 0.3964 0.5947 0.0000
vt 0.4002 0.5877 0.0000
vt 0.4036 0.5814 0.0000
vt 0.4068 0.5756 0.0000
vt 0.4098 0.5701 0.0000
vt 0.4101 0.5770 0.0000
vt 0.4081 0.5833 0.0000
vt 0.4119 0.5710 0.0000
vt 0.4137 0.5653 0.0000
vt 0.4036 0.5978 0.0000
vt 0.4060 0.5901 0.0000
vt 0.4871 0.4014 0.0000
vt 0.4800 0.3940 0.0000
vt 0.4910 0.3473 0.0000
vt 0.4912 0.3452 0.0000
vt 0.4899 0.3435 0.0000
vt 0.4994 0.3466 0.0000
vt 0.4112 0.5994 0.0000
vt 0.4121 0.5914 0.0000
vt 0.4128 0.5842 0.0000
vt 0.4135 0.5777 0.0000
vt 0.4142 0.5715 0.0000
vt 0.4148 0.5656 0.0000
vt 0.4420 0.4081 0.0000
vt 0.4436 0.4033 0.0000
vt 0.4634 0.4093 0.0000
vt 0.4620 0.4141 0.0000
vt 0.4060 0.3844 0.0000
vt 0.4053 0.3865 0.0000
vt 0.4062 0.3886 0.0000
vt 0.4033 0.3930 0.0000
vt 0.3842 0.3834 0.0000
vt 0.4329 0.3306 0.0000
vt 0.4310 0.3302 0.0000
vt 0.4294 0.3308 0.0000
vt 0.4287 0.3322 0.0000
vt 0.3668 0.3720 0.0000
vt 0.3773 0.3572 0.0000
vt 0.3507 0.3593 0.0000
vt 0.3624 0.3457 0.0000
vt 0.3360 0.3453 0.0000
vt 0.3488 0.3330 0.0000
vt 0.3229 0.3301 0.0000
vt 0.3366 0.3193 0.0000
vt 0.3114 0.3139 0.0000
vt 0.3260 0.3046 0.0000
vt 0.3017 0.2967 0.0000
vt 0.3171 0.2890 0.0000
vt 0.2939 0.2787 0.0000
vt 0.3098 0.2727 0.0000
vt 0.2880 0.2602 0.0000
vt 0.3043 0.2559 0.0000
vt 0.2841 0.2414 0.0000
vt 0.3007 0.2388 0.0000
vt 0.2822 0.2223 0.0000
vt 0.2988 0.2214 0.0000
vt 0.2823 0.2033 0.0000
vt 0.2987 0.2041 0.0000
vt 0.2843 0.1847 0.0000
vt 0.3003 0.1870 0.0000
vt 0.2878 0.1663 0.0000
vt 0.3037 0.1702 0.0000
vt 0.2932 0.1482 0.0000
vt 0.3087 0.1538 0.0000
vt 0.3004 0.1308 0.0000
vt 0.3154 0.1379 0.0000
vt 0.3094 0.1140 0.0000
vt 0.3237 0.1227 0.0000
vt 0.3201 0.0982 0.0000
vt 0.3335 0.1083 0.0000
vt 0.3446 0.0949 0.0000
vt 0.3324 0.0837 0.0000
vt 0.3458 0.0703 0.0000
vt 0.3571 0.0828 0.0000
vt 0.3606 0.0584 0.0000
vt 0.3706 0.0717 0.0000
vt 0.3761 0.0478 0.0000
vt 0.3850 0.0618 0.0000
vt 0.3924 0.0384 0.0000
vt 0.4001 0.0530 0.0000
vt 0.4091 0.0302 0.0000
vt 0.4160 0.0452 0.0000
vt 0.4262 0.0230 0.0000
vt 0.4323 0.0384 0.0000
vt 0.4437 0.0165 0.0000
vt 0.4492 0.0322 0.0000
vt 0.4613 0.0106 0.0000
vt 0.4665 0.0265 0.0000
vt 0.4791 0.0050 0.0000
vt 0.4841 0.0211 0.0000
vt 0.4822 0.4197 0.0000
vt 0.4752 0.4106 0.0000
vt 0.4761 0.4087 0.0000
vt 0.4280 0.6906 0.0000
vt 0.4269 0.6796 0.0000
vt 0.4501 0.6750 0.0000
vt 0.4533 0.6854 0.0000
vt 0.8937 0.6363 0.0000
vt 0.9408 0.6370 0.0000
vt 0.4087 0.3898 0.0000
vt 0.4243 0.3965 0.0000
vt 0.4224 0.4012 0.0000
vt 0.4063 0.3886 0.0000
vt 0.9366 0.6212 0.0000
vt 0.9402 0.6339 0.0000
vt 0.8938 0.6332 0.0000
vt 0.9353 0.6051 0.0000
vt 0.9371 0.5891 0.0000
vt 0.9388 0.5838 0.0000
vt 0.8945 0.5832 0.0000
vt 0.4769 0.6755 0.0000
vt 0.4719 0.6660 0.0000
vt 0.4822 0.4198 0.0000
vt 0.4703 0.4110 0.0000
vt 0.4731 0.4115 0.0000
vt 0.4753 0.4106 0.0000
vt 0.4331 0.3306 0.0000
vt 0.4898 0.3434 0.0000
vt 0.4874 0.3427 0.0000
vt 0.8406 0.6324 0.0000
vt 0.8413 0.5824 0.0000
vt 0.9394 0.5807 0.0000
vt 0.8945 0.5801 0.0000
vt 0.8414 0.5815 0.0000
vt 0.8404 0.5824 0.0000
vt 0.8404 0.5815 0.0000
vt 0.8398 0.5824 0.0000
vt 0.8398 0.5815 0.0000
vt 0.7866 0.9361 0.0000
vt 0.7866 0.9370 0.0000
vt 0.7857 0.9370 0.0000
vt 0.7857 0.9361 0.0000
vt 0.7857 0.9355 0.0000
vt 0.7866 0.9355 0.0000
vt 0.8943 0.5300 0.0000
vt 0.8943 0.5291 0.0000
vt 0.8953 0.5291 0.0000
vt 0.8937 0.5300 0.0000
vt 0.8937 0.5291 0.0000
vt 0.8404 0.5808 0.0000
vt 0.8921 0.6863 0.0000
vt 0.8930 0.6872 0.0000
vt 0.8921 0.6872 0.0000
vt 0.8930 0.6879 0.0000
vt 0.8921 0.6879 0.0000
vt 0.7857 0.9871 0.0000
vt 0.7866 0.9871 0.0000
vt 0.7866 0.9880 0.0000
vt 0.7857 0.9880 0.0000
vt 0.7872 0.9871 0.0000
vt 0.7872 0.9880 0.0000
vt 0.8406 0.6333 0.0000
vt 0.8397 0.6333 0.0000
vt 0.8397 0.6324 0.0000
vt 0.8406 0.6340 0.0000
vt 0.8397 0.6340 0.0000
vt 0.8914 0.6872 0.0000
vt 0.8945 0.5823 0.0000
vt 0.8936 0.5831 0.0000
vt 0.8936 0.5822 0.0000
vt 0.8923 0.5831 0.0000
vt 0.8923 0.5822 0.0000
vt 0.8914 0.5822 0.0000
vt 0.8914 0.5816 0.0000
vt 0.8923 0.5816 0.0000
vt 0.8945 0.5810 0.0000
vt 0.8936 0.5810 0.0000
vt 0.8936 0.5800 0.0000
vt 0.8929 0.5822 0.0000
vt 0.8936 0.5816 0.0000
vt 0.8928 0.6363 0.0000
vt 0.8928 0.6354 0.0000
vt 0.8937 0.6354 0.0000
vt 0.8922 0.6363 0.0000
vt 0.8922 0.6354 0.0000
vt 0.8916 0.6332 0.0000
vt 0.8916 0.6341 0.0000
vt 0.8907 0.6341 0.0000
vt 0.8929 0.6332 0.0000
vt 0.8928 0.6341 0.0000
vt 0.8938 0.6341 0.0000
vt 0.8928 0.6347 0.0000
vt 0.7368 0.9871 0.0000
vt 0.7377 0.9873 0.0000
vt 0.7375 0.9882 0.0000
vt 0.7365 0.9882 0.0000
vt 0.7363 0.9889 0.0000
vt 0.7374 0.9889 0.0000
vt 0.9424 0.6875 0.0000
vt 0.9413 0.6874 0.0000
vt 0.9424 0.6865 0.0000
vt 0.9430 0.6878 0.0000
vt 0.9430 0.6865 0.0000
vt 0.9434 0.6865 0.0000
vt 0.9441 0.6865 0.0000
vt 0.9441 0.6881 0.0000
vt 0.9434 0.6878 0.0000
vt 0.4311 0.3302 0.0000
vt 0.4312 0.3311 0.0000
vt 0.4328 0.3314 0.0000
vt 0.4327 0.3321 0.0000
vt 0.4315 0.3317 0.0000
vt 0.7356 0.9889 0.0000
vt 0.7358 0.9884 0.0000
vt 0.9406 0.6361 0.0000
vt 0.9417 0.6360 0.0000
vt 0.9417 0.6370 0.0000
vt 0.9415 0.6348 0.0000
vt 0.9404 0.6347 0.0000
vt 0.9411 0.6336 0.0000
vt 0.9417 0.6334 0.0000
vt 0.9422 0.6350 0.0000
vt 0.9425 0.6353 0.0000
vt 0.9420 0.6334 0.0000
vt 0.4066 0.3864 0.0000
vt 0.4070 0.3849 0.0000
vt 0.4078 0.3852 0.0000
vt 0.4073 0.3863 0.0000
vt 0.9415 0.6354 0.0000
vt 0.9422 0.6354 0.0000
vt 0.9423 0.6357 0.0000
vt 0.9396 0.5841 0.0000
vt 0.9390 0.5829 0.0000
vt 0.9400 0.5829 0.0000
vt 0.9402 0.5817 0.0000
vt 0.9392 0.5816 0.0000
vt 0.9403 0.5807 0.0000
vt 0.9409 0.5820 0.0000
vt 0.9409 0.5808 0.0000
vt 0.9411 0.5808 0.0000
vt 0.9414 0.5808 0.0000
vt 0.9413 0.5824 0.0000
vt 0.9410 0.5820 0.0000
vt 0.4727 0.4103 0.0000
vt 0.4706 0.4100 0.0000
vt 0.4708 0.4092 0.0000
vt 0.4723 0.4096 0.0000
vt 0.9409 0.5823 0.0000
vt 0.9407 0.5827 0.0000
vt 0.9402 0.5823 0.0000
vt 0.9423 0.5312 0.0000
vt 0.9413 0.5303 0.0000
vt 0.9424 0.5302 0.0000
vt 0.9412 0.5296 0.0000
vt 0.9422 0.5297 0.0000
vt 0.7399 0.9370 0.0000
vt 0.7391 0.9373 0.0000
vt 0.7387 0.9361 0.0000
vt 0.7398 0.9362 0.0000
vt 0.7384 0.9374 0.0000
vt 0.7380 0.9359 0.0000
vt 0.7383 0.9374 0.0000
vt 0.7380 0.9375 0.0000
vt 0.7375 0.9356 0.0000
vt 0.7379 0.9359 0.0000
vt 0.4900 0.3455 0.0000
vt 0.4899 0.3471 0.0000
vt 0.4890 0.3470 0.0000
vt 0.4893 0.3458 0.0000
vt 0.9430 0.5297 0.0000
vt 0.9430 0.5300 0.0000
vt 0.8938 0.5674 0.0000
vt 0.8930 0.5800 0.0000
vt 0.8932 0.5674 0.0000
vt 0.8787 0.5821 0.0000
vt 0.8927 0.6490 0.0000
vt 0.8915 0.6863 0.0000
vt 0.8920 0.6489 0.0000
vt 0.8780 0.6339 0.0000
vt 0.7872 0.9371 0.0000
vt 0.4416 0.4092 0.0000
vt 0.4220 0.4023 0.0000
vt 0.4413 0.4100 0.0000
vt 0.4217 0.4031 0.0000
vt 0.4281 0.6920 0.0000
vt 0.4538 0.6868 0.0000
vt 0.4027 0.3940 0.0000
vt 0.4216 0.4031 0.0000
vt 0.4023 0.3948 0.0000
vt 0.4776 0.6768 0.0000
vt 0.4026 0.3940 0.0000
vt 0.3837 0.3844 0.0000
vt 0.4021 0.3947 0.0000
vt 0.3833 0.3851 0.0000
vt 0.4991 0.6624 0.0000
vt 0.3662 0.3729 0.0000
vt 0.3832 0.3851 0.0000
vt 0.3657 0.3736 0.0000
vt 0.5175 0.6439 0.0000
vt 0.5317 0.6222 0.0000
vt 0.5327 0.6227 0.0000
vt 0.5183 0.6446 0.0000
vt 0.3500 0.3601 0.0000
vt 0.3661 0.3729 0.0000
vt 0.3352 0.3460 0.0000
vt 0.3494 0.3607 0.0000
vt 0.3347 0.3467 0.0000
vt 0.5415 0.5985 0.0000
vt 0.3221 0.3308 0.0000
vt 0.3346 0.3465 0.0000
vt 0.3215 0.3313 0.0000
vt 0.5465 0.5733 0.0000
vt 0.3105 0.3144 0.0000
vt 0.3214 0.3312 0.0000
vt 0.3099 0.3149 0.0000
vt 0.5465 0.5475 0.0000
vt 0.3008 0.2972 0.0000
vt 0.3098 0.3148 0.0000
vt 0.3001 0.2976 0.0000
vt 0.5414 0.5222 0.0000
vt 0.3008 0.2971 0.0000
vt 0.2929 0.2791 0.0000
vt 0.3001 0.2974 0.0000
vt 0.2922 0.2795 0.0000
vt 0.5316 0.4987 0.0000
vt 0.2870 0.2605 0.0000
vt 0.2922 0.2793 0.0000
vt 0.2863 0.2608 0.0000
vt 0.5176 0.4775 0.0000
vt 0.2831 0.2415 0.0000
vt 0.2862 0.2606 0.0000
vt 0.2823 0.2417 0.0000
vt 0.4995 0.4593 0.0000
vt 0.2812 0.2224 0.0000
vt 0.2823 0.2416 0.0000
vt 0.2804 0.2225 0.0000
vt 0.4783 0.4451 0.0000
vt 0.2813 0.2033 0.0000
vt 0.2804 0.2223 0.0000
vt 0.2805 0.2033 0.0000
vt 0.4551 0.4353 0.0000
vt 0.2833 0.1845 0.0000
vt 0.2805 0.2032 0.0000
vt 0.2825 0.1845 0.0000
vt 0.4306 0.4300 0.0000
vt 0.4053 0.4293 0.0000
vt 0.4053 0.4282 0.0000
vt 0.4307 0.4290 0.0000
vt 0.2868 0.1660 0.0000
vt 0.2923 0.1479 0.0000
vt 0.2861 0.1658 0.0000
vt 0.2915 0.1477 0.0000
vt 0.3801 0.4329 0.0000
vt 0.3560 0.4416 0.0000
vt 0.3555 0.4406 0.0000
vt 0.3798 0.4319 0.0000
vt 0.2995 0.1303 0.0000
vt 0.3085 0.1135 0.0000
vt 0.2989 0.1299 0.0000
vt 0.3078 0.1132 0.0000
vt 0.3334 0.4544 0.0000
vt 0.3193 0.0976 0.0000
vt 0.3079 0.1130 0.0000
vt 0.3186 0.0972 0.0000
vt 0.3132 0.4721 0.0000
vt 0.3317 0.0831 0.0000
vt 0.3187 0.0970 0.0000
vt 0.3311 0.0826 0.0000
vt 0.2976 0.4942 0.0000
vt 0.3317 0.0830 0.0000
vt 0.3452 0.0695 0.0000
vt 0.3312 0.0825 0.0000
vt 0.3446 0.0690 0.0000
vt 0.2871 0.5187 0.0000
vt 0.3600 0.0576 0.0000
vt 0.3447 0.0689 0.0000
vt 0.3595 0.0570 0.0000
vt 0.2816 0.5448 0.0000
vt 0.3600 0.0575 0.0000
vt 0.3756 0.0469 0.0000
vt 0.3596 0.0569 0.0000
vt 0.3751 0.0463 0.0000
vt 0.2815 0.5716 0.0000
vt 0.3919 0.0375 0.0000
vt 0.3753 0.0462 0.0000
vt 0.3915 0.0369 0.0000
vt 0.2868 0.5978 0.0000
vt 0.4087 0.0293 0.0000
vt 0.3916 0.0368 0.0000
vt 0.4083 0.0286 0.0000
vt 0.2969 0.6221 0.0000
vt 0.4259 0.0220 0.0000
vt 0.4084 0.0286 0.0000
vt 0.4255 0.0213 0.0000
vt 0.3114 0.6439 0.0000
vt 0.4433 0.0155 0.0000
vt 0.4257 0.0213 0.0000
vt 0.4430 0.0148 0.0000
vt 0.3302 0.6626 0.0000
vt 0.3522 0.6772 0.0000
vt 0.3517 0.6782 0.0000
vt 0.3295 0.6635 0.0000
vt 0.4610 0.0096 0.0000
vt 0.4787 0.0040 0.0000
vt 0.4608 0.0089 0.0000
vt 0.4784 0.0033 0.0000
vt 0.3763 0.6870 0.0000
vt 0.4019 0.6921 0.0000
vt 0.4018 0.6932 0.0000
vt 0.3760 0.6881 0.0000
vt 0.4617 0.4153 0.0000
vt 0.4818 0.4209 0.0000
vt 0.4613 0.4161 0.0000
vt 0.4414 0.4101 0.0000
vt 0.4267 0.6782 0.0000
vt 0.4497 0.6736 0.0000
vt 0.4265 0.6763 0.0000
vt 0.4491 0.6718 0.0000
vt 0.4712 0.6648 0.0000
vt 0.4703 0.6631 0.0000
vt 0.4904 0.6517 0.0000
vt 0.4892 0.6503 0.0000
vt 0.5067 0.6352 0.0000
vt 0.5053 0.6340 0.0000
vt 0.5180 0.6150 0.0000
vt 0.5196 0.6159 0.0000
vt 0.5286 0.5946 0.0000
vt 0.5268 0.5940 0.0000
vt 0.5329 0.5719 0.0000
vt 0.5311 0.5717 0.0000
vt 0.5328 0.5488 0.0000
vt 0.5310 0.5490 0.0000
vt 0.5284 0.5262 0.0000
vt 0.5266 0.5267 0.0000
vt 0.5198 0.5050 0.0000
vt 0.5182 0.5058 0.0000
vt 0.5071 0.4860 0.0000
vt 0.5056 0.4871 0.0000
vt 0.4908 0.4698 0.0000
vt 0.4896 0.4712 0.0000
vt 0.4720 0.4569 0.0000
vt 0.4711 0.4585 0.0000
vt 0.4511 0.4479 0.0000
vt 0.4506 0.4497 0.0000
vt 0.4289 0.4433 0.0000
vt 0.4287 0.4452 0.0000
vt 0.4062 0.4448 0.0000
vt 0.4061 0.4430 0.0000
vt 0.3834 0.4460 0.0000
vt 0.3838 0.4478 0.0000
vt 0.3625 0.4557 0.0000
vt 0.3617 0.4540 0.0000
vt 0.3415 0.4658 0.0000
vt 0.3426 0.4673 0.0000
vt 0.3237 0.4815 0.0000
vt 0.3252 0.4828 0.0000
vt 0.3100 0.5010 0.0000
vt 0.3117 0.5020 0.0000
vt 0.3004 0.5230 0.0000
vt 0.3023 0.5236 0.0000
vt 0.2957 0.5464 0.0000
vt 0.2976 0.5466 0.0000
vt 0.2957 0.5703 0.0000
vt 0.2976 0.5701 0.0000
vt 0.3002 0.5936 0.0000
vt 0.3020 0.5931 0.0000
vt 0.3091 0.6156 0.0000
vt 0.3108 0.6147 0.0000
vt 0.3223 0.6351 0.0000
vt 0.3238 0.6339 0.0000
vt 0.3391 0.6518 0.0000
vt 0.3403 0.6503 0.0000
vt 0.3596 0.6632 0.0000
vt 0.3587 0.6649 0.0000
vt 0.3803 0.6739 0.0000
vt 0.3808 0.6721 0.0000
vt 0.4035 0.6765 0.0000
vt 0.4033 0.6784 0.0000
vt 0.7406 0.9741 0.0000
vt 0.7415 0.9742 0.0000
vt 0.7362 0.9869 0.0000
vt 0.7400 0.9739 0.0000
vt 0.4462 0.3355 0.0000
vt 0.9375 0.6211 0.0000
vt 0.9381 0.6210 0.0000
vt 0.4091 0.3888 0.0000
vt 0.4247 0.3954 0.0000
vt 0.9361 0.6052 0.0000
vt 0.9368 0.6052 0.0000
vt 0.4439 0.4022 0.0000
vt 0.9379 0.5893 0.0000
vt 0.9386 0.5894 0.0000
vt 0.4637 0.4082 0.0000
vt 0.4640 0.4073 0.0000
vt 0.9408 0.5682 0.0000
vt 0.9415 0.5682 0.0000
vt 0.9430 0.5313 0.0000
vt 0.4791 0.3930 0.0000
vt 0.4293 0.3328 0.0000
vt 0.4133 0.3707 0.0000
vt 0.4299 0.3331 0.0000
vt 0.4141 0.3708 0.0000
vt 0.9419 0.6495 0.0000
vt 0.7422 0.9585 0.0000
vt 0.7431 0.9585 0.0000
vt 0.7415 0.9585 0.0000
vt 0.4627 0.3394 0.0000
vt 0.7414 0.9427 0.0000
vt 0.7406 0.9428 0.0000
vt 0.7415 0.9584 0.0000
vt 0.7400 0.9430 0.0000
vt 0.4803 0.3423 0.0000
vt 0.9411 0.6881 0.0000
vt 0.8953 0.5285 0.0000
vt 0.4872 0.3438 0.0000
vt 0.4802 0.3423 0.0000
vt 0.4870 0.3445 0.0000
vt 0.4802 0.3431 0.0000
vt 0.9414 0.5686 0.0000
vt 0.4749 0.4083 0.0000
# 1085 texture coords

o Sphere_001
g Sphere_001
f 685/1003/635 686/1004/635 687/1005/636 
f 687/1005/636 688/1006/636 685/1003/635 
f 689/1007/637 690/1008/637 691/1009/637 
f 691/1009/637 692/1010/637 689/1007/637 
f 693/1011/638 694/1012/638 695/1013/638 
f 695/1013/638 696/1014/638 693/1011/638 
f 697/1015/639 698/1016/640 699/1017/641 
f 699/1017/641 700/1018/642 697/1015/639 
f 701/1019/643 697/1015/639 700/1018/642 
f 700/1018/642 702/1020/644 701/1019/643 
f 702/1020/644 703/1021/645 704/1022/646 
f 704/1022/646 701/1019/643 702/1020/644 
f 705/1023/647 704/1024/646 703/1025/645 
f 706/1026/648 707/1027/649 708/1028/650 
f 708/1028/650 709/1029/651 706/1026/648 
f 710/1030/652 711/1031/653 712/1032/654 
f 712/1032/654 708/1028/650 710/1030/652 
f 712/1032/654 711/1031/653 699/1017/641 
f 699/1017/641 698/1016/640 712/1032/654 
f 711/1031/653 713/1033/655 714/1034/656 
f 714/1034/656 699/1017/641 711/1031/653 
f 715/1035/657 700/1018/642 699/1017/641 
f 699/1017/641 714/1034/656 715/1035/657 
f 702/1020/644 700/1018/642 715/1035/657 
f 715/1035/657 716/1036/658 702/1020/644 
f 703/1021/645 702/1020/644 716/1036/658 
f 716/1036/658 717/1037/659 703/1021/645 
f 705/1023/647 703/1025/645 717/1038/659 
f 718/1039/660 719/1040/661 720/1041/661 
f 720/1041/661 721/1042/660 718/1039/660 
f 711/1031/653 710/1030/652 722/1043/662 
f 722/1043/662 713/1033/655 711/1031/653 
f 705/1023/647 717/1038/659 723/1044/663 
f 724/1045/664 725/1046/665 726/1047/666 
f 726/1047/666 727/1048/667 724/1045/664 
f 722/1043/662 728/1049/668 729/1050/669 
f 729/1050/669 713/1033/655 722/1043/662 
f 714/1034/656 713/1033/655 729/1050/669 
f 729/1050/669 730/1051/670 714/1034/656 
f 731/1052/671 715/1035/657 714/1034/656 
f 714/1034/656 730/1051/670 731/1052/671 
f 715/1035/657 731/1052/671 732/1053/672 
f 732/1053/672 716/1036/658 715/1035/657 
f 717/1037/659 716/1036/658 732/1053/672 
f 732/1053/672 723/1054/663 717/1037/659 
f 730/1051/670 729/1050/669 733/1055/673 
f 733/1055/673 734/1056/674 730/1051/670 
f 731/1052/671 730/1051/670 734/1056/674 
f 734/1056/674 735/1057/675 731/1052/671 
f 731/1052/671 735/1057/675 736/1058/676 
f 736/1058/676 732/1053/672 731/1052/671 
f 737/1059/677 723/1054/663 732/1053/672 
f 732/1053/672 736/1058/676 737/1059/677 
f 705/1023/647 723/1044/663 737/1060/677 
f 738/1061/678 720/1041/661 719/1040/661 
f 719/1040/661 739/1062/678 738/1061/678 
f 728/1049/668 727/1048/667 740/1063/679 
f 740/1063/679 741/1064/680 728/1049/668 
f 741/1064/680 733/1055/673 729/1050/669 
f 729/1050/669 728/1049/668 741/1064/680 
f 705/1023/647 737/1060/677 742/1065/681 
f 743/1066/682 738/1061/678 739/1062/678 
f 739/1062/678 744/1067/682 743/1066/682 
f 740/1063/679 745/1068/683 746/1069/684 
f 746/1069/684 741/1064/680 740/1063/679 
f 747/1070/685 733/1055/673 741/1064/680 
f 741/1064/680 746/1069/684 747/1070/685 
f 733/1055/673 747/1070/685 748/1071/686 
f 748/1071/686 734/1056/674 733/1055/673 
f 735/1057/675 734/1056/674 748/1071/686 
f 748/1071/686 749/1072/687 735/1057/675 
f 735/1057/675 749/1072/687 750/1073/688 
f 750/1073/688 736/1058/676 735/1057/675 
f 737/1059/677 736/1058/676 750/1073/688 
f 750/1073/688 742/1074/681 737/1059/677 
f 751/1075/689 752/1076/690 749/1072/687 
f 749/1072/687 748/1071/686 751/1075/689 
f 750/1073/688 749/1072/687 752/1076/690 
f 752/1076/690 753/1077/691 750/1073/688 
f 753/1077/691 754/1078/692 742/1074/681 
f 742/1074/681 750/1073/688 753/1077/691 
f 705/1023/647 742/1065/681 754/1079/692 
f 744/1067/682 755/1080/693 756/1081/693 
f 756/1081/693 743/1066/682 744/1067/682 
f 745/1068/683 757/1082/694 758/1083/695 
f 758/1083/695 746/1069/684 745/1068/683 
f 747/1070/685 746/1069/684 758/1083/695 
f 758/1083/695 759/1084/696 747/1070/685 
f 759/1084/696 751/1075/689 748/1071/686 
f 748/1071/686 747/1070/685 759/1084/696 
f 757/1082/694 760/1085/697 761/1086/698 
f 761/1086/698 758/1083/695 757/1082/694 
f 761/1086/698 762/1087/699 759/1084/696 
f 759/1084/696 758/1083/695 761/1086/698 
f 762/1087/699 763/1088/700 751/1075/689 
f 751/1075/689 759/1084/696 762/1087/699 
f 751/1075/689 763/1088/700 764/1089/701 
f 764/1089/701 752/1076/690 751/1075/689 
f 753/1077/691 752/1076/690 764/1089/701 
f 764/1089/701 765/1090/702 753/1077/691 
f 753/1077/691 765/1090/702 766/1091/703 
f 766/1091/703 754/1078/692 753/1077/691 
f 705/1023/647 754/1079/692 766/1092/703 
f 756/1081/693 755/1080/693 767/1093/704 
f 767/1093/704 768/1094/704 756/1081/693 
f 769/1095/705 770/1096/706 765/1090/702 
f 765/1090/702 764/1089/701 769/1095/705 
f 766/1091/703 765/1090/702 770/1096/706 
f 770/1096/706 771/1097/707 766/1091/703 
f 705/1023/647 766/1092/703 771/1098/707 
f 772/1099/708 773/1100/708 768/1094/704 
f 768/1094/704 767/1093/704 772/1099/708 
f 761/1086/698 760/1085/697 774/1101/709 
f 774/1101/709 775/1102/710 761/1086/698 
f 762/1087/699 761/1086/698 775/1102/710 
f 775/1102/710 776/1103/711 762/1087/699 
f 777/1104/712 763/1088/700 762/1087/699 
f 762/1087/699 776/1103/711 777/1104/712 
f 763/1088/700 777/1104/712 769/1095/705 
f 769/1095/705 764/1089/701 763/1088/700 
f 778/1105/713 775/1102/710 774/1101/709 
f 774/1101/709 779/1106/714 778/1105/713 
f 778/1105/713 780/1107/715 776/1103/711 
f 776/1103/711 775/1102/710 778/1105/713 
f 780/1107/715 781/1108/716 777/1104/712 
f 777/1104/712 776/1103/711 780/1107/715 
f 769/1095/705 777/1104/712 781/1108/716 
f 781/1108/716 782/1109/717 769/1095/705 
f 770/1096/706 769/1095/705 782/1109/717 
f 782/1109/717 783/1110/718 770/1096/706 
f 784/1111/719 771/1097/707 770/1096/706 
f 770/1096/706 783/1110/718 784/1111/719 
f 705/1023/647 771/1098/707 784/1112/719 
f 785/1113/720 773/1100/708 772/1099/708 
f 772/1099/708 786/1114/720 785/1113/720 
f 783/1110/718 782/1109/717 787/1115/721 
f 787/1115/721 788/1116/722 783/1110/718 
f 789/1117/723 784/1111/719 783/1110/718 
f 783/1110/718 788/1116/722 789/1117/723 
f 705/1023/647 784/1112/719 789/1118/723 
f 790/1119/724 785/1113/720 786/1114/720 
f 786/1114/720 791/1120/724 790/1119/724 
f 792/1121/725 793/1122/726 778/1105/713 
f 778/1105/713 779/1106/714 792/1121/725 
f 780/1107/715 778/1105/713 793/1122/726 
f 793/1122/726 794/1123/727 780/1107/715 
f 780/1107/715 794/1123/727 795/1124/728 
f 795/1124/728 781/1108/716 780/1107/715 
f 795/1124/728 787/1115/721 782/1109/717 
f 782/1109/717 781/1108/716 795/1124/728 
f 794/1123/727 793/1122/726 796/1125/729 
f 796/1125/729 797/1126/730 794/1123/727 
f 798/1127/731 795/1124/728 794/1123/727 
f 794/1123/727 797/1126/730 798/1127/731 
f 787/1115/721 795/1124/728 798/1127/731 
f 798/1127/731 799/1128/732 787/1115/721 
f 800/1129/733 788/1116/722 787/1115/721 
f 787/1115/721 799/1128/732 800/1129/733 
f 788/1116/722 800/1129/733 801/1130/734 
f 801/1130/734 789/1117/723 788/1116/722 
f 705/1023/647 789/1118/723 801/1131/734 
f 802/1132/735 790/1119/724 791/1120/724 
f 791/1120/724 803/1133/735 802/1132/735 
f 804/1134/736 796/1125/729 793/1122/726 
f 793/1122/726 792/1121/725 804/1134/736 
f 800/1129/733 805/1135/737 806/1136/738 
f 806/1136/738 801/1130/734 800/1129/733 
f 705/1023/647 801/1131/734 806/1137/738 
f 802/1132/735 803/1133/735 807/1138/739 
f 807/1138/739 808/1139/739 802/1132/735 
f 796/1125/729 804/1134/736 809/1140/740 
f 809/1140/740 810/1141/741 796/1125/729 
f 796/1125/729 810/1141/741 811/1142/742 
f 811/1142/742 797/1126/730 796/1125/729 
f 798/1127/731 797/1126/730 811/1142/742 
f 811/1142/742 812/1143/743 798/1127/731 
f 799/1128/732 798/1127/731 812/1143/743 
f 812/1143/743 813/1144/744 799/1128/732 
f 800/1129/733 799/1128/732 813/1144/744 
f 813/1144/744 805/1135/737 800/1129/733 
f 810/1141/741 814/1145/745 815/1146/746 
f 815/1146/746 811/1142/742 810/1141/741 
f 811/1142/742 815/1146/746 816/1147/747 
f 816/1147/747 812/1143/743 811/1142/742 
f 812/1143/743 816/1147/747 817/1148/748 
f 817/1148/748 813/1144/744 812/1143/743 
f 805/1135/737 813/1144/744 817/1148/748 
f 817/1148/748 818/1149/749 805/1135/737 
f 818/1149/749 819/1150/750 806/1136/738 
f 806/1136/738 805/1135/737 818/1149/749 
f 705/1023/647 806/1137/738 819/1151/750 
f 808/1139/739 807/1138/739 820/1152/751 
f 820/1152/751 821/1153/751 808/1139/739 
f 822/1154/752 814/1145/745 810/1141/741 
f 810/1141/741 809/1140/740 822/1154/752 
f 819/1150/750 818/1149/749 823/1155/753 
f 823/1155/753 824/1156/754 819/1150/750 
f 705/1023/647 819/1151/750 824/1157/754 
f 821/1153/751 820/1152/751 825/1158/755 
f 825/1158/755 826/1159/755 821/1153/751 
f 822/1154/752 827/1160/756 828/1161/757 
f 828/1161/757 814/1145/745 822/1154/752 
f 828/1161/757 829/1162/758 815/1146/746 
f 815/1146/746 814/1145/745 828/1161/757 
f 829/1162/758 830/1163/759 816/1147/747 
f 816/1147/747 815/1146/746 829/1162/758 
f 830/1163/759 831/1164/760 817/1148/748 
f 817/1148/748 816/1147/747 830/1163/759 
f 831/1164/760 823/1155/753 818/1149/749 
f 818/1149/749 817/1148/748 831/1164/760 
f 832/1165/761 830/1163/759 829/1162/758 
f 829/1162/758 833/1166/762 832/1165/761 
f 830/1163/759 832/1165/761 834/1167/763 
f 834/1167/763 831/1164/760 830/1163/759 
f 823/1155/753 831/1164/760 834/1167/763 
f 834/1167/763 835/1168/764 823/1155/753 
f 836/1169/765 824/1156/754 823/1155/753 
f 823/1155/753 835/1168/764 836/1169/765 
f 705/1023/647 824/1157/754 836/1170/765 
f 837/1171/766 826/1159/755 825/1158/755 
f 825/1158/755 838/1172/766 837/1171/766 
f 827/1160/756 839/1173/767 840/1174/768 
f 840/1174/768 828/1161/757 827/1160/756 
f 840/1174/768 833/1166/762 829/1162/758 
f 829/1162/758 828/1161/757 840/1174/768 
f 705/1023/647 836/1170/765 841/1175/769 
f 837/1171/766 838/1172/766 842/1176/770 
f 842/1176/770 843/1177/770 837/1171/766 
f 839/1173/767 844/1178/771 845/1179/772 
f 845/1179/772 840/1174/768 839/1173/767 
f 840/1174/768 845/1179/772 846/1180/773 
f 846/1180/773 833/1166/762 840/1174/768 
f 832/1165/761 833/1166/762 846/1180/773 
f 846/1180/773 847/1181/774 832/1165/761 
f 847/1181/774 848/1182/775 834/1167/763 
f 834/1167/763 832/1165/761 847/1181/774 
f 848/1182/775 849/1183/776 835/1168/764 
f 835/1168/764 834/1167/763 848/1182/775 
f 836/1169/765 835/1168/764 849/1183/776 
f 849/1183/776 841/1184/769 836/1169/765 
f 850/1185/777 848/1182/775 847/1181/774 
f 847/1181/774 851/1186/778 850/1185/777 
f 849/1183/776 848/1182/775 850/1185/777 
f 850/1185/777 852/1187/779 849/1183/776 
f 841/1184/769 849/1183/776 852/1187/779 
f 852/1187/779 853/1188/780 841/1184/769 
f 705/1023/647 841/1175/769 853/1189/780 
f 854/1190/781 855/1191/781 843/1177/770 
f 843/1177/770 842/1176/770 854/1190/781 
f 856/1192/782 845/1179/772 844/1178/771 
f 844/1178/771 857/1193/783 856/1192/782 
f 845/1179/772 856/1192/782 858/1194/784 
f 858/1194/784 846/1180/773 845/1179/772 
f 858/1194/784 851/1186/778 847/1181/774 
f 847/1181/774 846/1180/773 858/1194/784 
f 855/1191/781 854/1190/781 859/1195/785 
f 859/1195/785 860/1196/785 855/1191/781 
f 857/1193/783 861/1197/786 862/1198/787 
f 862/1198/787 856/1192/782 857/1193/783 
f 858/1194/784 856/1192/782 862/1198/787 
f 862/1198/787 863/1199/788 858/1194/784 
f 851/1186/778 858/1194/784 863/1199/788 
f 863/1199/788 864/1200/789 851/1186/778 
f 865/1201/790 850/1185/777 851/1186/778 
f 851/1186/778 864/1200/789 865/1201/790 
f 850/1185/777 865/1201/790 866/1202/791 
f 866/1202/791 852/1187/779 850/1185/777 
f 866/1202/791 867/1203/792 853/1188/780 
f 853/1188/780 852/1187/779 866/1202/791 
f 705/1023/647 853/1189/780 867/1204/792 
f 868/1205/793 869/1206/794 865/1201/790 
f 865/1201/790 864/1200/789 868/1205/793 
f 865/1201/790 869/1206/794 870/1207/795 
f 870/1207/795 866/1202/791 865/1201/790 
f 867/1203/792 866/1202/791 870/1207/795 
f 870/1207/795 871/1208/796 867/1203/792 
f 705/1023/647 867/1204/792 871/1209/796 
f 860/1196/785 859/1195/785 872/1210/797 
f 872/1210/797 873/1211/797 860/1196/785 
f 874/1212/798 875/1213/799 862/1198/787 
f 862/1198/787 861/1197/786 874/1212/798 
f 862/1198/787 875/1213/799 876/1214/800 
f 876/1214/800 863/1199/788 862/1198/787 
f 876/1214/800 868/1205/793 864/1200/789 
f 864/1200/789 863/1199/788 876/1214/800 
f 874/1212/798 877/1215/801 878/1216/802 
f 878/1216/802 875/1213/799 874/1212/798 
f 875/1213/799 878/1216/802 879/1217/803 
f 879/1217/803 876/1214/800 875/1213/799 
f 868/1205/793 876/1214/800 879/1217/803 
f 879/1217/803 880/1218/804 868/1205/793 
f 868/1205/793 880/1218/804 881/1219/805 
f 881/1219/805 869/1206/794 868/1205/793 
f 881/1219/805 882/1220/806 870/1207/795 
f 870/1207/795 869/1206/794 881/1219/805 
f 871/1208/796 870/1207/795 882/1220/806 
f 882/1220/806 883/1221/807 871/1208/796 
f 705/1023/647 871/1209/796 883/1222/807 
f 884/1223/808 885/1224/808 873/1211/797 
f 873/1211/797 872/1210/797 884/1223/808 
f 882/1220/806 881/1219/805 886/1225/809 
f 886/1225/809 887/1226/810 882/1220/806 
f 883/1221/807 882/1220/806 887/1226/810 
f 887/1226/810 888/1227/811 883/1221/807 
f 705/1023/647 883/1222/807 888/1228/811 
f 889/1229/812 885/1224/808 884/1223/808 
f 884/1223/808 890/1230/812 889/1229/812 
f 891/1231/813 892/1232/814 878/1216/802 
f 878/1216/802 877/1215/801 891/1231/813 
f 893/1233/815 879/1217/803 878/1216/802 
f 878/1216/802 892/1232/814 893/1233/815 
f 879/1217/803 893/1233/815 894/1234/816 
f 894/1234/816 880/1218/804 879/1217/803 
f 880/1218/804 894/1234/816 886/1225/809 
f 886/1225/809 881/1219/805 880/1218/804 
f 892/1232/814 891/1231/813 895/1235/817 
f 895/1235/817 896/1236/818 892/1232/814 
f 893/1233/815 892/1232/814 896/1236/818 
f 896/1236/818 897/1237/819 893/1233/815 
f 897/1237/819 898/1238/820 894/1234/816 
f 894/1234/816 893/1233/815 897/1237/819 
f 898/1238/820 899/1239/821 886/1225/809 
f 886/1225/809 894/1234/816 898/1238/820 
f 887/1226/810 886/1225/809 899/1239/821 
f 899/1239/821 900/1240/822 887/1226/810 
f 888/1227/811 887/1226/810 900/1240/822 
f 900/1240/822 901/1241/823 888/1227/811 
f 705/1023/647 888/1228/811 901/1242/823 
f 890/1230/812 902/1243/824 903/1244/824 
f 903/1244/824 889/1229/812 890/1230/812 
f 904/1245/825 905/1246/826 900/1240/822 
f 900/1240/822 899/1239/821 904/1245/825 
f 901/1241/823 900/1240/822 905/1246/826 
f 905/1246/826 906/1247/827 901/1241/823 
f 705/1023/647 901/1242/823 906/1248/827 
f 903/1244/824 902/1243/824 907/1249/828 
f 907/1249/828 908/1250/828 903/1244/824 
f 895/1235/817 909/1251/829 910/1252/830 
f 910/1252/830 896/1236/818 895/1235/817 
f 910/1252/830 911/1253/831 897/1237/819 
f 897/1237/819 896/1236/818 910/1252/830 
f 912/1254/832 898/1238/820 897/1237/819 
f 897/1237/819 911/1253/831 912/1254/832 
f 899/1239/821 898/1238/820 912/1254/832 
f 912/1254/832 904/1245/825 899/1239/821 
f 911/1253/831 910/1252/830 913/1255/833 
f 913/1255/833 914/1256/834 911/1253/831 
f 911/1253/831 914/1256/834 915/1257/835 
f 915/1257/835 912/1254/832 911/1253/831 
f 904/1245/825 912/1254/832 915/1257/835 
f 915/1257/835 916/1258/836 904/1245/825 
f 904/1245/825 916/1258/836 917/1259/837 
f 917/1259/837 905/1246/826 904/1245/825 
f 905/1246/826 917/1259/837 918/1260/838 
f 918/1260/838 906/1247/827 905/1246/826 
f 705/1023/647 906/1248/827 918/1261/838 
f 907/1249/828 919/1262/839 920/1263/839 
f 920/1263/839 908/1250/828 907/1249/828 
f 910/1252/830 909/1251/829 921/1264/840 
f 921/1264/840 913/1255/833 910/1252/830 
f 922/1265/841 923/1266/842 918/1260/838 
f 918/1260/838 917/1259/837 922/1265/841 
f 705/1023/647 918/1261/838 923/1267/842 
f 924/1268/843 920/1263/839 919/1262/839 
f 919/1262/839 925/1269/843 924/1268/843 
f 913/1255/833 921/1264/840 926/1270/844 
f 926/1270/844 927/1271/845 913/1255/833 
f 928/1272/846 914/1256/834 913/1255/833 
f 913/1255/833 927/1271/845 928/1272/846 
f 914/1256/834 928/1272/846 929/1273/847 
f 929/1273/847 915/1257/835 914/1256/834 
f 929/1273/847 930/1274/848 916/1258/836 
f 916/1258/836 915/1257/835 929/1273/847 
f 917/1259/837 916/1258/836 930/1274/848 
f 930/1274/848 922/1265/841 917/1259/837 
f 929/1273/847 928/1272/846 931/1275/849 
f 931/1275/849 932/1276/850 929/1273/847 
f 929/1273/847 932/1276/850 933/1277/851 
f 933/1277/851 930/1274/848 929/1273/847 
f 934/1278/852 922/1265/841 930/1274/848 
f 930/1274/848 933/1277/851 934/1278/852 
f 922/1265/841 934/1278/852 935/1279/853 
f 935/1279/853 923/1266/842 922/1265/841 
f 705/1023/647 923/1267/842 935/1280/853 
f 936/1281/854 924/1268/843 925/1269/843 
f 925/1269/843 937/1282/854 936/1281/854 
f 926/1270/844 938/1283/855 939/1284/856 
f 939/1284/856 927/1271/845 926/1270/844 
f 939/1284/856 931/1275/849 928/1272/846 
f 928/1272/846 927/1271/845 939/1284/856 
f 705/1023/647 935/1280/853 940/1285/857 
f 941/1286/858 936/1281/854 937/1282/854 
f 937/1282/854 942/1287/858 941/1286/858 
f 939/1284/856 938/1283/855 943/1288/859 
f 943/1288/859 944/1289/860 939/1284/856 
f 939/1284/856 944/1289/860 945/1290/861 
f 945/1290/861 931/1275/849 939/1284/856 
f 945/1290/861 946/1291/862 932/1276/850 
f 932/1276/850 931/1275/849 945/1290/861 
f 932/1276/850 946/1291/862 947/1292/863 
f 947/1292/863 933/1277/851 932/1276/850 
f 934/1278/852 933/1277/851 947/1292/863 
f 947/1292/863 948/1293/864 934/1278/852 
f 935/1279/853 934/1278/852 948/1293/864 
f 948/1293/864 940/1294/857 935/1279/853 
f 946/1291/862 945/1290/861 949/1295/865 
f 949/1295/865 950/1296/866 946/1291/862 
f 947/1292/863 946/1291/862 950/1296/866 
f 950/1296/866 951/1297/867 947/1292/863 
f 947/1292/863 951/1297/867 952/1298/868 
f 952/1298/868 948/1293/864 947/1292/863 
f 953/1299/869 940/1294/857 948/1293/864 
f 948/1293/864 952/1298/868 953/1299/869 
f 705/1023/647 940/1285/857 953/1300/869 
f 954/1301/870 955/1302/870 941/1286/858 
f 941/1286/858 942/1287/858 954/1301/870 
f 944/1289/860 943/1288/859 956/1303/871 
f 956/1303/871 957/1304/872 944/1289/860 
f 945/1290/861 944/1289/860 957/1304/872 
f 957/1304/872 949/1295/865 945/1290/861 
f 705/1023/647 953/1300/869 958/1305/873 
f 955/1302/870 954/1301/870 959/1306/874 
f 959/1306/874 960/1307/874 955/1302/870 
f 957/1304/872 956/1303/871 961/1308/875 
f 961/1308/875 962/1309/876 957/1304/872 
f 963/1310/877 949/1295/865 957/1304/872 
f 957/1304/872 962/1309/876 963/1310/877 
f 964/1311/878 950/1296/866 949/1295/865 
f 949/1295/865 963/1310/877 964/1311/878 
f 950/1296/866 964/1311/878 965/1312/879 
f 965/1312/879 951/1297/867 950/1296/866 
f 965/1312/879 966/1313/880 952/1298/868 
f 952/1298/868 951/1297/867 965/1312/879 
f 952/1298/868 966/1313/880 958/1314/873 
f 958/1314/873 953/1299/869 952/1298/868 
f 967/1315/881 965/1312/879 964/1311/878 
f 964/1311/878 968/1316/882 967/1315/881 
f 969/1317/883 966/1313/880 965/1312/879 
f 965/1312/879 967/1315/881 969/1317/883 
f 970/1318/884 958/1314/873 966/1313/880 
f 966/1313/880 969/1317/883 970/1318/884 
f 705/1023/647 958/1305/873 970/1319/884 
f 960/1307/874 959/1306/874 971/1320/885 
f 971/1320/885 972/1321/885 960/1307/874 
f 973/1322/886 962/1309/876 961/1308/875 
f 961/1308/875 974/1323/887 973/1322/886 
f 963/1310/877 962/1309/876 973/1322/886 
f 973/1322/886 975/1324/888 963/1310/877 
f 963/1310/877 975/1324/888 968/1316/882 
f 968/1316/882 964/1311/878 963/1310/877 
f 976/1325/889 977/1326/890 978/1327/891 
f 978/1327/891 979/1328/892 976/1325/889 
f 980/1329/893 710/1030/652 708/1028/650 
f 708/1028/650 707/1027/649 980/1329/893 
f 709/1029/651 981/1330/894 975/1331/888 
f 975/1331/888 973/1332/886 709/1029/651 
f 982/1333/895 968/1334/882 975/1331/888 
f 975/1331/888 981/1330/894 982/1333/895 
f 982/1333/895 983/1335/896 967/1336/881 
f 967/1336/881 968/1334/882 982/1333/895 
f 983/1335/896 984/1337/897 969/1338/883 
f 969/1338/883 967/1336/881 983/1335/896 
f 984/1337/897 985/1339/898 970/1340/884 
f 970/1340/884 969/1338/883 984/1337/897 
f 705/1023/647 970/1319/884 985/1341/898 
f 698/1016/640 697/1015/639 983/1335/896 
f 983/1335/896 982/1333/895 698/1016/640 
f 697/1015/639 701/1019/643 984/1337/897 
f 984/1337/897 983/1335/896 697/1015/639 
f 701/1019/643 704/1022/646 985/1339/898 
f 985/1339/898 984/1337/897 701/1019/643 
f 705/1023/647 985/1341/898 704/1024/646 
f 708/1028/650 712/1032/654 981/1330/894 
f 981/1330/894 709/1029/651 708/1028/650 
f 981/1330/894 712/1032/654 698/1016/640 
f 698/1016/640 982/1333/895 981/1330/894 
f 986/1342/899 987/1343/900 988/1344/901 
f 988/1344/901 989/1345/902 986/1342/899 
f 990/1346/903 989/1345/902 988/1344/901 
f 988/1344/901 991/1347/904 990/1346/903 
f 990/1346/903 991/1347/904 992/1348/905 
f 992/1348/905 993/1349/906 990/1346/903 
f 994/1350/907 993/1349/906 992/1348/905 
f 995/1351/908 996/1352/909 997/1353/910 
f 997/1353/910 998/1354/911 995/1351/908 
f 978/1327/891 999/1355/912 1000/1356/913 
f 1000/1356/913 997/1353/910 978/1327/891 
f 1000/1356/913 999/1355/912 1001/1357/914 
f 1001/1357/914 1002/1358/915 1000/1356/913 
f 1002/1358/915 1001/1357/914 987/1343/900 
f 987/1343/900 986/1342/899 1002/1358/915 
f 1002/1358/915 986/1342/899 1003/1359/916 
f 1003/1359/916 1004/1360/917 1002/1358/915 
f 1005/1361/918 1003/1359/916 986/1342/899 
f 986/1342/899 989/1345/902 1005/1361/918 
f 1005/1361/918 989/1345/902 990/1346/903 
f 990/1346/903 1006/1362/919 1005/1361/918 
f 990/1346/903 993/1349/906 1007/1363/920 
f 1007/1363/920 1006/1362/919 990/1346/903 
f 994/1350/907 1007/1363/920 993/1349/906 
f 1008/1364/921 1009/1365/922 995/1351/908 
f 995/1351/908 998/1354/911 1008/1364/921 
f 998/1354/911 997/1353/910 1000/1356/913 
f 1000/1356/913 1010/1366/923 998/1354/911 
f 1010/1366/923 1000/1356/913 1002/1358/915 
f 1002/1358/915 1004/1360/917 1010/1366/923 
f 994/1350/907 1011/1367/924 1007/1363/920 
f 1009/1365/922 1008/1364/921 1012/1368/925 
f 1012/1368/925 1013/1369/926 1009/1365/922 
f 1014/1370/927 1008/1364/921 998/1354/911 
f 998/1354/911 1010/1366/923 1014/1370/927 
f 1015/1371/928 1014/1370/927 1010/1366/923 
f 1010/1366/923 1004/1360/917 1015/1371/928 
f 1015/1371/928 1004/1360/917 1003/1359/916 
f 1003/1359/916 1016/1372/929 1015/1371/928 
f 1005/1361/918 1017/1373/930 1016/1372/929 
f 1016/1372/929 1003/1359/916 1005/1361/918 
f 1006/1362/919 1018/1374/931 1017/1373/930 
f 1017/1373/930 1005/1361/918 1006/1362/919 
f 1011/1367/924 1018/1374/931 1006/1362/919 
f 1006/1362/919 1007/1363/920 1011/1367/924 
f 1019/1375/932 1020/1376/933 1015/1371/928 
f 1015/1371/928 1016/1372/929 1019/1375/932 
f 1017/1373/930 1021/1377/934 1019/1375/932 
f 1019/1375/932 1016/1372/929 1017/1373/930 
f 1018/1374/931 1022/1378/935 1021/1377/934 
f 1021/1377/934 1017/1373/930 1018/1374/931 
f 1023/1379/936 1022/1378/935 1018/1374/931 
f 1018/1374/931 1011/1367/924 1023/1379/936 
f 994/1350/907 1023/1379/936 1011/1367/924 
f 1024/1380/937 1013/1369/926 1012/1368/925 
f 1012/1368/925 1025/1381/938 1024/1380/937 
f 1014/1370/927 1026/1382/939 1012/1368/925 
f 1012/1368/925 1008/1364/921 1014/1370/927 
f 1015/1371/928 1020/1376/933 1026/1382/939 
f 1026/1382/939 1014/1370/927 1015/1371/928 
f 994/1350/907 1027/1383/940 1023/1379/936 
f 1024/1380/937 1025/1381/938 1028/1384/941 
f 1028/1384/941 1029/1385/942 1024/1380/937 
f 1025/1381/938 1012/1368/925 1026/1382/939 
f 1026/1382/939 1030/1386/943 1025/1381/938 
f 1020/1376/933 1031/1387/944 1030/1386/943 
f 1030/1386/943 1026/1382/939 1020/1376/933 
f 1019/1375/932 1032/1388/945 1031/1387/944 
f 1031/1387/944 1020/1376/933 1019/1375/932 
f 1021/1377/934 1033/1389/946 1032/1388/945 
f 1032/1388/945 1019/1375/932 1021/1377/934 
f 1034/1390/947 1033/1389/946 1021/1377/934 
f 1021/1377/934 1022/1378/935 1034/1390/947 
f 1023/1379/936 1027/1383/940 1034/1390/947 
f 1034/1390/947 1022/1378/935 1023/1379/936 
f 1035/1391/948 1036/1392/949 1032/1388/945 
f 1032/1388/945 1033/1389/946 1035/1391/948 
f 1037/1393/950 1035/1391/948 1033/1389/946 
f 1033/1389/946 1034/1390/947 1037/1393/950 
f 1037/1393/950 1034/1390/947 1027/1383/940 
f 1027/1383/940 1038/1394/951 1037/1393/950 
f 994/1350/907 1038/1394/951 1027/1383/940 
f 1028/1384/941 1039/1395/952 1040/1396/953 
f 1040/1396/953 1029/1385/942 1028/1384/941 
f 1030/1386/943 1041/1397/954 1028/1384/941 
f 1028/1384/941 1025/1381/938 1030/1386/943 
f 1031/1387/944 1042/1398/955 1041/1397/954 
f 1041/1397/954 1030/1386/943 1031/1387/944 
f 1032/1388/945 1036/1392/949 1042/1398/955 
f 1042/1398/955 1031/1387/944 1032/1388/945 
f 1041/1397/954 1043/1399/956 1039/1395/952 
f 1039/1395/952 1028/1384/941 1041/1397/954 
f 1042/1398/955 1044/1400/957 1043/1399/956 
f 1043/1399/956 1041/1397/954 1042/1398/955 
f 1044/1400/957 1042/1398/955 1036/1392/949 
f 1036/1392/949 1045/1401/958 1044/1400/957 
f 1036/1392/949 1035/1391/948 1046/1402/959 
f 1046/1402/959 1045/1401/958 1036/1392/949 
f 1046/1402/959 1035/1391/948 1037/1393/950 
f 1037/1393/950 1047/1403/960 1046/1402/959 
f 1048/1404/961 1047/1403/960 1037/1393/950 
f 1037/1393/950 1038/1394/951 1048/1404/961 
f 994/1350/907 1048/1404/961 1038/1394/951 
f 1039/1395/952 1049/1405/962 1050/1406/963 
f 1050/1406/963 1040/1396/953 1039/1395/952 
f 1051/1407/964 1052/1408/965 1046/1402/959 
f 1046/1402/959 1047/1403/960 1051/1407/964 
f 1048/1404/961 1053/1409/966 1051/1407/964 
f 1051/1407/964 1047/1403/960 1048/1404/961 
f 994/1350/907 1053/1409/966 1048/1404/961 
f 1054/1410/967 1050/1406/963 1049/1405/962 
f 1049/1405/962 1055/1411/968 1054/1410/967 
f 1039/1395/952 1043/1399/956 1056/1412/969 
f 1056/1412/969 1049/1405/962 1039/1395/952 
f 1044/1400/957 1057/1413/970 1056/1412/969 
f 1056/1412/969 1043/1399/956 1044/1400/957 
f 1045/1401/958 1058/1414/971 1057/1413/970 
f 1057/1413/970 1044/1400/957 1045/1401/958 
f 1058/1414/971 1045/1401/958 1046/1402/959 
f 1046/1402/959 1052/1408/965 1058/1414/971 
f 1059/1415/972 1055/1411/968 1049/1405/962 
f 1049/1405/962 1056/1412/969 1059/1415/972 
f 1057/1413/970 1060/1416/973 1059/1415/972 
f 1059/1415/972 1056/1412/969 1057/1413/970 
f 1061/1417/974 1060/1416/973 1057/1413/970 
f 1057/1413/970 1058/1414/971 1061/1417/974 
f 1052/1408/965 1062/1418/975 1061/1417/974 
f 1061/1417/974 1058/1414/971 1052/1408/965 
f 1052/1408/965 1051/1407/964 1063/1419/976 
f 1063/1419/976 1062/1418/975 1052/1408/965 
f 1053/1409/966 1064/1420/977 1063/1419/976 
f 1063/1419/976 1051/1407/964 1053/1409/966 
f 994/1350/907 1064/1420/977 1053/1409/966 
f 1065/1421/978 1054/1410/967 1055/1411/968 
f 1055/1411/968 1066/1422/979 1065/1421/978 
f 1067/1423/980 1068/1424/981 1062/1418/975 
f 1062/1418/975 1063/1419/976 1067/1423/980 
f 1067/1423/980 1063/1419/976 1064/1420/977 
f 1064/1420/977 1069/1425/982 1067/1423/980 
f 994/1350/907 1069/1425/982 1064/1420/977 
f 1070/1426/983 1065/1421/978 1066/1422/979 
f 1066/1422/979 1071/1427/984 1070/1426/983 
f 1059/1415/972 1072/1428/985 1066/1422/979 
f 1066/1422/979 1055/1411/968 1059/1415/972 
f 1059/1415/972 1060/1416/973 1073/1429/986 
f 1073/1429/986 1072/1428/985 1059/1415/972 
f 1073/1429/986 1060/1416/973 1061/1417/974 
f 1061/1417/974 1074/1430/987 1073/1429/986 
f 1068/1424/981 1074/1430/987 1061/1417/974 
f 1061/1417/974 1062/1418/975 1068/1424/981 
f 1073/1429/986 1075/1431/988 1076/1432/989 
f 1076/1432/989 1072/1428/985 1073/1429/986 
f 1074/1430/987 1077/1433/990 1075/1431/988 
f 1075/1431/988 1073/1429/986 1074/1430/987 
f 1078/1434/991 1077/1433/990 1074/1430/987 
f 1074/1430/987 1068/1424/981 1078/1434/991 
f 1067/1423/980 1079/1435/992 1078/1434/991 
f 1078/1434/991 1068/1424/981 1067/1423/980 
f 1079/1435/992 1067/1423/980 1069/1425/982 
f 1069/1425/982 1080/1436/993 1079/1435/992 
f 994/1350/907 1080/1436/993 1069/1425/982 
f 1071/1427/984 1081/1437/994 1082/1438/995 
f 1082/1438/995 1070/1426/983 1071/1427/984 
f 1072/1428/985 1076/1432/989 1071/1427/984 
f 1071/1427/984 1066/1422/979 1072/1428/985 
f 1083/1439/996 1079/1435/992 1080/1436/993 
f 1080/1436/993 1084/1440/997 1083/1439/996 
f 994/1350/907 1084/1440/997 1080/1436/993 
f 1085/1441/998 1082/1438/995 1081/1437/994 
f 1081/1437/994 1086/1442/999 1085/1441/998 
f 1087/1443/1000 1081/1437/994 1071/1427/984 
f 1071/1427/984 1076/1432/989 1087/1443/1000 
f 1087/1443/1000 1076/1432/989 1075/1431/988 
f 1075/1431/988 1088/1444/1001 1087/1443/1000 
f 1077/1433/990 1089/1445/1002 1088/1444/1001 
f 1088/1444/1001 1075/1431/988 1077/1433/990 
f 1089/1445/1002 1077/1433/990 1078/1434/991 
f 1078/1434/991 1090/1446/1003 1089/1445/1002 
f 1090/1446/1003 1078/1434/991 1079/1435/992 
f 1079/1435/992 1083/1439/996 1090/1446/1003 
f 1091/1447/1004 1092/1448/1005 1087/1443/1000 
f 1087/1443/1000 1088/1444/1001 1091/1447/1004 
f 1089/1445/1002 1093/1449/1006 1091/1447/1004 
f 1091/1447/1004 1088/1444/1001 1089/1445/1002 
f 1093/1449/1006 1089/1445/1002 1090/1446/1003 
f 1090/1446/1003 1094/1450/1007 1093/1449/1006 
f 1083/1439/996 1095/1451/1008 1094/1450/1007 
f 1094/1450/1007 1090/1446/1003 1083/1439/996 
f 1083/1439/996 1084/1440/997 1096/1452/1009 
f 1096/1452/1009 1095/1451/1008 1083/1439/996 
f 994/1350/907 1096/1452/1009 1084/1440/997 
f 1097/1453/1010 1085/1441/998 1086/1442/999 
f 1086/1442/999 1098/1454/1011 1097/1453/1010 
f 1092/1448/1005 1086/1442/999 1081/1437/994 
f 1081/1437/994 1087/1443/1000 1092/1448/1005 
f 1099/1455/1012 1095/1451/1008 1096/1452/1009 
f 1096/1452/1009 1100/1456/1013 1099/1455/1012 
f 994/1350/907 1100/1456/1013 1096/1452/1009 
f 1098/1454/1011 1101/1457/1014 1102/1458/1015 
f 1102/1458/1015 1097/1453/1010 1098/1454/1011 
f 1092/1448/1005 1103/1459/1016 1098/1454/1011 
f 1098/1454/1011 1086/1442/999 1092/1448/1005 
f 1091/1447/1004 1104/1460/1017 1103/1459/1016 
f 1103/1459/1016 1092/1448/1005 1091/1447/1004 
f 1104/1460/1017 1091/1447/1004 1093/1449/1006 
f 1093/1449/1006 1105/1461/1018 1104/1460/1017 
f 1106/1462/1019 1105/1461/1018 1093/1449/1006 
f 1093/1449/1006 1094/1450/1007 1106/1462/1019 
f 1099/1455/1012 1106/1462/1019 1094/1450/1007 
f 1094/1450/1007 1095/1451/1008 1099/1455/1012 
f 1105/1461/1018 1107/1463/1020 1108/1464/1021 
f 1108/1464/1021 1104/1460/1017 1105/1461/1018 
f 1105/1461/1018 1106/1462/1019 1109/1465/1022 
f 1109/1465/1022 1107/1463/1020 1105/1461/1018 
f 1110/1466/1023 1109/1465/1022 1106/1462/1019 
f 1106/1462/1019 1099/1455/1012 1110/1466/1023 
f 1100/1456/1013 1111/1467/1024 1110/1466/1023 
f 1110/1466/1023 1099/1455/1012 1100/1456/1013 
f 994/1350/907 1111/1467/1024 1100/1456/1013 
f 1101/1457/1014 1112/1468/1025 1113/1469/1026 
f 1113/1469/1026 1102/1458/1015 1101/1457/1014 
f 1103/1459/1016 1114/1470/1027 1101/1457/1014 
f 1101/1457/1014 1098/1454/1011 1103/1459/1016 
f 1104/1460/1017 1108/1464/1021 1114/1470/1027 
f 1114/1470/1027 1103/1459/1016 1104/1460/1017 
f 994/1350/907 1115/1471/1028 1111/1467/1024 
f 1112/1468/1025 1116/1472/1029 1117/1473/1030 
f 1117/1473/1030 1113/1469/1026 1112/1468/1025 
f 1114/1470/1027 1118/1474/1031 1112/1468/1025 
f 1112/1468/1025 1101/1457/1014 1114/1470/1027 
f 1108/1464/1021 1119/1475/1032 1118/1474/1031 
f 1118/1474/1031 1114/1470/1027 1108/1464/1021 
f 1108/1464/1021 1107/1463/1020 1120/1476/1033 
f 1120/1476/1033 1119/1475/1032 1108/1464/1021 
f 1109/1465/1022 1121/1477/1034 1120/1476/1033 
f 1120/1476/1033 1107/1463/1020 1109/1465/1022 
f 1109/1465/1022 1110/1466/1023 1122/1478/1035 
f 1122/1478/1035 1121/1477/1034 1109/1465/1022 
f 1122/1478/1035 1110/1466/1023 1111/1467/1024 
f 1111/1467/1024 1115/1471/1028 1122/1478/1035 
f 1123/1479/1036 1124/1480/1037 1120/1476/1033 
f 1120/1476/1033 1121/1477/1034 1123/1479/1036 
f 1122/1478/1035 1125/1481/1038 1123/1479/1036 
f 1123/1479/1036 1121/1477/1034 1122/1478/1035 
f 1115/1471/1028 1126/1482/1039 1125/1481/1038 
f 1125/1481/1038 1122/1478/1035 1115/1471/1028 
f 994/1350/907 1126/1482/1039 1115/1471/1028 
f 1116/1472/1029 1127/1483/1040 1128/1484/1041 
f 1128/1484/1041 1117/1473/1030 1116/1472/1029 
f 1118/1474/1031 1129/1485/1042 1116/1472/1029 
f 1116/1472/1029 1112/1468/1025 1118/1474/1031 
f 1129/1485/1042 1118/1474/1031 1119/1475/1032 
f 1119/1475/1032 1130/1486/1043 1129/1485/1042 
f 1124/1480/1037 1130/1486/1043 1119/1475/1032 
f 1119/1475/1032 1120/1476/1033 1124/1480/1037 
f 1127/1483/1040 1131/1487/1044 1132/1488/1045 
f 1132/1488/1045 1128/1484/1041 1127/1483/1040 
f 1127/1483/1040 1116/1472/1029 1129/1485/1042 
f 1129/1485/1042 1133/1489/1046 1127/1483/1040 
f 1129/1485/1042 1130/1486/1043 1134/1490/1047 
f 1134/1490/1047 1133/1489/1046 1129/1485/1042 
f 1124/1480/1037 1135/1491/1048 1134/1490/1047 
f 1134/1490/1047 1130/1486/1043 1124/1480/1037 
f 1135/1491/1048 1124/1480/1037 1123/1479/1036 
f 1123/1479/1036 1136/1492/1049 1135/1491/1048 
f 1137/1493/1050 1136/1492/1049 1123/1479/1036 
f 1123/1479/1036 1125/1481/1038 1137/1493/1050 
f 1138/1494/1051 1137/1493/1050 1125/1481/1038 
f 1125/1481/1038 1126/1482/1039 1138/1494/1051 
f 994/1350/907 1138/1494/1051 1126/1482/1039 
f 1135/1491/1048 1136/1492/1049 1139/1495/1052 
f 1139/1495/1052 1140/1496/1053 1135/1491/1048 
f 1137/1493/1050 1141/1497/1054 1139/1495/1052 
f 1139/1495/1052 1136/1492/1049 1137/1493/1050 
f 1141/1497/1054 1137/1493/1050 1138/1494/1051 
f 1138/1494/1051 1142/1498/1055 1141/1497/1054 
f 994/1350/907 1142/1498/1055 1138/1494/1051 
f 1131/1487/1044 1143/1499/1056 1144/1500/1057 
f 1144/1500/1057 1132/1488/1045 1131/1487/1044 
f 1131/1487/1044 1127/1483/1040 1133/1489/1046 
f 1133/1489/1046 1145/1501/1058 1131/1487/1044 
f 1133/1489/1046 1134/1490/1047 1146/1502/1059 
f 1146/1502/1059 1145/1501/1058 1133/1489/1046 
f 1146/1502/1059 1134/1490/1047 1135/1491/1048 
f 1135/1491/1048 1140/1496/1053 1146/1502/1059 
f 1131/1487/1044 1145/1501/1058 1147/1503/1060 
f 1147/1503/1060 1143/1499/1056 1131/1487/1044 
f 1146/1502/1059 1148/1504/1061 1147/1503/1060 
f 1147/1503/1060 1145/1501/1058 1146/1502/1059 
f 1140/1496/1053 1149/1505/1062 1148/1504/1061 
f 1148/1504/1061 1146/1502/1059 1140/1496/1053 
f 1139/1495/1052 1150/1506/1063 1149/1505/1062 
f 1149/1505/1062 1140/1496/1053 1139/1495/1052 
f 1139/1495/1052 1141/1497/1054 1151/1507/1064 
f 1151/1507/1064 1150/1506/1063 1139/1495/1052 
f 1142/1498/1055 1152/1508/1065 1151/1507/1064 
f 1151/1507/1064 1141/1497/1054 1142/1498/1055 
f 994/1350/907 1152/1508/1065 1142/1498/1055 
f 1153/1509/1066 1144/1500/1057 1143/1499/1056 
f 1143/1499/1056 1154/1510/1067 1153/1509/1066 
f 1155/1511/1068 1156/1512/1069 1150/1506/1063 
f 1150/1506/1063 1151/1507/1064 1155/1511/1068 
f 1157/1513/1070 1155/1511/1068 1151/1507/1064 
f 1151/1507/1064 1152/1508/1065 1157/1513/1070 
f 994/1350/907 1157/1513/1070 1152/1508/1065 
f 1154/1510/1067 1158/1514/1071 1159/1515/1072 
f 1159/1515/1072 1153/1509/1066 1154/1510/1067 
f 1154/1510/1067 1143/1499/1056 1147/1503/1060 
f 1147/1503/1060 1160/1516/1073 1154/1510/1067 
f 1148/1504/1061 1161/1517/1074 1160/1516/1073 
f 1160/1516/1073 1147/1503/1060 1148/1504/1061 
f 1149/1505/1062 1162/1518/1075 1161/1517/1074 
f 1161/1517/1074 1148/1504/1061 1149/1505/1062 
f 1150/1506/1063 1156/1512/1069 1162/1518/1075 
f 1162/1518/1075 1149/1505/1062 1150/1506/1063 
f 1163/1519/1076 1158/1514/1071 1154/1510/1067 
f 1154/1510/1067 1160/1516/1073 1163/1519/1076 
f 1164/1520/1077 1163/1519/1076 1160/1516/1073 
f 1160/1516/1073 1161/1517/1074 1164/1520/1077 
f 1165/1521/1078 1164/1520/1077 1161/1517/1074 
f 1161/1517/1074 1162/1518/1075 1165/1521/1078 
f 1156/1512/1069 1166/1522/1079 1165/1521/1078 
f 1165/1521/1078 1162/1518/1075 1156/1512/1069 
f 1166/1522/1079 1156/1512/1069 1155/1511/1068 
f 1155/1511/1068 1167/1523/1080 1166/1522/1079 
f 1157/1513/1070 1168/1524/1081 1167/1523/1080 
f 1167/1523/1080 1155/1511/1068 1157/1513/1070 
f 994/1350/907 1168/1524/1081 1157/1513/1070 
f 1158/1514/1071 1169/1525/1082 1170/1526/1083 
f 1170/1526/1083 1159/1515/1072 1158/1514/1071 
f 1167/1523/1080 1171/1527/1084 1172/1528/1085 
f 1172/1528/1085 1166/1522/1079 1167/1523/1080 
f 1168/1524/1081 1173/1529/1086 1171/1527/1084 
f 1171/1527/1084 1167/1523/1080 1168/1524/1081 
f 994/1350/907 1173/1529/1086 1168/1524/1081 
f 1174/1530/1087 1175/1531/1088 1170/1526/1083 
f 1170/1526/1083 1169/1525/1082 1174/1530/1087 
f 1176/1532/1089 1169/1525/1082 1158/1514/1071 
f 1158/1514/1071 1163/1519/1076 1176/1532/1089 
f 1177/1533/1090 1176/1532/1089 1163/1519/1076 
f 1163/1519/1076 1164/1520/1077 1177/1533/1090 
f 1165/1521/1078 1178/1534/1091 1177/1533/1090 
f 1177/1533/1090 1164/1520/1077 1165/1521/1078 
f 1166/1522/1079 1172/1528/1085 1178/1534/1091 
f 1178/1534/1091 1165/1521/1078 1166/1522/1079 
f 1179/1535/1092 1176/1532/1089 1177/1533/1090 
f 1177/1533/1090 1180/1536/1093 1179/1535/1092 
f 1180/1536/1093 1177/1533/1090 1178/1534/1091 
f 1178/1534/1091 1181/1537/1094 1180/1536/1093 
f 1172/1528/1085 1182/1538/1095 1181/1537/1094 
f 1181/1537/1094 1178/1534/1091 1172/1528/1085 
f 1171/1527/1084 1183/1539/1096 1182/1538/1095 
f 1182/1538/1095 1172/1528/1085 1171/1527/1084 
f 1183/1539/1096 1171/1527/1084 1173/1529/1086 
f 1173/1529/1086 1184/1540/1097 1183/1539/1096 
f 994/1350/907 1184/1540/1097 1173/1529/1086 
f 1185/1541/1098 1186/1542/1099 1175/1531/1088 
f 1175/1531/1088 1174/1530/1087 1185/1541/1098 
f 1174/1530/1087 1169/1525/1082 1176/1532/1089 
f 1176/1532/1089 1179/1535/1092 1174/1530/1087 
f 1187/1543/1100 1183/1539/1096 1184/1540/1097 
f 1184/1540/1097 1188/1544/1101 1187/1543/1100 
f 994/1350/907 1188/1544/1101 1184/1540/1097 
f 1189/1545/1102 1186/1542/1099 1185/1541/1098 
f 1185/1541/1098 1190/1546/1103 1189/1545/1102 
f 1191/1547/1104 1185/1541/1098 1174/1530/1087 
f 1174/1530/1087 1179/1535/1092 1191/1547/1104 
f 1192/1548/1105 1191/1547/1104 1179/1535/1092 
f 1179/1535/1092 1180/1536/1093 1192/1548/1105 
f 1192/1548/1105 1180/1536/1093 1181/1537/1094 
f 1181/1537/1094 1193/1549/1106 1192/1548/1105 
f 1193/1549/1106 1181/1537/1094 1182/1538/1095 
f 1182/1538/1095 1194/1550/1107 1193/1549/1106 
f 1194/1550/1107 1182/1538/1095 1183/1539/1096 
f 1183/1539/1096 1187/1543/1100 1194/1550/1107 
f 1193/1549/1106 1195/1551/1108 1196/1552/1109 
f 1196/1552/1109 1192/1548/1105 1193/1549/1106 
f 1195/1551/1108 1193/1549/1106 1194/1550/1107 
f 1194/1550/1107 1197/1553/1110 1195/1551/1108 
f 1198/1554/1111 1197/1553/1110 1194/1550/1107 
f 1194/1550/1107 1187/1543/1100 1198/1554/1111 
f 1188/1544/1101 1199/1555/1112 1198/1554/1111 
f 1198/1554/1111 1187/1543/1100 1188/1544/1101 
f 994/1350/907 1199/1555/1112 1188/1544/1101 
f 1200/1556/1113 1189/1545/1102 1190/1546/1103 
f 1190/1546/1103 1201/1557/1114 1200/1556/1113 
f 1190/1546/1103 1185/1541/1098 1191/1547/1104 
f 1191/1547/1104 1202/1558/1115 1190/1546/1103 
f 1191/1547/1104 1192/1548/1105 1196/1552/1109 
f 1196/1552/1109 1202/1558/1115 1191/1547/1104 
f 994/1350/907 1203/1559/1116 1199/1555/1112 
f 1204/1560/1117 1205/1561/1118 1200/1556/1113 
f 1200/1556/1113 1201/1557/1114 1204/1560/1117 
f 1201/1557/1114 1190/1546/1103 1202/1558/1115 
f 1202/1558/1115 1206/1562/1119 1201/1557/1114 
f 1202/1558/1115 1196/1552/1109 1207/1563/1120 
f 1207/1563/1120 1206/1562/1119 1202/1558/1115 
f 1208/1564/1121 1207/1563/1120 1196/1552/1109 
f 1196/1552/1109 1195/1551/1108 1208/1564/1121 
f 1208/1564/1121 1195/1551/1108 1197/1553/1110 
f 1197/1553/1110 1209/1565/1122 1208/1564/1121 
f 1210/1566/1123 1209/1565/1122 1197/1553/1110 
f 1197/1553/1110 1198/1554/1111 1210/1566/1123 
f 1203/1559/1116 1210/1566/1123 1198/1554/1111 
f 1198/1554/1111 1199/1555/1112 1203/1559/1116 
f 1211/1567/1124 1207/1563/1120 1208/1564/1121 
f 1208/1564/1121 1212/1568/1125 1211/1567/1124 
f 1209/1565/1122 1213/1569/1126 1212/1568/1125 
f 1212/1568/1125 1208/1564/1121 1209/1565/1122 
f 1209/1565/1122 1210/1566/1123 1214/1570/1127 
f 1214/1570/1127 1213/1569/1126 1209/1565/1122 
f 1203/1559/1116 1215/1571/1128 1214/1570/1127 
f 1214/1570/1127 1210/1566/1123 1203/1559/1116 
f 994/1350/907 1215/1571/1128 1203/1559/1116 
f 1204/1560/1117 1216/1572/1129 1217/1573/1130 
f 1217/1573/1130 1205/1561/1118 1204/1560/1117 
f 1206/1562/1119 1218/1574/1131 1204/1560/1117 
f 1204/1560/1117 1201/1557/1114 1206/1562/1119 
f 1218/1574/1131 1206/1562/1119 1207/1563/1120 
f 1207/1563/1120 1211/1567/1124 1218/1574/1131 
f 994/1350/907 1219/1575/1132 1215/1571/1128 
f 1220/1576/1133 1217/1573/1130 1216/1572/1129 
f 1216/1572/1129 1221/1577/1134 1220/1576/1133 
f 1218/1574/1131 1222/1578/1135 1216/1572/1129 
f 1216/1572/1129 1204/1560/1117 1218/1574/1131 
f 1222/1578/1135 1218/1574/1131 1211/1567/1124 
f 1211/1567/1124 1223/1579/1136 1222/1578/1135 
f 1212/1568/1125 1224/1580/1137 1223/1579/1136 
f 1223/1579/1136 1211/1567/1124 1212/1568/1125 
f 1225/1581/1138 1224/1580/1137 1212/1568/1125 
f 1212/1568/1125 1213/1569/1126 1225/1581/1138 
f 1225/1581/1138 1213/1569/1126 1214/1570/1127 
f 1214/1570/1127 1226/1582/1139 1225/1581/1138 
f 1214/1570/1127 1215/1571/1128 1219/1575/1132 
f 1219/1575/1132 1226/1582/1139 1214/1570/1127 
f 1225/1581/1138 1227/1583/1140 1228/1584/1141 
f 1228/1584/1141 1224/1580/1137 1225/1581/1138 
f 1227/1583/1140 1225/1581/1138 1226/1582/1139 
f 1226/1582/1139 1229/1585/1142 1227/1583/1140 
f 1226/1582/1139 1219/1575/1132 1230/1586/1143 
f 1230/1586/1143 1229/1585/1142 1226/1582/1139 
f 994/1350/907 1230/1586/1143 1219/1575/1132 
f 1220/1576/1133 1221/1577/1134 977/1326/890 
f 977/1326/890 976/1325/889 1220/1576/1133 
f 1216/1572/1129 1222/1578/1135 1231/1587/1144 
f 1231/1587/1144 1221/1577/1134 1216/1572/1129 
f 1231/1587/1144 1222/1578/1135 1223/1579/1136 
f 1223/1579/1136 1232/1588/1145 1231/1587/1144 
f 1224/1580/1137 1228/1584/1141 1232/1588/1145 
f 1232/1588/1145 1223/1579/1136 1224/1580/1137 
f 1233/1589/1146 1234/1590/1147 1235/1591/1148 
f 1235/1591/1148 1236/1592/1149 1237/1593/1150 
f 1233/1589/1146 1235/1591/1148 1237/1593/1150 
f 974/1594/887 1233/1589/1146 1237/1593/1150 
f 977/1326/890 1221/1577/1134 1231/1587/1144 
f 1231/1587/1144 1238/1595/1151 977/1326/890 
f 1238/1595/1151 1231/1587/1144 1232/1588/1145 
f 1232/1588/1145 1239/1596/1152 1238/1595/1151 
f 1232/1588/1145 1228/1584/1141 1240/1597/1153 
f 1240/1597/1153 1239/1596/1152 1232/1588/1145 
f 1240/1597/1153 1228/1584/1141 1227/1583/1140 
f 1227/1583/1140 1241/1598/1154 1240/1597/1153 
f 1229/1585/1142 1242/1599/1155 1241/1598/1154 
f 1241/1598/1154 1227/1583/1140 1229/1585/1142 
f 1230/1586/1143 1243/1600/1156 1242/1599/1155 
f 1242/1599/1155 1229/1585/1142 1230/1586/1143 
f 994/1350/907 1243/1600/1156 1230/1586/1143 
f 1241/1598/1154 988/1344/901 987/1343/900 
f 987/1343/900 1240/1597/1153 1241/1598/1154 
f 1242/1599/1155 991/1347/904 988/1344/901 
f 988/1344/901 1241/1598/1154 1242/1599/1155 
f 1243/1600/1156 992/1348/905 991/1347/904 
f 991/1347/904 1242/1599/1155 1243/1600/1156 
f 994/1350/907 992/1348/905 1243/1600/1156 
f 996/1352/909 979/1328/892 978/1327/891 
f 978/1327/891 997/1353/910 996/1352/909 
f 1238/1595/1151 999/1355/912 978/1327/891 
f 978/1327/891 977/1326/890 1238/1595/1151 
f 999/1355/912 1238/1595/1151 1239/1596/1152 
f 1239/1596/1152 1001/1357/914 999/1355/912 
f 1240/1597/1153 987/1343/900 1001/1357/914 
f 1001/1357/914 1239/1596/1152 1240/1597/1153 
f 1244/1601/1157 1245/1602/1157 1246/1603/1158 
f 1246/1603/1158 1247/1604/1159 1244/1601/1157 
f 725/1046/665 1248/1605/1160 1249/1606/1161 
f 1249/1606/1161 1250/1607/1162 1251/1608/1163 
f 1251/1608/1163 1252/1609/1164 726/1047/666 
f 1249/1606/1161 1251/1608/1163 726/1047/666 
f 725/1046/665 1249/1606/1161 726/1047/666 
f 1253/1610/1165 1254/1611/1166 1255/1612/1167 
f 722/1043/662 1253/1610/1165 1255/1612/1167 
f 1255/1612/1167 724/1613/664 727/1048/667 
f 1255/1612/1167 727/1048/667 728/1049/668 
f 722/1043/662 1255/1612/1167 728/1049/668 
f 726/1047/666 1252/1609/1164 1256/1614/1168 
f 1256/1614/1168 1257/1615/1168 726/1047/666 
f 1257/1615/1168 1256/1614/1168 1258/1616/1169 
f 1258/1616/1169 1259/1617/1169 1257/1615/1168 
f 1260/1618/1170 1261/1619/1170 1259/1617/1169 
f 1259/1617/1169 1258/1616/1169 1260/1618/1170 
f 1261/1619/1170 1260/1618/1170 1262/1620/1171 
f 1262/1620/1171 1263/1621/1171 1261/1619/1170 
f 1263/1621/1171 1262/1620/1171 1264/1622/1172 
f 1264/1622/1172 1265/1623/1172 1263/1621/1171 
f 1266/1624/1173 1267/1625/1173 1265/1623/1172 
f 1265/1623/1172 1264/1622/1172 1266/1624/1173 
f 1267/1625/1173 1266/1624/1173 1268/1626/1174 
f 1268/1626/1174 1269/1627/1174 1267/1625/1173 
f 1269/1627/1174 1268/1626/1174 1270/1628/1175 
f 1270/1628/1175 1271/1629/1175 1269/1627/1174 
f 1270/1628/1175 1272/1630/1176 1273/1631/1176 
f 1273/1631/1176 1271/1629/1175 1270/1628/1175 
f 1274/1632/1177 1275/1633/1177 1273/1631/1176 
f 1273/1631/1176 1272/1630/1176 1274/1632/1177 
f 1275/1633/1177 1274/1632/1177 1276/1634/1178 
f 1276/1634/1178 1277/1635/1178 1275/1633/1177 
f 1278/1636/1179 1279/1637/1179 1277/1635/1178 
f 1277/1635/1178 1276/1634/1178 1278/1636/1179 
f 1279/1637/1179 1278/1636/1179 1280/1638/1180 
f 1280/1638/1180 1281/1639/1180 1279/1637/1179 
f 1282/1640/1181 1283/1641/1181 1281/1639/1180 
f 1281/1639/1180 1280/1638/1180 1282/1640/1181 
f 1284/1642/1182 1285/1643/1182 1283/1641/1181 
f 1283/1641/1181 1282/1640/1181 1284/1642/1182 
f 1285/1643/1182 1284/1642/1182 1286/1644/1183 
f 1286/1644/1183 1287/1645/1183 1285/1643/1182 
f 1286/1644/1183 1288/1646/1184 1289/1647/1184 
f 1289/1647/1184 1287/1645/1183 1286/1644/1183 
f 1290/1648/1185 1289/1647/1184 1288/1646/1184 
f 1288/1646/1184 1291/1649/1185 1290/1648/1185 
f 1291/1649/1185 1292/1650/1186 1293/1651/1186 
f 1293/1651/1186 1290/1648/1185 1291/1649/1185 
f 1292/1650/1186 1294/1652/1187 1295/1653/1187 
f 1295/1653/1187 1293/1651/1186 1292/1650/1186 
f 1295/1653/1187 1294/1652/1187 1296/1654/1188 
f 1296/1654/1188 1297/1655/1188 1295/1653/1187 
f 1296/1654/1188 1298/1656/1189 1299/1657/1190 
f 1299/1657/1190 1297/1655/1188 1296/1654/1188 
f 1299/1657/1190 1298/1656/1189 1300/1658/1191 
f 1300/1658/1191 1301/1659/1191 1299/1657/1190 
f 1300/1658/1191 1302/1660/1192 1303/1661/1192 
f 1303/1661/1192 1301/1659/1191 1300/1658/1191 
f 1302/1660/1192 1304/1662/1193 1305/1663/1193 
f 1305/1663/1193 1303/1661/1192 1302/1660/1192 
f 1305/1663/1193 1304/1662/1193 1306/1664/1194 
f 1306/1664/1194 1307/1665/1194 1305/1663/1193 
f 1307/1665/1194 1306/1664/1194 1308/1666/1195 
f 1308/1666/1195 1233/1667/1146 1307/1665/1194 
f 1233/1589/1146 1308/1668/1195 1309/1669/1196 
f 1309/1669/1196 1310/1670/1197 1234/1590/1147 
f 1233/1589/1146 1309/1669/1196 1234/1590/1147 
f 1311/1671/1198 1312/1672/1198 1313/1673/1199 
f 1313/1673/1199 1314/1674/1199 1311/1671/1198 
f 1315/1675/1200 1316/1676/1200 688/1006/636 
f 688/1006/636 687/1005/636 1315/1675/1200 
f 1317/1677/1201 1318/1678/1202 1319/1679/1202 
f 1317/1677/1201 1319/1679/1202 1251/1608/1163 
f 1250/1680/1162 1317/1677/1201 1251/1608/1163 
f 1311/1671/1198 972/1321/885 971/1320/885 
f 971/1320/885 1312/1672/1198 1311/1671/1198 
f 1320/1681/907 1321/1682/907 1322/1683/907 
f 1323/1684/907 1320/1681/907 1322/1683/907 
f 1324/1685/907 1323/1684/907 1322/1683/907 
f 1325/1686/907 1324/1685/907 1322/1683/907 
f 1325/1686/907 1322/1683/907 1326/1687/907 
f 1327/1688/1203 1314/1674/1199 1313/1673/1199 
f 1313/1673/1199 1328/1689/1203 1327/1688/1203 
f 1308/1690/1195 1247/1604/1159 1246/1603/1158 
f 1246/1603/1158 1329/1691/1204 1330/1692/1205 
f 1308/1690/1195 1246/1603/1158 1330/1692/1205 
f 1308/1690/1195 1330/1692/1205 1309/1693/1196 
f 721/1042/660 1327/1688/1203 1328/1689/1203 
f 1328/1689/1203 718/1039/660 721/1042/660 
f 980/1329/893 1253/1694/1165 722/1043/662 
f 722/1043/662 710/1030/652 980/1329/893 
f 974/1594/887 1237/1695/1150 1331/1696/1206 
f 1331/1696/1206 706/1026/648 709/1029/651 
f 974/1594/887 1331/1696/1206 709/1029/651 
f 973/1332/886 974/1594/887 709/1029/651 
f 1332/1697/638 1333/1698/638 696/1014/638 
f 696/1014/638 695/1013/638 1332/1697/638 
f 1307/1665/1194 1233/1667/1146 974/1323/887 
f 974/1323/887 961/1308/875 1307/1665/1194 
f 956/1303/871 1305/1663/1193 1307/1665/1194 
f 1307/1665/1194 961/1308/875 956/1303/871 
f 1303/1661/1192 1305/1663/1193 956/1303/871 
f 956/1303/871 943/1288/859 1303/1661/1192 
f 1303/1661/1192 943/1288/859 938/1283/855 
f 938/1283/855 1301/1659/1191 1303/1661/1192 
f 926/1270/844 1299/1657/1190 1301/1659/1191 
f 1301/1659/1191 938/1283/855 926/1270/844 
f 1299/1657/1190 926/1270/844 921/1264/840 
f 921/1264/840 1297/1655/1188 1299/1657/1190 
f 909/1251/829 1295/1653/1187 1297/1655/1188 
f 1297/1655/1188 921/1264/840 909/1251/829 
f 909/1251/829 895/1235/817 1293/1651/1186 
f 1293/1651/1186 1295/1653/1187 909/1251/829 
f 891/1231/813 1290/1648/1185 1293/1651/1186 
f 1293/1651/1186 895/1235/817 891/1231/813 
f 1290/1648/1185 891/1231/813 877/1215/801 
f 877/1215/801 1289/1647/1184 1290/1648/1185 
f 1287/1645/1183 1289/1647/1184 877/1215/801 
f 877/1215/801 874/1212/798 1287/1645/1183 
f 861/1197/786 1285/1643/1182 1287/1645/1183 
f 1287/1645/1183 874/1212/798 861/1197/786 
f 1283/1641/1181 1285/1643/1182 861/1197/786 
f 861/1197/786 857/1193/783 1283/1641/1181 
f 844/1178/771 1281/1639/1180 1283/1641/1181 
f 1283/1641/1181 857/1193/783 844/1178/771 
f 839/1173/767 1279/1637/1179 1281/1639/1180 
f 1281/1639/1180 844/1178/771 839/1173/767 
f 1277/1635/1178 1279/1637/1179 839/1173/767 
f 839/1173/767 827/1160/756 1277/1635/1178 
f 822/1154/752 1275/1633/1177 1277/1635/1178 
f 1277/1635/1178 827/1160/756 822/1154/752 
f 809/1140/740 1273/1631/1176 1275/1633/1177 
f 1275/1633/1177 822/1154/752 809/1140/740 
f 1271/1629/1175 1273/1631/1176 809/1140/740 
f 809/1140/740 804/1134/736 1271/1629/1175 
f 792/1121/725 1269/1627/1174 1271/1629/1175 
f 1271/1629/1175 804/1134/736 792/1121/725 
f 1269/1627/1174 792/1121/725 779/1106/714 
f 779/1106/714 1267/1625/1173 1269/1627/1174 
f 774/1101/709 1265/1623/1172 1267/1625/1173 
f 1267/1625/1173 779/1106/714 774/1101/709 
f 1263/1621/1171 1265/1623/1172 774/1101/709 
f 774/1101/709 760/1085/697 1263/1621/1171 
f 760/1085/697 757/1082/694 1261/1619/1170 
f 1261/1619/1170 1263/1621/1171 760/1085/697 
f 1259/1617/1169 1261/1619/1170 757/1082/694 
f 757/1082/694 745/1068/683 1259/1617/1169 
f 740/1063/679 1257/1615/1168 1259/1617/1169 
f 1259/1617/1169 745/1068/683 740/1063/679 
f 740/1063/679 727/1048/667 726/1047/666 
f 726/1047/666 1257/1615/1168 740/1063/679 
f 1319/1679/1202 1318/1678/1202 1245/1602/1157 
f 1245/1602/1157 1244/1601/1157 1319/1679/1202 
f 692/1010/637 691/1009/637 1334/1699/637 
f 1334/1699/637 1335/1700/637 692/1010/637 
f 1336/1701/1207 1333/1698/1208 1337/1702/1209 
f 1337/1702/1209 1338/1703/1210 1336/1701/1207 
f 1339/1704/1211 1340/1705/1212 1338/1703/1210 
f 1338/1703/1210 1337/1702/1209 1339/1704/1211 
f 1340/1706/1212 1339/1707/1211 1341/1708/1213 
f 1341/1708/1213 1342/1709/1214 1340/1706/1212 
f 1342/1709/1214 1343/1710/1215 1344/1711/1216 
f 1344/1711/1216 1340/1706/1212 1342/1709/1214 
f 1345/1712/1217 1344/1713/1216 1343/1714/1215 
f 1343/1714/1215 689/1007/1218 1345/1712/1217 
f 1345/1712/1217 1336/1715/1207 1338/1716/1210 
f 1338/1716/1210 1344/1713/1216 1345/1712/1217 
f 1338/1703/1210 1340/1705/1212 1344/1717/1216 
f 1346/1718/1219 686/1004/1220 1347/1719/1221 
f 1347/1719/1221 1348/1720/1222 1346/1718/1219 
f 1347/1719/1221 1349/1721/1223 1350/1722/1224 
f 1350/1722/1224 1348/1720/1222 1347/1719/1221 
f 1351/1723/1225 1352/1724/1226 1350/1725/1224 
f 1350/1725/1224 1349/1726/1223 1351/1723/1225 
f 1353/1727/1227 1354/1728/1228 1350/1725/1224 
f 1350/1725/1224 1352/1724/1226 1353/1727/1227 
f 1355/1729/1229 1354/1730/1228 1353/1731/1227 
f 1353/1731/1227 1332/1697/1230 1355/1729/1229 
f 1355/1729/1229 1346/1732/1219 1348/1733/1222 
f 1348/1733/1222 1354/1730/1228 1355/1729/1229 
f 1348/1720/1222 1350/1722/1224 1354/1734/1228 
f 1356/1735/1231 1326/1687/1232 1357/1736/1233 
f 1357/1736/1233 1358/1737/1234 1356/1735/1231 
f 1359/1738/1235 1360/1739/1236 1358/1737/1234 
f 1358/1737/1234 1357/1736/1233 1359/1738/1235 
f 1359/1738/1235 693/1011/1237 1361/1740/1238 
f 1361/1740/1238 1360/1739/1236 1359/1738/1235 
f 1360/1739/1236 1361/1740/1238 1362/1741/1239 
f 1362/1741/1239 1363/1742/1240 1360/1739/1236 
f 1335/1700/1241 1364/1743/1242 1363/1744/1240 
f 1363/1744/1240 1362/1745/1239 1335/1700/1241 
f 1364/1743/1242 1356/1735/1231 1358/1737/1234 
f 1358/1737/1234 1363/1744/1240 1364/1743/1242 
f 1358/1737/1234 1360/1746/1236 1363/1747/1240 
f 1365/1748/1243 1366/1749/1244 1367/1750/1245 
f 1367/1750/1245 1315/1675/1246 1365/1748/1243 
f 1366/1749/1244 1365/1748/1243 1368/1751/1247 
f 1368/1751/1247 1369/1752/1248 1366/1749/1244 
f 1370/1753/1249 1369/1754/1248 1368/1755/1247 
f 1368/1755/1247 694/1012/1250 1370/1753/1249 
f 1371/1756/1251 1372/1757/1252 1369/1754/1248 
f 1369/1754/1248 1370/1753/1249 1371/1756/1251 
f 1373/1758/1253 1372/1757/1252 1371/1756/1251 
f 1371/1756/1251 1322/1683/1254 1373/1758/1253 
f 1367/1750/1245 1366/1749/1244 1372/1757/1252 
f 1372/1757/1252 1373/1758/1253 1367/1750/1245 
f 1366/1749/1244 1369/1752/1248 1372/1759/1252 
f 1374/1760/1255 1375/1761/1256 1376/1762/1257 
f 1376/1762/1257 1377/1763/1258 1374/1760/1255 
f 1378/1764/1259 1377/1763/1258 1376/1762/1257 
f 1376/1762/1257 1379/1765/1260 1378/1764/1259 
f 1378/1766/1259 1379/1767/1260 685/1003/1261 
f 685/1003/1261 1380/1768/1262 1378/1766/1259 
f 1381/1769/1263 1378/1766/1259 1380/1768/1262 
f 1380/1768/1262 1382/1770/1264 1381/1769/1263 
f 1382/1771/1264 724/1772/664 1255/1773/1167 
f 1255/1773/1167 1381/1774/1263 1382/1771/1264 
f 1255/1773/1167 1254/1775/1166 1383/1776/1265 
f 1383/1776/1265 1381/1774/1263 1255/1773/1167 
f 1254/1775/1166 1253/1694/1165 1384/1777/1266 
f 1384/1777/1266 1383/1776/1265 1254/1775/1166 
f 1374/1778/1255 1377/1779/1258 1383/1776/1265 
f 1383/1776/1265 1384/1777/1266 1374/1778/1255 
f 1381/1780/1263 1383/1781/1265 1377/1763/1258 
f 1377/1763/1258 1378/1764/1259 1381/1780/1263 
f 1385/1782/1267 1386/1783/1268 1387/1784/1269 
f 1387/1784/1269 1316/1676/1270 1385/1782/1267 
f 1388/1785/1271 1386/1783/1268 1385/1782/1267 
f 1385/1782/1267 1389/1786/1272 1388/1785/1271 
f 1389/1786/1272 1321/1682/1273 1390/1787/1274 
f 1390/1787/1274 1388/1785/1271 1389/1786/1272 
f 1391/1788/1275 1392/1789/1276 1388/1785/1271 
f 1388/1785/1271 1390/1787/1274 1391/1788/1275 
f 1250/1790/1162 1392/1789/1276 1391/1788/1275 
f 1391/1788/1275 1317/1791/1201 1250/1790/1162 
f 1249/1606/1161 1393/1792/1277 1392/1789/1276 
f 1392/1789/1276 1250/1790/1162 1249/1606/1161 
f 1394/1793/1278 1393/1792/1277 1249/1606/1161 
f 1249/1606/1161 1248/1605/1160 1394/1793/1278 
f 1387/1794/1269 1386/1795/1268 1393/1792/1277 
f 1393/1792/1277 1394/1793/1278 1387/1794/1269 
f 1386/1783/1268 1388/1796/1271 1392/1797/1276 
f 1392/1797/1276 1393/1798/1277 1386/1783/1268 
f 1395/1799/1279 1325/1686/1280 1396/1800/1281 
f 1396/1800/1281 1397/1801/1282 1395/1799/1279 
f 1398/1802/1283 1397/1801/1282 1396/1800/1281 
f 1396/1800/1281 1399/1803/1284 1398/1802/1283 
f 1398/1802/1283 1399/1803/1284 1334/1699/1285 
f 1334/1699/1285 1400/1804/1286 1398/1802/1283 
f 1401/1805/1287 1398/1802/1283 1400/1804/1286 
f 1400/1804/1286 1402/1806/1288 1401/1805/1287 
f 1402/1807/1288 1310/1808/1197 1309/1809/1196 
f 1309/1809/1196 1401/1810/1287 1402/1807/1288 
f 1403/1811/1289 1401/1810/1287 1309/1809/1196 
f 1309/1809/1196 1330/1692/1205 1403/1811/1289 
f 1404/1812/1290 1403/1811/1289 1330/1692/1205 
f 1330/1692/1205 1329/1691/1204 1404/1812/1290 
f 1395/1813/1279 1397/1814/1282 1403/1811/1289 
f 1403/1811/1289 1404/1812/1290 1395/1813/1279 
f 1401/1815/1287 1403/1816/1289 1397/1801/1282 
f 1397/1801/1282 1398/1817/1283 1401/1815/1287 
f 1405/1818/1291 690/1008/1292 1406/1819/1293 
f 1406/1819/1293 1407/1820/1294 1405/1818/1291 
f 1407/1820/1294 1406/1819/1293 1408/1821/1295 
f 1408/1821/1295 1409/1822/1296 1407/1820/1294 
f 1410/1823/1297 1411/1824/1298 1409/1825/1296 
f 1409/1825/1296 1408/1826/1295 1410/1823/1297 
f 1409/1825/1296 1411/1824/1298 1412/1827/1299 
f 1412/1827/1299 1413/1828/1300 1409/1825/1296 
f 1412/1829/1299 1331/1830/1206 1237/1831/1150 
f 1237/1831/1150 1413/1832/1300 1412/1829/1299 
f 1237/1831/1150 1236/1592/1149 1414/1833/1301 
f 1414/1833/1301 1413/1832/1300 1237/1831/1150 
f 1415/1834/1302 1414/1833/1301 1236/1592/1149 
f 1236/1592/1149 1235/1591/1148 1415/1834/1302 
f 1415/1834/1302 1405/1835/1291 1407/1836/1294 
f 1407/1836/1294 1414/1833/1301 1415/1834/1302 
f 1413/1837/1300 1414/1838/1301 1407/1820/1294 
f 1407/1820/1294 1409/1822/1296 1413/1837/1300 
f 1316/1676/1270 1315/1675/1246 1367/1750/1245 
f 1367/1750/1245 1385/1782/1267 1316/1676/1270 
f 1385/1782/1267 1367/1750/1245 1373/1758/1253 
f 1373/1758/1253 1389/1786/1272 1385/1782/1267 
f 1389/1786/1272 1373/1758/1253 1322/1683/1254 
f 1322/1683/1254 1321/1682/1273 1389/1786/1272 
f 693/1011/1237 1359/1738/1235 1370/1753/1249 
f 1370/1753/1249 694/1012/1250 693/1011/1237 
f 1359/1738/1235 1357/1736/1233 1371/1756/1251 
f 1371/1756/1251 1370/1753/1249 1359/1738/1235 
f 1371/1756/1251 1357/1736/1233 1326/1687/1232 
f 1326/1687/1232 1322/1683/1254 1371/1756/1251 
f 692/1010/1303 1335/1700/1241 1362/1745/1239 
f 1362/1745/1239 1416/1839/1304 692/1010/1303 
f 1416/1839/1304 1362/1745/1239 1361/1840/1238 
f 1361/1840/1238 1417/1841/1305 1416/1839/1304 
f 1361/1740/1238 693/1011/1237 696/1014/1306 
f 696/1014/1306 1417/1842/1305 1361/1740/1238 
f 687/1005/1307 686/1004/1220 1346/1718/1219 
f 1346/1718/1219 1418/1843/1308 687/1005/1307 
f 1355/1844/1229 1419/1845/1309 1418/1843/1308 
f 1418/1843/1308 1346/1718/1219 1355/1844/1229 
f 1419/1846/1309 1355/1729/1229 1332/1697/1230 
f 1332/1697/1230 695/1013/1310 1419/1846/1309 
f 1341/1708/1213 1339/1707/1211 1352/1724/1226 
f 1352/1724/1226 1351/1723/1225 1341/1708/1213 
f 1337/1847/1209 1353/1727/1227 1352/1724/1226 
f 1352/1724/1226 1339/1707/1211 1337/1847/1209 
f 1337/1702/1209 1333/1698/1208 1332/1697/1230 
f 1332/1697/1230 1353/1731/1227 1337/1702/1209 
f 1319/1679/1311 1244/1601/1312 1420/1848/1313 
f 1420/1848/1313 1421/1849/1314 1319/1679/1311 
f 1421/1849/1314 1420/1848/1313 1422/1850/1315 
f 1422/1850/1315 1423/1851/1316 1421/1849/1314 
f 1422/1852/1315 1311/1671/1317 1314/1674/1318 
f 1314/1674/1318 1423/1853/1316 1422/1852/1315 
f 1251/1608/1319 1319/1679/1311 1421/1849/1314 
f 1421/1849/1314 1424/1854/1320 1251/1608/1319 
f 1424/1854/1320 1421/1849/1314 1423/1855/1316 
f 1423/1855/1316 1425/1856/1321 1424/1854/1320 
f 1327/1688/1322 1425/1857/1321 1423/1853/1316 
f 1423/1853/1316 1314/1674/1318 1327/1688/1322 
f 1251/1608/1319 1424/1858/1320 1426/1859/1323 
f 1426/1859/1323 1252/1609/1324 1251/1608/1319 
f 1425/1860/1321 1427/1861/1325 1426/1859/1323 
f 1426/1859/1323 1424/1858/1320 1425/1860/1321 
f 1327/1688/1322 721/1042/1326 1427/1862/1325 
f 1427/1862/1325 1425/1857/1321 1327/1688/1322 
f 1256/1614/1327 1252/1609/1324 1426/1859/1323 
f 1426/1859/1323 1428/1863/1328 1256/1614/1327 
f 1426/1859/1323 1427/1864/1325 1429/1865/1329 
f 1429/1865/1329 1428/1863/1328 1426/1859/1323 
f 720/1041/1330 1429/1866/1329 1427/1862/1325 
f 1427/1862/1325 721/1042/1326 720/1041/1330 
f 1429/1866/1329 720/1041/1330 738/1061/1331 
f 738/1061/1331 1430/1867/1332 1429/1866/1329 
f 1430/1867/1332 1431/1868/1333 1428/1869/1328 
f 1428/1869/1328 1429/1866/1329 1430/1867/1332 
f 1431/1870/1333 1258/1616/1334 1256/1614/1327 
f 1256/1614/1327 1428/1871/1328 1431/1870/1333 
f 1258/1616/1334 1431/1870/1333 1432/1872/1335 
f 1432/1872/1335 1260/1618/1336 1258/1616/1334 
f 1432/1872/1335 1431/1870/1333 1430/1873/1332 
f 1430/1873/1332 1433/1874/1337 1432/1872/1335 
f 743/1066/1338 1433/1875/1337 1430/1867/1332 
f 1430/1867/1332 738/1061/1331 743/1066/1338 
f 1262/1620/1339 1260/1618/1336 1432/1872/1335 
f 1432/1872/1335 1434/1876/1340 1262/1620/1339 
f 1432/1872/1335 1433/1877/1337 1435/1878/1341 
f 1435/1878/1341 1434/1876/1340 1432/1872/1335 
f 756/1081/1342 1435/1879/1341 1433/1875/1337 
f 1433/1875/1337 743/1066/1338 756/1081/1342 
f 1262/1620/1339 1434/1876/1340 1436/1880/1343 
f 1436/1880/1343 1264/1622/1344 1262/1620/1339 
f 1434/1876/1340 1435/1881/1341 1437/1882/1345 
f 1437/1882/1345 1436/1880/1343 1434/1876/1340 
f 768/1094/1346 1437/1883/1345 1435/1879/1341 
f 1435/1879/1341 756/1081/1342 768/1094/1346 
f 1264/1622/1344 1436/1880/1343 1438/1884/1347 
f 1438/1884/1347 1266/1624/1348 1264/1622/1344 
f 1438/1884/1347 1436/1880/1343 1437/1885/1345 
f 1437/1885/1345 1439/1886/1349 1438/1884/1347 
f 773/1100/1350 1439/1887/1349 1437/1883/1345 
f 1437/1883/1345 768/1094/1346 773/1100/1350 
f 1268/1626/1351 1266/1624/1348 1438/1888/1347 
f 1438/1888/1347 1440/1889/1352 1268/1626/1351 
f 1438/1888/1347 1439/1890/1349 1441/1891/1353 
f 1441/1891/1353 1440/1889/1352 1438/1888/1347 
f 785/1113/1354 1441/1892/1353 1439/1887/1349 
f 1439/1887/1349 773/1100/1350 785/1113/1354 
f 1268/1626/1351 1440/1889/1352 1442/1893/1355 
f 1442/1893/1355 1270/1628/1356 1268/1626/1351 
f 1440/1889/1352 1441/1894/1353 1443/1895/1357 
f 1443/1895/1357 1442/1893/1355 1440/1889/1352 
f 790/1119/1358 1443/1896/1357 1441/1892/1353 
f 1441/1892/1353 785/1113/1354 790/1119/1358 
f 1442/1893/1355 1444/1897/1359 1272/1630/1360 
f 1272/1630/1360 1270/1628/1356 1442/1893/1355 
f 1442/1893/1355 1443/1898/1357 1445/1899/1361 
f 1445/1899/1361 1444/1897/1359 1442/1893/1355 
f 802/1132/1362 1445/1900/1361 1443/1896/1357 
f 1443/1896/1357 790/1119/1358 802/1132/1362 
f 1274/1632/1363 1272/1630/1360 1444/1897/1359 
f 1444/1897/1359 1446/1901/1364 1274/1632/1363 
f 1444/1897/1359 1445/1902/1361 1447/1903/1365 
f 1447/1903/1365 1446/1901/1364 1444/1897/1359 
f 802/1132/1362 808/1139/1366 1447/1904/1365 
f 1447/1904/1365 1445/1900/1361 802/1132/1362 
f 1274/1632/1363 1446/1901/1364 1448/1905/1367 
f 1448/1905/1367 1276/1634/1368 1274/1632/1363 
f 1446/1901/1364 1447/1906/1365 1449/1907/1369 
f 1449/1907/1369 1448/1905/1367 1446/1901/1364 
f 821/1153/1370 1449/1908/1369 1447/1904/1365 
f 1447/1904/1365 808/1139/1366 821/1153/1370 
f 1278/1636/1371 1276/1634/1368 1448/1905/1367 
f 1448/1905/1367 1450/1909/1372 1278/1636/1371 
f 1448/1905/1367 1449/1910/1369 1451/1911/1373 
f 1451/1911/1373 1450/1909/1372 1448/1905/1367 
f 826/1159/1374 1451/1912/1373 1449/1908/1369 
f 1449/1908/1369 821/1153/1370 826/1159/1374 
f 1451/1912/1373 826/1159/1374 837/1171/1375 
f 837/1171/1375 1452/1913/1376 1451/1912/1373 
f 1452/1913/1376 1453/1914/1377 1450/1915/1372 
f 1450/1915/1372 1451/1912/1373 1452/1913/1376 
f 1450/1909/1372 1453/1916/1377 1280/1638/1378 
f 1280/1638/1378 1278/1636/1371 1450/1909/1372 
f 1280/1638/1378 1453/1916/1377 1454/1917/1379 
f 1454/1917/1379 1282/1640/1380 1280/1638/1378 
f 1453/1916/1377 1452/1918/1376 1455/1919/1381 
f 1455/1919/1381 1454/1917/1379 1453/1916/1377 
f 843/1177/1382 1455/1920/1381 1452/1913/1376 
f 1452/1913/1376 837/1171/1375 843/1177/1382 
f 843/1177/1382 855/1191/1383 1456/1921/1384 
f 1456/1921/1384 1455/1920/1381 843/1177/1382 
f 1455/1920/1381 1456/1921/1384 1457/1922/1385 
f 1457/1922/1385 1454/1923/1379 1455/1920/1381 
f 1457/1924/1385 1284/1642/1386 1282/1640/1380 
f 1282/1640/1380 1454/1917/1379 1457/1924/1385 
f 1284/1642/1386 1457/1924/1385 1458/1925/1387 
f 1458/1925/1387 1286/1644/1388 1284/1642/1386 
f 1457/1924/1385 1456/1926/1384 1459/1927/1389 
f 1459/1927/1389 1458/1925/1387 1457/1924/1385 
f 855/1191/1383 860/1196/1390 1459/1928/1389 
f 1459/1928/1389 1456/1921/1384 855/1191/1383 
f 1460/1929/1391 1288/1646/1392 1286/1644/1388 
f 1286/1644/1388 1458/1925/1387 1460/1929/1391 
f 1460/1929/1391 1458/1925/1387 1459/1930/1389 
f 1459/1930/1389 1461/1931/1393 1460/1929/1391 
f 1461/1932/1393 1459/1928/1389 860/1196/1390 
f 860/1196/1390 873/1211/1394 1461/1932/1393 
f 1291/1649/1395 1288/1646/1392 1460/1929/1391 
f 1460/1929/1391 1462/1933/1396 1291/1649/1395 
f 1462/1933/1396 1460/1929/1391 1461/1934/1393 
f 1461/1934/1393 1463/1935/1397 1462/1933/1396 
f 885/1224/1398 1463/1936/1397 1461/1932/1393 
f 1461/1932/1393 873/1211/1394 885/1224/1398 
f 1292/1650/1399 1291/1649/1395 1462/1937/1396 
f 1462/1937/1396 1464/1938/1400 1292/1650/1399 
f 1464/1938/1400 1462/1937/1396 1463/1939/1397 
f 1463/1939/1397 1465/1940/1401 1464/1938/1400 
f 889/1229/1402 1465/1941/1401 1463/1936/1397 
f 1463/1936/1397 885/1224/1398 889/1229/1402 
f 1294/1652/1403 1292/1650/1399 1464/1938/1400 
f 1464/1938/1400 1466/1942/1404 1294/1652/1403 
f 1466/1942/1404 1464/1938/1400 1465/1943/1401 
f 1465/1943/1401 1467/1944/1405 1466/1942/1404 
f 903/1244/1406 1467/1945/1405 1465/1941/1401 
f 1465/1941/1401 889/1229/1402 903/1244/1406 
f 1466/1946/1404 1468/1947/1407 1296/1654/1408 
f 1296/1654/1408 1294/1652/1403 1466/1946/1404 
f 1467/1948/1405 1469/1949/1409 1468/1947/1407 
f 1468/1947/1407 1466/1946/1404 1467/1948/1405 
f 908/1250/1410 1469/1950/1409 1467/1945/1405 
f 1467/1945/1405 903/1244/1406 908/1250/1410 
f 1298/1656/1411 1296/1654/1408 1468/1947/1407 
f 1468/1947/1407 1470/1951/1412 1298/1656/1411 
f 1468/1947/1407 1469/1952/1409 1471/1953/1413 
f 1471/1953/1413 1470/1951/1412 1468/1947/1407 
f 1471/1954/1413 1469/1950/1409 908/1250/1410 
f 908/1250/1410 920/1263/1414 1471/1954/1413 
f 1300/1658/1415 1298/1656/1411 1470/1951/1412 
f 1470/1951/1412 1472/1955/1416 1300/1658/1415 
f 1470/1951/1412 1471/1956/1413 1473/1957/1417 
f 1473/1957/1417 1472/1955/1416 1470/1951/1412 
f 1471/1954/1413 920/1263/1414 924/1268/1418 
f 924/1268/1418 1473/1958/1417 1471/1954/1413 
f 1300/1658/1415 1472/1955/1416 1474/1959/1419 
f 1474/1959/1419 1302/1660/1420 1300/1658/1415 
f 1473/1960/1417 1475/1961/1421 1474/1959/1419 
f 1474/1959/1419 1472/1955/1416 1473/1960/1417 
f 1473/1958/1417 924/1268/1418 936/1281/1422 
f 936/1281/1422 1475/1962/1421 1473/1958/1417 
f 1302/1660/1420 1474/1959/1419 1476/1963/1423 
f 1476/1963/1423 1304/1662/1424 1302/1660/1420 
f 1474/1959/1419 1475/1964/1421 1477/1965/1425 
f 1477/1965/1425 1476/1963/1423 1474/1959/1419 
f 1477/1966/1425 1475/1962/1421 936/1281/1422 
f 936/1281/1422 941/1286/1426 1477/1966/1425 
f 955/1302/1427 1478/1967/1428 1477/1966/1425 
f 1477/1966/1425 941/1286/1426 955/1302/1427 
f 1478/1967/1428 1479/1968/1429 1476/1969/1423 
f 1476/1969/1423 1477/1966/1425 1478/1967/1428 
f 1476/1963/1423 1479/1970/1429 1306/1664/1430 
f 1306/1664/1430 1304/1662/1424 1476/1963/1423 
f 1308/1666/1431 1306/1664/1430 1479/1970/1429 
f 1479/1970/1429 1480/1971/1432 1308/1666/1431 
f 1480/1971/1432 1479/1970/1429 1478/1972/1428 
f 1478/1972/1428 1481/1973/1433 1480/1971/1432 
f 960/1307/1434 1481/1974/1433 1478/1967/1428 
f 1478/1967/1428 955/1302/1427 960/1307/1434 
f 1481/1974/1433 960/1307/1434 972/1321/1435 
f 972/1321/1435 1482/1975/1436 1481/1974/1433 
f 1482/1975/1436 1483/1976/1437 1480/1977/1432 
f 1480/1977/1432 1481/1974/1433 1482/1975/1436 
f 1483/1978/1437 1247/1604/1438 1308/1690/1431 
f 1308/1690/1431 1480/1979/1432 1483/1978/1437 
f 1420/1848/1313 1244/1601/1312 1247/1604/1438 
f 1247/1604/1438 1483/1978/1437 1420/1848/1313 
f 1420/1848/1313 1483/1978/1437 1482/1980/1436 
f 1482/1980/1436 1422/1981/1315 1420/1848/1313 
f 1482/1975/1436 972/1321/1435 1311/1671/1317 
f 1311/1671/1317 1422/1852/1315 1482/1975/1436 
f 1313/1673/770 1312/1672/1439 1484/1982/1440 
f 1484/1982/1440 1485/1983/1441 1313/1673/770 
f 1485/1983/1441 1484/1982/1440 1486/1984/1442 
f 1486/1984/1442 1487/1985/1443 1485/1983/1441 
f 1486/1984/1442 979/1328/1444 996/1352/1445 
f 996/1352/1445 1487/1985/1443 1486/1984/1442 
f 1328/1689/781 1313/1673/770 1485/1983/1441 
f 1485/1983/1441 1488/1986/1446 1328/1689/781 
f 1488/1986/1446 1485/1983/1441 1487/1985/1443 
f 1487/1985/1443 1489/1987/1447 1488/1986/1446 
f 995/1351/1448 1489/1987/1447 1487/1985/1443 
f 1487/1985/1443 996/1352/1445 995/1351/1448 
f 718/1039/1449 1328/1689/781 1488/1986/1446 
f 1488/1986/1446 1490/1988/1450 718/1039/1449 
f 1490/1988/1450 1488/1986/1446 1489/1987/1447 
f 1489/1987/1447 1491/1989/1451 1490/1988/1450 
f 995/1351/1448 1009/1365/1452 1491/1989/1451 
f 1491/1989/1451 1489/1987/1447 995/1351/1448 
f 1490/1988/1450 1492/1990/1453 719/1040/1454 
f 719/1040/1454 718/1039/1449 1490/1988/1450 
f 1491/1989/1451 1493/1991/1455 1492/1990/1453 
f 1492/1990/1453 1490/1988/1450 1491/1989/1451 
f 1013/1369/1456 1493/1991/1455 1491/1989/1451 
f 1491/1989/1451 1009/1365/1452 1013/1369/1456 
f 1013/1369/1456 1024/1380/1457 1494/1992/1458 
f 1494/1992/1458 1493/1991/1455 1013/1369/1456 
f 1494/1992/1458 1495/1993/1459 1492/1990/1453 
f 1492/1990/1453 1493/1991/1455 1494/1992/1458 
f 1492/1990/1453 1495/1993/1459 739/1062/1460 
f 739/1062/1460 719/1040/1454 1492/1990/1453 
f 1495/1993/1459 1496/1994/1461 744/1067/812 
f 744/1067/812 739/1062/1460 1495/1993/1459 
f 1495/1993/1459 1494/1992/1458 1497/1995/1462 
f 1497/1995/1462 1496/1994/1461 1495/1993/1459 
f 1494/1992/1458 1024/1380/1457 1029/1385/1463 
f 1029/1385/1463 1497/1995/1462 1494/1992/1458 
f 744/1067/812 1496/1994/1461 1498/1996/1464 
f 1498/1996/1464 755/1080/1465 744/1067/812 
f 1497/1995/1462 1499/1997/1466 1498/1996/1464 
f 1498/1996/1464 1496/1994/1461 1497/1995/1462 
f 1040/1396/1467 1499/1997/1466 1497/1995/1462 
f 1497/1995/1462 1029/1385/1463 1040/1396/1467 
f 755/1080/1465 1498/1996/1464 1500/1998/1468 
f 1500/1998/1468 767/1093/828 755/1080/1465 
f 1498/1996/1464 1499/1997/1466 1501/1999/1469 
f 1501/1999/1469 1500/1998/1468 1498/1996/1464 
f 1501/1999/1469 1499/1997/1466 1040/1396/1467 
f 1040/1396/1467 1050/1406/1470 1501/1999/1469 
f 1500/1998/1468 1502/2000/1471 772/1099/839 
f 772/1099/839 767/1093/828 1500/1998/1468 
f 1500/1998/1468 1501/1999/1469 1503/2001/1472 
f 1503/2001/1472 1502/2000/1471 1500/1998/1468 
f 1503/2001/1472 1501/1999/1469 1050/1406/1470 
f 1050/1406/1470 1054/1410/1473 1503/2001/1472 
f 786/1114/843 772/1099/839 1502/2000/1471 
f 1502/2000/1471 1504/2002/1474 786/1114/843 
f 1504/2002/1474 1502/2000/1471 1503/2001/1472 
f 1503/2001/1472 1505/2003/1475 1504/2002/1474 
f 1065/1421/1476 1505/2003/1475 1503/2001/1472 
f 1503/2001/1472 1054/1410/1473 1065/1421/1476 
f 786/1114/843 1504/2002/1474 1506/2004/1477 
f 1506/2004/1477 791/1120/1478 786/1114/843 
f 1504/2002/1474 1505/2003/1475 1507/2005/1479 
f 1507/2005/1479 1506/2004/1477 1504/2002/1474 
f 1505/2003/1475 1065/1421/1476 1070/1426/1480 
f 1070/1426/1480 1507/2005/1479 1505/2003/1475 
f 803/1133/1481 791/1120/1478 1506/2004/1477 
f 1506/2004/1477 1508/2006/1482 803/1133/1481 
f 1506/2004/1477 1507/2005/1479 1509/2007/1483 
f 1509/2007/1483 1508/2006/1482 1506/2004/1477 
f 1509/2007/1483 1507/2005/1479 1070/1426/1480 
f 1070/1426/1480 1082/1438/1484 1509/2007/1483 
f 807/1138/1485 803/1133/1481 1508/2006/1482 
f 1508/2006/1482 1510/2008/1486 807/1138/1485 
f 1510/2008/1486 1508/2006/1482 1509/2007/1483 
f 1509/2007/1483 1511/2009/1487 1510/2008/1486 
f 1082/1438/1484 1085/1441/1488 1511/2009/1487 
f 1511/2009/1487 1509/2007/1483 1082/1438/1484 
f 820/1152/1489 807/1138/1485 1510/2008/1486 
f 1510/2008/1486 1512/2010/1490 820/1152/1489 
f 1512/2010/1490 1510/2008/1486 1511/2009/1487 
f 1511/2009/1487 1513/2011/1491 1512/2010/1490 
f 1097/1453/1492 1513/2011/1491 1511/2009/1487 
f 1511/2009/1487 1085/1441/1488 1097/1453/1492 
f 825/1158/1493 820/1152/1489 1512/2010/1490 
f 1512/2010/1490 1514/2012/1494 825/1158/1493 
f 1514/2012/1494 1512/2010/1490 1513/2011/1491 
f 1513/2011/1491 1515/2013/1495 1514/2012/1494 
f 1102/1458/1496 1515/2013/1495 1513/2011/1491 
f 1513/2011/1491 1097/1453/1492 1102/1458/1496 
f 1113/1469/1497 1516/2014/1498 1515/2013/1495 
f 1515/2013/1495 1102/1458/1496 1113/1469/1497 
f 1515/2013/1495 1516/2014/1498 1517/2015/1499 
f 1517/2015/1499 1514/2012/1494 1515/2013/1495 
f 1517/2015/1499 838/1172/1198 825/1158/1493 
f 825/1158/1493 1514/2012/1494 1517/2015/1499 
f 842/1176/1500 838/1172/1198 1517/2015/1499 
f 1517/2015/1499 1518/2016/1501 842/1176/1500 
f 1517/2015/1499 1516/2014/1498 1519/2017/1502 
f 1519/2017/1502 1518/2016/1501 1517/2015/1499 
f 1117/1473/1503 1519/2017/1502 1516/2014/1498 
f 1516/2014/1498 1113/1469/1497 1117/1473/1503 
f 1519/2017/1502 1117/1473/1503 1128/1484/1504 
f 1128/1484/1504 1520/2018/1505 1519/2017/1502 
f 1520/2018/1505 1521/2019/1506 1518/2016/1501 
f 1518/2016/1501 1519/2017/1502 1520/2018/1505 
f 1521/2019/1506 854/1190/1507 842/1176/1500 
f 842/1176/1500 1518/2016/1501 1521/2019/1506 
f 854/1190/1507 1521/2019/1506 1522/2020/1508 
f 1522/2020/1508 859/1195/1509 854/1190/1507 
f 1521/2019/1506 1520/2018/1505 1523/2021/1510 
f 1523/2021/1510 1522/2020/1508 1521/2019/1506 
f 1132/1488/1511 1523/2021/1510 1520/2018/1505 
f 1520/2018/1505 1128/1484/1504 1132/1488/1511 
f 872/1210/1512 859/1195/1509 1522/2020/1508 
f 1522/2020/1508 1524/2022/1513 872/1210/1512 
f 1522/2020/1508 1523/2021/1510 1525/2023/1514 
f 1525/2023/1514 1524/2022/1513 1522/2020/1508 
f 1144/1500/1515 1525/2023/1514 1523/2021/1510 
f 1523/2021/1510 1132/1488/1511 1144/1500/1515 
f 872/1210/1512 1524/2022/1513 1526/2024/1516 
f 1526/2024/1516 884/1223/1517 872/1210/1512 
f 1524/2022/1513 1525/2023/1514 1527/2025/1518 
f 1527/2025/1518 1526/2024/1516 1524/2022/1513 
f 1153/1509/1519 1527/2025/1518 1525/2023/1514 
f 1525/2023/1514 1144/1500/1515 1153/1509/1519 
f 884/1223/1517 1526/2024/1516 1528/2026/1520 
f 1528/2026/1520 890/1230/682 884/1223/1517 
f 1526/2024/1516 1527/2025/1518 1529/2027/1521 
f 1529/2027/1521 1528/2026/1520 1526/2024/1516 
f 1159/1515/1522 1529/2027/1521 1527/2025/1518 
f 1527/2025/1518 1153/1509/1519 1159/1515/1522 
f 902/1243/693 890/1230/682 1528/2026/1520 
f 1528/2026/1520 1530/2028/1523 902/1243/693 
f 1528/2026/1520 1529/2027/1521 1531/2029/1524 
f 1531/2029/1524 1530/2028/1523 1528/2026/1520 
f 1170/1526/1525 1531/2029/1524 1529/2027/1521 
f 1529/2027/1521 1159/1515/1522 1170/1526/1525 
f 902/1243/693 1530/2028/1523 1532/2030/1526 
f 1532/2030/1526 907/1249/704 902/1243/693 
f 1530/2028/1523 1531/2029/1524 1533/2031/1527 
f 1533/2031/1527 1532/2030/1526 1530/2028/1523 
f 1175/1531/1528 1533/2031/1527 1531/2029/1524 
f 1531/2029/1524 1170/1526/1525 1175/1531/1528 
f 907/1249/704 1532/2030/1526 1534/2032/1529 
f 1534/2032/1529 919/1262/1530 907/1249/704 
f 1532/2030/1526 1533/2031/1527 1535/2033/1531 
f 1535/2033/1531 1534/2032/1529 1532/2030/1526 
f 1186/1542/1532 1535/2033/1531 1533/2031/1527 
f 1533/2031/1527 1175/1531/1528 1186/1542/1532 
f 925/1269/720 919/1262/1530 1534/2032/1529 
f 1534/2032/1529 1536/2034/1533 925/1269/720 
f 1534/2032/1529 1535/2033/1531 1537/2035/1534 
f 1537/2035/1534 1536/2034/1533 1534/2032/1529 
f 1189/1545/1535 1537/2035/1534 1535/2033/1531 
f 1535/2033/1531 1186/1542/1532 1189/1545/1535 
f 925/1269/720 1536/2034/1533 1538/2036/1536 
f 1538/2036/1536 937/1282/1537 925/1269/720 
f 1536/2034/1533 1537/2035/1534 1539/2037/1538 
f 1539/2037/1538 1538/2036/1536 1536/2034/1533 
f 1200/1556/1539 1539/2037/1538 1537/2035/1534 
f 1537/2035/1534 1189/1545/1535 1200/1556/1539 
f 942/1287/1540 937/1282/1537 1538/2036/1536 
f 1538/2036/1536 1540/2038/1541 942/1287/1540 
f 1540/2038/1541 1538/2036/1536 1539/2037/1538 
f 1539/2037/1538 1541/2039/1542 1540/2038/1541 
f 1205/1561/1543 1541/2039/1542 1539/2037/1538 
f 1539/2037/1538 1200/1556/1539 1205/1561/1543 
f 1541/2039/1542 1205/1561/1543 1217/1573/1544 
f 1217/1573/1544 1542/2040/1545 1541/2039/1542 
f 1542/2040/1545 1543/2041/1546 1540/2038/1541 
f 1540/2038/1541 1541/2039/1542 1542/2040/1545 
f 1540/2038/1541 1543/2041/1546 954/1301/1547 
f 954/1301/1547 942/1287/1540 1540/2038/1541 
f 954/1301/1547 1543/2041/1546 1544/2042/1548 
f 1544/2042/1548 959/1306/751 954/1301/1547 
f 1543/2041/1546 1542/2040/1545 1545/2043/1549 
f 1545/2043/1549 1544/2042/1548 1543/2041/1546 
f 1220/1576/1550 1545/2043/1549 1542/2040/1545 
f 1542/2040/1545 1217/1573/1544 1220/1576/1550 
f 1545/2043/1549 1220/1576/1550 976/1325/1551 
f 976/1325/1551 1546/2044/1552 1545/2043/1549 
f 1546/2044/1552 1547/2045/1553 1544/2042/1548 
f 1544/2042/1548 1545/2043/1549 1546/2044/1552 
f 1544/2042/1548 1547/2045/1553 971/1320/1554 
f 971/1320/1554 959/1306/751 1544/2042/1548 
f 1547/2045/1553 1484/1982/1440 1312/1672/1439 
f 1312/1672/1439 971/1320/1554 1547/2045/1553 
f 1484/1982/1440 1547/2045/1553 1546/2044/1552 
f 1546/2044/1552 1486/1984/1442 1484/1982/1440 
f 1486/1984/1442 1546/2044/1552 976/1325/1551 
f 976/1325/1551 979/1328/1444 1486/1984/1442 
f 1374/1760/1255 1548/2046/1555 1549/2047/1556 
f 1549/2047/1556 1375/1761/1256 1374/1760/1255 
f 1374/1760/1255 1384/2048/1266 1550/2049/1557 
f 1550/2049/1557 1548/2046/1555 1374/1760/1255 
f 1384/1777/1266 1253/1694/1165 980/1329/1558 
f 980/1329/1558 1550/2050/1557 1384/1777/1266 
f 1321/1682/1273 1320/1681/1559 1551/2051/1560 
f 1551/2051/1560 1390/1787/1274 1321/1682/1273 
f 1551/2051/1560 1552/2052/1561 1391/1788/1275 
f 1391/1788/1275 1390/1787/1274 1551/2051/1560 
f 1318/1678/1562 1317/1677/1201 1391/2053/1275 
f 1391/2053/1275 1552/2054/1561 1318/1678/1562 
f 1551/2051/1560 1320/1681/1559 1323/1684/1563 
f 1323/1684/1563 1553/2055/1564 1551/2051/1560 
f 1551/2051/1560 1553/2055/1564 1554/2056/1565 
f 1554/2056/1565 1552/2052/1561 1551/2051/1560 
f 1552/2054/1561 1554/2057/1565 1245/1602/1566 
f 1245/1602/1566 1318/1678/1562 1552/2054/1561 
f 1553/2055/1564 1323/1684/1563 1324/1685/1567 
f 1324/1685/1567 1555/2058/1568 1553/2055/1564 
f 1553/2055/1564 1555/2058/1568 1556/2059/1569 
f 1556/2059/1569 1554/2056/1565 1553/2055/1564 
f 1554/2057/1565 1556/2060/1569 1246/1603/1570 
f 1246/1603/1570 1245/1602/1566 1554/2057/1565 
f 1246/1603/1570 1556/2060/1569 1404/1812/1290 
f 1404/1812/1290 1329/1691/1204 1246/1603/1570 
f 1404/1812/1290 1556/2060/1569 1555/2061/1568 
f 1555/2061/1568 1395/1813/1279 1404/1812/1290 
f 1325/1686/1280 1395/1799/1279 1555/2058/1568 
f 1555/2058/1568 1324/1685/1567 1325/1686/1280 
f 691/1009/1571 690/1008/1292 1405/1818/1291 
f 1405/1818/1291 1557/2062/1572 691/1009/1571 
f 1558/2063/1573 1557/2062/1572 1405/1818/1291 
f 1405/1818/1291 1415/2064/1302 1558/2063/1573 
f 1415/1834/1302 1235/1591/1148 1234/1590/1574 
f 1234/1590/1574 1558/2065/1573 1415/1834/1302 
f 725/1046/1575 724/1045/664 1382/2066/1264 
f 1382/2066/1264 1559/2067/1576 725/1046/1575 
f 1382/2066/1264 1380/2068/1262 1560/2069/1577 
f 1560/2069/1577 1559/2067/1576 1382/2066/1264 
f 1560/2070/1577 1380/1768/1262 685/1003/1261 
f 685/1003/1261 688/1006/1578 1560/2070/1577 
f 1548/2046/1555 1561/2071/1579 1562/2072/1580 
f 1562/2072/1580 1549/2047/1556 1548/2046/1555 
f 1561/2071/1579 1548/2046/1555 1550/2049/1557 
f 1550/2049/1557 1563/2073/1581 1561/2071/1579 
f 1563/2074/1581 1550/2050/1557 980/1329/1558 
f 980/1329/1558 707/1027/1582 1563/2074/1581 
f 1564/2075/1583 1562/2072/1580 1561/2071/1579 
f 1561/2071/1579 1565/2076/1584 1564/2075/1583 
f 1565/2076/1584 1561/2071/1579 1563/2077/1581 
f 1563/2077/1581 1566/2078/1585 1565/2076/1584 
f 1566/2079/1585 1563/2074/1581 707/1027/1582 
f 707/1027/1582 706/1026/1586 1566/2079/1585 
f 1347/1719/1221 686/1004/1220 685/1003/1261 
f 685/1003/1261 1379/1767/1260 1347/1719/1221 
f 1376/2080/1257 1349/1721/1223 1347/1719/1221 
f 1347/1719/1221 1379/1767/1260 1376/2080/1257 
f 1375/1761/1256 1351/1723/1225 1349/1726/1223 
f 1349/1726/1223 1376/1762/1257 1375/1761/1256 
f 1399/1803/1284 1364/1743/1242 1335/1700/1241 
f 1335/1700/1241 1334/1699/1285 1399/1803/1284 
f 1396/1800/1281 1356/1735/1231 1364/1743/1242 
f 1364/1743/1242 1399/1803/1284 1396/1800/1281 
f 1356/1735/1231 1396/1800/1281 1325/1686/1280 
f 1325/1686/1280 1326/1687/1232 1356/1735/1231 
f 690/1008/1292 689/1007/1218 1343/1714/1215 
f 1343/1714/1215 1406/1819/1293 690/1008/1292 
f 1408/1821/1295 1406/1819/1293 1343/1714/1215 
f 1343/1714/1215 1342/2081/1214 1408/1821/1295 
f 1342/1709/1214 1341/1708/1213 1410/1823/1297 
f 1410/1823/1297 1408/1826/1295 1342/1709/1214 
f 1331/1696/1206 1412/2082/1299 1566/2083/1585 
f 1566/2083/1585 706/1026/1586 1331/1696/1206 
f 1566/2083/1585 1412/2082/1299 1411/2084/1298 
f 1411/2084/1298 1565/2085/1584 1566/2083/1585 
f 1411/1824/1298 1410/1823/1297 1564/2075/1583 
f 1564/2075/1583 1565/2076/1584 1411/1824/1298 
f 1416/1839/1304 1345/1712/1217 689/1007/1218 
f 689/1007/1218 692/1010/1303 1416/1839/1304 
f 1416/1839/1304 1417/1841/1305 1336/1715/1207 
f 1336/1715/1207 1345/1712/1217 1416/1839/1304 
f 1336/1701/1207 1417/1842/1305 696/1014/1306 
f 696/1014/1306 1333/1698/1208 1336/1701/1207 
f 1418/1843/1308 1365/1748/1243 1315/1675/1246 
f 1315/1675/1246 687/1005/1307 1418/1843/1308 
f 1365/1748/1243 1418/1843/1308 1419/1845/1309 
f 1419/1845/1309 1368/1751/1247 1365/1748/1243 
f 1368/1755/1247 1419/1846/1309 695/1013/1310 
f 695/1013/1310 694/1012/1250 1368/1755/1247 
f 1557/2062/1572 1400/1804/1286 1334/1699/1285 
f 1334/1699/1285 691/1009/1571 1557/2062/1572 
f 1558/2086/1573 1402/1806/1288 1400/1804/1286 
f 1400/1804/1286 1557/2062/1572 1558/2086/1573 
f 1402/2087/1288 1558/2065/1573 1234/1590/1574 
f 1234/1590/1574 1310/1670/1197 1402/2087/1288 
f 1559/2067/1576 1394/1793/1278 1248/1605/1160 
f 1248/1605/1160 725/1046/1575 1559/2067/1576 
f 1394/1793/1278 1559/2067/1576 1560/2069/1577 
f 1560/2069/1577 1387/1794/1269 1394/1793/1278 
f 688/1006/1578 1316/1676/1270 1387/1784/1269 
f 1387/1784/1269 1560/2070/1577 688/1006/1578 
f 1351/1723/1587 1375/1761/1587 1549/2047/1587 
f 1549/2047/1587 1562/2072/1587 1564/2075/1587 
f 1351/1723/1587 1549/2047/1587 1564/2075/1587 
f 1351/1723/1587 1564/2075/1587 1410/1823/1587 
f 1341/1708/1587 1351/1723/1587 1410/1823/1587 
# 1760 faces

#
# object Cube_011
#

v  -0.2477 0.2551 -0.4202
v  -0.2189 0.2571 -0.4192
v  0.1775 0.2556 -0.4163
v  0.2064 0.2535 -0.4169
v  0.2251 0.2411 -0.4214
v  0.1959 0.2409 -0.4217
v  -0.2373 0.2425 -0.4250
v  -0.2193 0.0373 -0.4819
v  0.1772 0.0359 -0.4790
v  0.1765 0.0038 -0.3952
v  -0.2200 0.0052 -0.3981
v  0.2062 0.0311 -0.5021
v  0.1774 0.0292 -0.5030
v  -0.2191 0.0306 -0.5059
v  -0.2479 0.0327 -0.5054
v  -0.2666 0.0452 -0.5008
v  -0.2374 0.0453 -0.5005
v  0.1957 0.0438 -0.4972
v  0.1764 0.1767 -0.3076
v  -0.2201 0.1781 -0.3105
v  -0.2201 0.0168 -0.3723
v  0.1763 0.0154 -0.3694
v  0.2264 0.0548 -0.5142
v  0.2411 0.8291 -2.8297
v  0.2421 1.1444 -2.8031
v  0.2265 0.2432 -0.4421
v  0.1766 0.2025 -0.3191
v  0.1773 0.2346 -0.4030
v  -0.2190 0.2360 -0.4059
v  -0.2199 0.2039 -0.3220
v  -0.2665 0.2428 -0.4251
v  -0.2694 0.2247 -0.4321
v  -0.2696 0.0634 -0.4939
v  -0.2392 0.0561 -0.4750
v  -0.2400 0.0240 -0.3911
v  -0.2398 0.1853 -0.3294
v  -0.2391 0.2174 -0.4132
v  0.2280 0.2229 -0.4284
v  0.2279 0.0616 -0.4902
v  0.2249 0.0434 -0.4971
v  -0.2476 0.2635 -0.4384
v  0.2065 0.2619 -0.4351
v  0.2221 1.1655 -2.8022
v  -0.2215 1.1671 -2.8055
v  -0.2425 0.8308 -2.8333
v  -0.2677 0.0566 -0.5179
v  -0.2675 0.2449 -0.4458
v  -0.2416 1.1462 -2.8067
v  -0.2224 0.8367 -2.8527
v  -0.2214 1.1543 -2.8258
v  0.2221 1.1527 -2.8225
v  0.2212 0.8351 -2.8494
v  -0.2226 0.8104 -2.8354
v  0.2211 0.8088 -2.8321
v  0.2063 0.0362 -0.5215
v  -0.2478 0.0378 -0.5248
v  0.1964 0.0224 -0.3878
v  0.1958 0.0183 -0.3769
v  0.1949 0.0071 -0.3810
v  0.1958 0.0115 -0.3920
v  0.1882 0.0047 -0.3749
v  0.1880 0.0156 -0.3699
v  0.1763 0.0047 -0.3742
v  0.1764 0.0003 -0.3840
v  0.1883 0.0010 -0.3834
v  0.1882 0.0044 -0.3948
v  -0.2393 0.0131 -0.3953
v  -0.2385 0.0086 -0.3843
v  -0.2393 0.0198 -0.3802
v  -0.2316 0.0059 -0.3979
v  -0.2320 0.0025 -0.3865
v  -0.2201 0.0017 -0.3869
v  -0.2202 0.0061 -0.3771
v  -0.2320 0.0062 -0.3780
v  -0.2318 0.0170 -0.3730
v  0.1883 0.2018 -0.3193
v  0.1765 0.1977 -0.3085
v  0.1884 0.1968 -0.3084
v  0.1764 0.1878 -0.3040
v  0.1883 0.1883 -0.3047
v  0.1881 0.1769 -0.3081
v  0.1958 0.1796 -0.3152
v  0.1950 0.1906 -0.3107
v  0.1966 0.1837 -0.3261
v  0.1959 0.1947 -0.3219
v  -0.2393 0.1811 -0.3185
v  -0.2384 0.1922 -0.3140
v  -0.2391 0.1962 -0.3252
v  -0.2316 0.1784 -0.3112
v  -0.2319 0.1898 -0.3078
v  -0.2200 0.1892 -0.3069
v  -0.2199 0.1991 -0.3114
v  -0.2318 0.1983 -0.3115
v  -0.2315 0.2033 -0.3224
v  0.1886 0.2334 -0.4033
v  0.1905 0.2388 -0.4146
v  0.1774 0.2395 -0.4133
v  0.1961 0.2264 -0.4059
v  0.1979 0.2321 -0.4168
v  0.1973 0.2158 -0.4099
v  0.1992 0.2198 -0.4203
v  0.2106 0.2225 -0.4273
v  0.2074 0.2371 -0.4222
v  0.1969 0.2455 -0.4191
v  0.1775 0.2474 -0.4182
v  -0.2190 0.2410 -0.4162
v  -0.2321 0.2403 -0.4177
v  -0.2304 0.2349 -0.4064
v  -0.2189 0.2488 -0.4211
v  -0.2382 0.2470 -0.4224
v  -0.2489 0.2387 -0.4255
v  -0.2521 0.2242 -0.4308
v  -0.2407 0.2214 -0.4236
v  -0.2393 0.2336 -0.4201
v  -0.2379 0.2280 -0.4092
v  0.1885 0.0370 -0.4785
v  0.1773 0.0391 -0.4900
v  0.1904 0.0406 -0.4905
v  0.1774 0.0366 -0.4990
v  0.1967 0.0386 -0.4983
v  0.2073 0.0469 -0.4950
v  0.2105 0.0612 -0.4891
v  0.1990 0.0585 -0.4821
v  0.1977 0.0470 -0.4876
v  0.1973 0.0545 -0.4717
v  0.1960 0.0440 -0.4757
v  -0.2191 0.0406 -0.4929
v  -0.2306 0.0385 -0.4816
v  -0.2322 0.0421 -0.4936
v  -0.2380 0.0455 -0.4790
v  -0.2395 0.0486 -0.4909
v  -0.2409 0.0601 -0.4854
v  -0.2522 0.0628 -0.4926
v  -0.2490 0.0485 -0.4983
v  -0.2384 0.0401 -0.5016
v  -0.2191 0.0380 -0.5019
v  0.2407 1.1613 -2.8136
v  0.2414 1.1564 -2.8023
v  0.2415 1.1489 -2.8142
v  0.2338 1.1521 -2.8216
v  0.2341 1.1640 -2.8200
v  0.2222 1.1644 -2.8211
v  0.2222 1.1693 -2.8133
v  0.2341 1.1682 -2.8133
v  0.2338 1.1645 -2.8019
v  0.2396 0.8208 -2.8424
v  0.2406 0.8327 -2.8410
v  0.2404 0.8173 -2.8309
v  0.2327 0.8096 -2.8317
v  0.2331 0.8141 -2.8431
v  0.2211 0.8131 -2.8433
v  0.2212 0.8232 -2.8499
v  0.2331 0.8227 -2.8488
v  0.2329 0.8350 -2.8485
v  -0.2343 0.8112 -2.8353
v  -0.2344 0.8158 -2.8466
v  -0.2225 0.8147 -2.8466
v  -0.2419 0.8191 -2.8345
v  -0.2409 0.8225 -2.8460
v  -0.2417 0.8344 -2.8446
v  -0.2341 0.8366 -2.8520
v  -0.2343 0.8244 -2.8523
v  -0.2224 0.8247 -2.8532
v  -0.2409 1.1581 -2.8059
v  -0.2399 1.1630 -2.8171
v  -0.2408 1.1507 -2.8178
v  -0.2332 1.1662 -2.8054
v  -0.2333 1.1698 -2.8168
v  -0.2214 1.1709 -2.8166
v  -0.2214 1.1660 -2.8244
v  -0.2333 1.1656 -2.8235
v  -0.2331 1.1538 -2.8251
v  0.2032 0.2586 -0.4239
v  0.2179 0.2564 -0.4244
v  0.2211 0.2599 -0.4357
v  0.1992 0.2506 -0.4187
v  0.2145 0.2495 -0.4200
v  0.2108 0.2396 -0.4228
v  0.2226 0.2405 -0.4306
v  0.2245 0.2502 -0.4266
v  0.2287 0.2528 -0.4384
v  -0.2446 0.0332 -0.5141
v  -0.2593 0.0353 -0.5131
v  -0.2623 0.0398 -0.5242
v  -0.2407 0.0361 -0.5048
v  -0.2560 0.0378 -0.5052
v  -0.2523 0.0471 -0.5007
v  -0.2660 0.0415 -0.5109
v  -0.2639 0.0514 -0.5074
v  -0.2700 0.0470 -0.5215
v  -0.2622 0.2616 -0.4392
v  -0.2592 0.2581 -0.4279
v  -0.2445 0.2602 -0.4272
v  -0.2698 0.2545 -0.4421
v  -0.2658 0.2520 -0.4303
v  -0.2638 0.2422 -0.4343
v  -0.2558 0.2512 -0.4235
v  -0.2522 0.2413 -0.4263
v  -0.2405 0.2522 -0.4220
v  0.2030 0.0316 -0.5108
v  0.2209 0.0381 -0.5207
v  0.2177 0.0336 -0.5096
v  0.2286 0.0452 -0.5178
v  0.2243 0.0397 -0.5072
v  0.2224 0.0496 -0.5037
v  0.2106 0.0454 -0.4972
v  0.2143 0.0361 -0.5017
v  0.1990 0.0345 -0.5015
# 208 vertices

vn 0.0082 0.3576 -0.9339
vn -0.0006 -0.9339 -0.3576
vn -0.0082 -0.3576 0.9339
vn 1.0000 -0.0032 0.0053
vn 0.0006 0.9339 0.3576
vn -1.0000 0.0036 -0.0074
vn 0.0006 0.9342 0.3566
vn -1.0000 0.0040 -0.0095
vn 0.0077 0.0842 -0.9964
vn -0.0010 -0.9484 -0.3171
vn 0.9976 -0.0631 0.0267
vn 0.9102 -0.1738 0.3759
vn 0.8497 -0.4796 0.2190
vn 0.9106 -0.3962 -0.1175
vn 0.3619 -0.6510 0.6673
vn 0.3980 -0.3535 0.8465
vn 0.0322 -0.3948 0.9182
vn 0.0195 -0.7056 0.7084
vn 0.0233 -0.9984 0.0523
vn 0.3655 -0.9299 0.0424
vn 0.0477 -0.9463 -0.3199
vn 0.4106 -0.8611 -0.2999
vn -0.9116 -0.3898 -0.1311
vn -0.8563 -0.4736 0.2063
vn -0.9169 -0.1672 0.3623
vn -0.9983 -0.0559 0.0119
vn -0.4123 -0.8581 -0.3060
vn -0.3727 -0.9273 0.0369
vn -0.0497 -0.9459 -0.3206
vn -0.0313 -0.9982 0.0519
vn -0.0351 -0.7054 0.7080
vn -0.3763 -0.6484 0.6618
vn -0.0486 -0.3946 0.9176
vn -0.4132 -0.3507 0.8405
vn 0.4119 0.8406 0.3517
vn 0.0491 0.9178 0.3940
vn 0.0246 0.7081 0.7057
vn 0.3667 0.6633 0.6524
vn 0.0201 0.0520 0.9985
vn 0.3623 0.0384 0.9313
vn 0.3981 -0.3026 0.8660
vn 0.0323 -0.3194 0.9471
vn 0.9103 -0.1229 0.3954
vn 0.8502 0.2097 0.4829
vn 0.9977 0.0278 0.0615
vn 0.9111 0.3723 0.1768
vn -0.9169 -0.1163 0.3818
vn -0.8557 0.2157 0.4703
vn -0.9110 0.3787 0.1632
vn -0.9983 0.0350 0.0467
vn -0.4131 -0.2998 0.8600
vn -0.3759 0.0410 0.9258
vn -0.0345 0.0522 0.9981
vn -0.0485 -0.3192 0.9465
vn -0.0300 0.7083 0.7053
vn -0.3715 0.6659 0.6470
vn -0.4111 0.8436 0.3456
vn -0.0483 0.9182 0.3933
vn 0.0610 0.9108 0.4084
vn 0.4121 0.8247 0.3873
vn 0.3409 0.5875 0.7340
vn 0.0514 0.7423 0.6681
vn 0.9017 0.3637 0.2338
vn 0.7071 0.1767 0.6846
vn 0.9920 0.0215 0.1243
vn 0.8387 -0.1309 0.5285
vn 0.2993 -0.3078 0.9031
vn 0.2337 -0.2086 0.9497
vn 0.0450 -0.3264 0.9442
vn 0.0579 -0.3484 0.9356
vn 0.0252 -0.2871 0.9575
vn 0.1474 -0.0333 0.9885
vn -0.0001 -0.2365 0.9716
vn 0.0249 0.1428 0.9894
vn -0.0562 0.7427 0.6673
vn -0.3475 0.5899 0.7288
vn -0.4120 0.8277 0.3811
vn -0.0606 0.9112 0.4075
vn -0.0387 0.1430 0.9889
vn -0.1621 -0.0321 0.9862
vn -0.0159 -0.2365 0.9715
vn -0.0414 -0.2869 0.9570
vn -0.0614 -0.3260 0.9434
vn -0.2492 -0.2068 0.9461
vn -0.0742 -0.3480 0.9346
vn -0.3149 -0.3056 0.8986
vn -0.8475 -0.1249 0.5160
vn -0.7160 0.1817 0.6740
vn -0.9025 0.3701 0.2204
vn -0.9935 0.0285 0.1095
vn 0.4110 -0.8730 -0.2628
vn 0.0597 -0.9507 -0.3044
vn 0.0502 -0.9987 0.0015
vn 0.3398 -0.9278 0.1538
vn 0.0243 -0.7671 0.6411
vn 0.1468 -0.6356 0.7578
vn -0.0003 -0.4728 0.8811
vn 0.0251 -0.4258 0.9044
vn 0.0450 -0.3878 0.9207
vn 0.2335 -0.4794 0.8460
vn 0.0579 -0.3655 0.9290
vn 0.2993 -0.3744 0.8776
vn 0.8387 -0.2566 0.4803
vn 0.7066 -0.5895 0.3912
vn 0.9919 -0.1002 0.0777
vn 0.9011 -0.4279 -0.0693
vn -0.0574 -0.9983 0.0007
vn -0.0619 -0.9503 -0.3053
vn -0.4132 -0.8700 -0.2689
vn -0.3486 -0.9254 0.1487
vn -0.9030 -0.4215 -0.0827
vn -0.7165 -0.5845 0.3806
vn -0.9936 -0.0932 0.0629
vn -0.8475 -0.2506 0.4678
vn -0.3149 -0.3723 0.8731
vn -0.2495 -0.4776 0.8424
vn -0.0743 -0.3651 0.9280
vn -0.0614 -0.3874 0.9199
vn -0.0415 -0.4256 0.9039
vn -0.1627 -0.6345 0.7555
vn -0.0161 -0.4728 0.8810
vn -0.0393 -0.7669 0.6406
vn 0.8826 0.3996 -0.2476
vn 0.9274 0.3561 0.1146
vn 0.9993 -0.0103 -0.0364
vn 0.9193 0.0555 -0.3896
vn 0.4226 0.0933 -0.9015
vn 0.4085 0.4856 -0.7729
vn 0.0602 0.1106 -0.9921
vn 0.0522 0.5344 -0.8435
vn 0.0484 0.9921 -0.1150
vn 0.4054 0.9087 -0.0997
vn 0.0661 0.9413 0.3311
vn 0.4260 0.8507 0.3081
vn 0.8433 -0.2995 -0.4461
vn 0.9149 0.0092 -0.4034
vn 0.9992 -0.0033 -0.0389
vn 0.9265 -0.3509 -0.1356
vn 0.4199 -0.8553 -0.3037
vn 0.3718 -0.7357 -0.5662
vn 0.0356 -0.7815 -0.6229
vn 0.0617 -0.9369 -0.3442
vn 0.0402 -0.2629 -0.9640
vn 0.3759 -0.2323 -0.8970
vn 0.0576 0.0543 -0.9969
vn 0.4186 0.0561 -0.9064
vn -0.4213 -0.8523 -0.3099
vn -0.3686 -0.7331 -0.5717
vn -0.0321 -0.7813 -0.6234
vn -0.0631 -0.9365 -0.3451
vn -0.9268 -0.3443 -0.1494
vn -0.8388 -0.2935 -0.4585
vn -0.9985 0.0039 -0.0537
vn -0.9088 0.0156 -0.4170
vn -0.4047 0.0591 -0.9125
vn -0.3641 -0.2297 -0.9025
vn -0.0424 0.0547 -0.9976
vn -0.0276 -0.2627 -0.9645
vn -0.9264 0.3627 0.1008
vn -0.8760 0.4058 -0.2607
vn -0.9130 0.0621 -0.4032
vn -0.9986 -0.0031 -0.0512
vn -0.4246 0.8537 0.3018
vn -0.3974 0.9115 -0.1057
vn -0.0396 0.9925 -0.1157
vn -0.0643 0.9417 0.3301
vn -0.0358 0.5348 -0.8442
vn -0.3935 0.4883 -0.7788
vn -0.0446 0.1110 -0.9929
vn -0.4086 0.0963 -0.9077
vn 0.0957 0.9412 0.3241
vn 0.0662 0.7864 0.6142
vn 0.3959 0.6598 0.6388
vn 0.4639 0.8135 0.3508
vn 0.0336 0.1286 0.9912
vn 0.3137 0.0111 0.9495
vn 0.2711 -0.3538 0.8951
vn 0.0221 -0.3174 0.9480
vn 0.7699 -0.3044 0.5609
vn 0.7996 0.0544 0.5982
vn 0.9465 0.2194 0.2366
vn 0.9693 -0.1626 0.1848
vn -0.0705 -0.9970 -0.0343
vn -0.3981 -0.9155 0.0583
vn -0.4633 -0.8491 -0.2535
vn -0.0949 -0.9326 -0.3483
vn -0.0476 -0.7479 0.6622
vn -0.3268 -0.6309 0.7037
vn -0.2876 -0.3328 0.8981
vn -0.0385 -0.3962 0.9173
vn -0.8053 -0.4309 0.4069
vn -0.7820 -0.1430 0.6066
vn -0.9730 0.0053 0.2306
vn -0.9475 -0.3186 0.0255
vn -0.4633 0.8168 0.3439
vn -0.4005 0.6626 0.6328
vn -0.0698 0.7868 0.6132
vn -0.0937 0.9418 0.3227
vn -0.9483 0.2262 0.2226
vn -0.8080 0.0602 0.5862
vn -0.9731 -0.1556 0.1704
vn -0.7803 -0.2988 0.5494
vn -0.3277 0.0133 0.9447
vn -0.2869 -0.3518 0.8910
vn -0.0383 -0.3172 0.9475
vn -0.0474 0.1288 0.9906
vn 0.0638 -0.9974 -0.0333
vn 0.0935 -0.9332 -0.3470
vn 0.4610 -0.8524 -0.2466
vn 0.3906 -0.9183 0.0642
vn 0.9447 -0.3254 0.0395
vn 0.7961 -0.4366 0.4188
vn 0.9695 -0.0017 0.2450
vn 0.7719 -0.1486 0.6182
vn 0.2718 -0.3348 0.9022
vn 0.3118 -0.6331 0.7084
vn 0.0221 -0.3964 0.9178
vn 0.0324 -0.7481 0.6628
vn 1.0000 -0.0036 0.0074
# 219 vertex normals

vt 0.6679 0.6366 0.0000
vt 0.6656 0.6375 0.0000
vt 0.6366 0.6521 0.0000
vt 0.6345 0.6534 0.0000
vt 0.6332 0.6557 0.0000
vt 0.6354 0.6547 0.0000
vt 0.6683 0.6378 0.0000
vt 0.6842 0.6401 0.0000
vt 0.7077 0.6543 0.0000
vt 0.7047 0.6592 0.0000
vt 0.6830 0.6457 0.0000
vt 0.7102 0.6535 0.0000
vt 0.7085 0.6523 0.0000
vt 0.6858 0.6384 0.0000
vt 0.6839 0.6375 0.0000
vt 0.6817 0.6372 0.0000
vt 0.6834 0.6382 0.0000
vt 0.7094 0.6539 0.0000
vt 0.6441 0.6623 0.0000
vt 0.6700 0.6488 0.0000
vt 0.6759 0.6600 0.0000
vt 0.6500 0.6735 0.0000
vt 0.6228 0.6665 0.0000
vt 0.5563 0.4954 0.0000
vt 0.5825 0.4781 0.0000
vt 0.6317 0.6539 0.0000
vt 0.6425 0.6599 0.0000
vt 0.6378 0.6550 0.0000
vt 0.6673 0.6398 0.0000
vt 0.6689 0.6461 0.0000
vt 0.6701 0.6359 0.0000
vt 0.6682 0.6371 0.0000
vt 0.6684 0.6378 0.0000
vt 0.6713 0.6358 0.0000
vt 0.6809 0.6365 0.0000
vt 0.6833 0.6382 0.0000
vt 0.6821 0.6367 0.0000
vt 0.6818 0.6394 0.0000
vt 0.6808 0.6450 0.0000
vt 0.6714 0.6453 0.0000
vt 0.6700 0.6391 0.0000
vt 0.6325 0.6549 0.0000
vt 0.6314 0.6562 0.0000
vt 0.6238 0.6669 0.0000
vt 0.6232 0.6683 0.0000
vt 0.6244 0.6700 0.0000
vt 0.6259 0.6696 0.0000
vt 0.6675 0.6352 0.0000
vt 0.6341 0.6519 0.0000
vt 0.5861 0.4764 0.0000
vt 0.6296 0.4653 0.0000
vt 0.6638 0.4689 0.0000
vt 0.6816 0.6353 0.0000
vt 0.6702 0.6345 0.0000
vt 0.6335 0.4651 0.0000
vt 0.6209 0.4307 0.0000
vt 0.6288 0.4620 0.0000
vt 0.5852 0.4731 0.0000
vt 0.5773 0.4418 0.0000
vt 0.6676 0.4691 0.0000
vt 0.7095 0.4676 0.0000
vt 0.7101 0.6519 0.0000
vt 0.6839 0.6360 0.0000
vt 0.6333 0.6726 0.0000
vt 0.6341 0.6731 0.0000
vt 0.6336 0.6739 0.0000
vt 0.6329 0.6734 0.0000
vt 0.6341 0.6742 0.0000
vt 0.6345 0.6735 0.0000
vt 0.6497 0.6747 0.0000
vt 0.6493 0.6739 0.0000
vt 0.6504 0.6743 0.0000
vt 0.6507 0.6748 0.0000
vt 0.6499 0.6753 0.0000
vt 0.7044 0.6598 0.0000
vt 0.7054 0.6596 0.0000
vt 0.7050 0.6602 0.0000
vt 0.7058 0.6599 0.0000
vt 0.7054 0.6605 0.0000
vt 0.6333 0.6744 0.0000
vt 0.6814 0.6450 0.0000
vt 0.6813 0.6458 0.0000
vt 0.6807 0.6458 0.0000
vt 0.6824 0.6453 0.0000
vt 0.6822 0.6460 0.0000
vt 0.6829 0.6464 0.0000
vt 0.6827 0.6469 0.0000
vt 0.6821 0.6465 0.0000
vt 0.6770 0.6604 0.0000
vt 0.6763 0.6608 0.0000
vt 0.6766 0.6596 0.0000
vt 0.6772 0.6593 0.0000
vt 0.6776 0.6601 0.0000
vt 0.6818 0.6458 0.0000
vt 0.6812 0.6463 0.0000
vt 0.6417 0.6603 0.0000
vt 0.6430 0.6605 0.0000
vt 0.6423 0.6610 0.0000
vt 0.6437 0.6615 0.0000
vt 0.6430 0.6619 0.0000
vt 0.6434 0.6627 0.0000
vt 0.6428 0.6630 0.0000
vt 0.6424 0.6622 0.0000
vt 0.6403 0.6619 0.0000
vt 0.6407 0.6611 0.0000
vt 0.6414 0.6618 0.0000
vt 0.6409 0.6625 0.0000
vt 0.6427 0.6614 0.0000
vt 0.6417 0.6612 0.0000
vt 0.6715 0.6461 0.0000
vt 0.6709 0.6462 0.0000
vt 0.6707 0.6454 0.0000
vt 0.6716 0.6467 0.0000
vt 0.6710 0.6467 0.0000
vt 0.6696 0.6480 0.0000
vt 0.6703 0.6476 0.0000
vt 0.6707 0.6484 0.0000
vt 0.6691 0.6469 0.0000
vt 0.6699 0.6465 0.0000
vt 0.6697 0.6457 0.0000
vt 0.6704 0.6462 0.0000
vt 0.6370 0.6554 0.0000
vt 0.6362 0.6548 0.0000
vt 0.6372 0.6543 0.0000
vt 0.6360 0.6563 0.0000
vt 0.6354 0.6555 0.0000
vt 0.6355 0.6571 0.0000
vt 0.6349 0.6565 0.0000
vt 0.6344 0.6561 0.0000
vt 0.6351 0.6550 0.0000
vt 0.6352 0.6547 0.0000
vt 0.6344 0.6560 0.0000
vt 0.6353 0.6541 0.0000
vt 0.6367 0.6531 0.0000
vt 0.6670 0.6390 0.0000
vt 0.6680 0.6385 0.0000
vt 0.6681 0.6394 0.0000
vt 0.6669 0.6385 0.0000
vt 0.6669 0.6384 0.0000
vt 0.6690 0.6374 0.0000
vt 0.6693 0.6370 0.0000
vt 0.6704 0.6369 0.0000
vt 0.6699 0.6383 0.0000
vt 0.6690 0.6382 0.0000
vt 0.6693 0.6391 0.0000
vt 0.7084 0.6547 0.0000
vt 0.7081 0.6537 0.0000
vt 0.7089 0.6541 0.0000
vt 0.7083 0.6533 0.0000
vt 0.7095 0.6540 0.0000
vt 0.7083 0.6532 0.0000
vt 0.7100 0.6542 0.0000
vt 0.6251 0.6688 0.0000
vt 0.6255 0.6676 0.0000
vt 0.6272 0.6686 0.0000
vt 0.6266 0.6694 0.0000
vt 0.6279 0.6690 0.0000
vt 0.6274 0.6698 0.0000
vt 0.6263 0.6699 0.0000
vt 0.6270 0.6704 0.0000
vt 0.7093 0.6544 0.0000
vt 0.6844 0.6394 0.0000
vt 0.6836 0.6397 0.0000
vt 0.6837 0.6389 0.0000
vt 0.6825 0.6394 0.0000
vt 0.6828 0.6386 0.0000
vt 0.6819 0.6387 0.0000
vt 0.6819 0.6382 0.0000
vt 0.6830 0.6382 0.0000
vt 0.6819 0.6381 0.0000
vt 0.6838 0.6380 0.0000
vt 0.6851 0.6387 0.0000
vt 0.5832 0.4766 0.0000
vt 0.5834 0.4774 0.0000
vt 0.5823 0.4773 0.0000
vt 0.5821 0.4766 0.0000
vt 0.5831 0.4760 0.0000
vt 0.5841 0.4733 0.0000
vt 0.5855 0.4742 0.0000
vt 0.5844 0.4745 0.0000
vt 0.5859 0.4756 0.0000
vt 0.5847 0.4759 0.0000
vt 0.5850 0.4767 0.0000
vt 0.5839 0.4761 0.0000
vt 0.5550 0.4952 0.0000
vt 0.5560 0.4946 0.0000
vt 0.5554 0.4961 0.0000
vt 0.5546 0.4965 0.0000
vt 0.5543 0.4957 0.0000
vt 0.7095 0.4668 0.0000
vt 0.7106 0.4667 0.0000
vt 0.7106 0.4676 0.0000
vt 0.7094 0.4662 0.0000
vt 0.7106 0.4661 0.0000
vt 0.5770 0.4406 0.0000
vt 0.5761 0.4420 0.0000
vt 0.5758 0.4409 0.0000
vt 0.5753 0.4421 0.0000
vt 0.5750 0.4409 0.0000
vt 0.5547 0.4947 0.0000
vt 0.6665 0.4691 0.0000
vt 0.6664 0.4683 0.0000
vt 0.6676 0.4682 0.0000
vt 0.6650 0.4690 0.0000
vt 0.6649 0.4682 0.0000
vt 0.6638 0.4681 0.0000
vt 0.6637 0.4675 0.0000
vt 0.6649 0.4676 0.0000
vt 0.6220 0.4304 0.0000
vt 0.6206 0.4295 0.0000
vt 0.6217 0.4292 0.0000
vt 0.6204 0.4287 0.0000
vt 0.6215 0.4284 0.0000
vt 0.6657 0.4682 0.0000
vt 0.6664 0.4677 0.0000
vt 0.6324 0.4650 0.0000
vt 0.6322 0.4641 0.0000
vt 0.6334 0.4643 0.0000
vt 0.6308 0.4651 0.0000
vt 0.6306 0.4643 0.0000
vt 0.6294 0.4645 0.0000
vt 0.6291 0.4632 0.0000
vt 0.6303 0.4628 0.0000
vt 0.6299 0.4617 0.0000
vt 0.6307 0.4612 0.0000
vt 0.6310 0.4624 0.0000
vt 0.6314 0.4640 0.0000
vt 0.6321 0.4636 0.0000
vt 0.6346 0.6526 0.0000
vt 0.6335 0.6532 0.0000
vt 0.6330 0.6524 0.0000
vt 0.6355 0.6541 0.0000
vt 0.6339 0.6543 0.0000
vt 0.6338 0.6549 0.0000
vt 0.6320 0.6546 0.0000
vt 0.6325 0.6539 0.0000
vt 0.6322 0.6532 0.0000
vt 0.6842 0.6369 0.0000
vt 0.6833 0.6364 0.0000
vt 0.6831 0.6355 0.0000
vt 0.6838 0.6381 0.0000
vt 0.6831 0.6373 0.0000
vt 0.6826 0.6375 0.0000
vt 0.6824 0.6361 0.0000
vt 0.6818 0.6361 0.0000
vt 0.6822 0.6353 0.0000
vt 0.6686 0.6346 0.0000
vt 0.6685 0.6355 0.0000
vt 0.6675 0.6361 0.0000
vt 0.6696 0.6345 0.0000
vt 0.6696 0.6353 0.0000
vt 0.6702 0.6353 0.0000
vt 0.6690 0.6366 0.0000
vt 0.6696 0.6373 0.0000
vt 0.6677 0.6371 0.0000
vt 0.7100 0.6527 0.0000
vt 0.7110 0.6524 0.0000
vt 0.7108 0.6532 0.0000
vt 0.7113 0.6526 0.0000
vt 0.7113 0.6535 0.0000
vt 0.6224 0.6671 0.0000
vt 0.6231 0.6674 0.0000
vt 0.6226 0.6681 0.0000
vt 0.7103 0.6545 0.0000
vt 0.7106 0.6541 0.0000
vt 0.7097 0.6534 0.0000
vt 0.7106 0.6537 0.0000
vt 0.6414 0.6629 0.0000
vt 0.6806 0.6463 0.0000
vt 0.7041 0.6603 0.0000
vt 0.6325 0.6739 0.0000
vt 0.6815 0.6374 0.0000
vt 0.6331 0.6561 0.0000
vt 0.7084 0.6528 0.0000
vt 0.6663 0.6380 0.0000
vt 0.5557 0.4940 0.0000
vt 0.6675 0.4677 0.0000
vt 0.6332 0.4637 0.0000
vt 0.6219 0.6677 0.0000
vt 0.6693 0.6368 0.0000
vt 0.6247 0.6688 0.0000
vt 0.6841 0.6378 0.0000
vt 0.6351 0.6536 0.0000
# 283 texture coords

o Cube_011
g Cube_011
f 1567/2088/1588 1568/2089/1588 1569/2090/1588 
f 1567/2088/1588 1569/2090/1588 1570/2091/1588 
f 1567/2088/1588 1570/2091/1588 1571/2092/1588 
f 1567/2088/1588 1571/2092/1588 1572/2093/1588 
f 1567/2088/1588 1572/2093/1588 1573/2094/1588 
f 1574/2095/1589 1575/2096/1589 1576/2097/1589 
f 1576/2097/1589 1577/2098/1589 1574/2095/1589 
f 1578/2099/1588 1579/2100/1588 1580/2101/1588 
f 1580/2101/1588 1581/2102/1588 1582/2103/1588 
f 1578/2099/1588 1580/2101/1588 1582/2103/1588 
f 1578/2099/1588 1582/2103/1588 1583/2104/1588 
f 1578/2099/1588 1583/2104/1588 1584/2105/1588 
f 1585/2106/1590 1586/2107/1590 1587/2108/1590 
f 1587/2108/1590 1588/2109/1590 1585/2106/1590 
f 1589/2110/1591 1590/2111/1591 1591/2112/1591 
f 1591/2112/1591 1592/2113/1591 1589/2110/1591 
f 1593/2114/1592 1594/2115/1592 1595/2116/1592 
f 1595/2116/1592 1596/2117/1592 1593/2114/1592 
f 1597/2118/1588 1567/2119/1588 1573/2120/1588 
f 1598/2121/1588 1597/2118/1588 1573/2120/1588 
f 1599/2122/1588 1598/2121/1588 1573/2120/1588 
f 1599/2122/1588 1573/2120/1588 1583/2123/1588 
f 1582/2124/1588 1599/2122/1588 1583/2123/1588 
f 1600/2125/1593 1601/2126/1593 1602/2127/1593 
f 1602/2127/1593 1603/2128/1593 1600/2125/1593 
f 1571/2129/1588 1604/2130/1588 1605/2131/1588 
f 1605/2131/1588 1606/2132/1588 1578/2133/1588 
f 1578/2133/1588 1584/2134/1588 1572/2093/1588 
f 1605/2131/1588 1578/2133/1588 1572/2093/1588 
f 1571/2129/1588 1605/2131/1588 1572/2093/1588 
f 1607/2135/1594 1608/2136/1594 1609/2137/1594 
f 1609/2137/1594 1610/2138/1594 1607/2135/1594 
f 1611/2139/1595 1612/2140/1595 1613/2141/1595 
f 1613/2141/1595 1614/2142/1595 1611/2139/1595 
f 1615/2143/1596 1616/2144/1596 1617/2145/1596 
f 1617/2145/1596 1618/2146/1596 1615/2143/1596 
f 1619/2147/1597 1620/2148/1597 1621/2149/1597 
f 1621/2149/1597 1622/2150/1597 1619/2147/1597 
f 1623/2151/1598 1624/2152/1599 1625/2153/1600 
f 1625/2153/1600 1626/2154/1601 1623/2151/1598 
f 1627/2155/1602 1625/2153/1600 1624/2152/1599 
f 1624/2152/1599 1628/2156/1603 1627/2155/1602 
f 1627/2157/1602 1628/2158/1603 1588/2109/1604 
f 1588/2109/1604 1629/2159/1605 1627/2157/1602 
f 1630/2160/1606 1631/2161/1607 1627/2157/1602 
f 1627/2157/1602 1629/2159/1605 1630/2160/1606 
f 1630/2162/1606 1576/2097/1608 1632/2163/1609 
f 1632/2163/1609 1631/2164/1607 1630/2162/1606 
f 1632/2163/1609 1626/2165/1601 1625/2166/1600 
f 1625/2166/1600 1631/2164/1607 1632/2163/1609 
f 1625/2153/1600 1627/2155/1602 1631/2167/1607 
f 1633/2168/1610 1634/2169/1611 1635/2170/1612 
f 1635/2170/1612 1601/2126/1613 1633/2168/1610 
f 1636/2171/1614 1637/2172/1615 1634/2169/1611 
f 1634/2169/1611 1633/2168/1610 1636/2171/1614 
f 1636/2171/1614 1577/2098/1616 1638/2173/1617 
f 1638/2173/1617 1637/2172/1615 1636/2171/1614 
f 1639/2174/1618 1640/2175/1619 1637/2172/1615 
f 1637/2172/1615 1638/2173/1617 1639/2174/1618 
f 1640/2176/1619 1639/2177/1618 1587/2108/1620 
f 1587/2108/1620 1641/2178/1621 1640/2176/1619 
f 1635/2179/1612 1634/2180/1611 1640/2176/1619 
f 1640/2176/1619 1641/2178/1621 1635/2179/1612 
f 1634/2169/1611 1637/2181/1615 1640/2182/1619 
f 1642/2183/1622 1593/2114/1623 1643/2184/1624 
f 1643/2184/1624 1644/2185/1625 1642/2183/1622 
f 1645/2186/1626 1646/2187/1627 1644/2185/1625 
f 1644/2185/1625 1643/2184/1624 1645/2186/1626 
f 1647/2188/1628 1646/2187/1627 1645/2186/1626 
f 1645/2186/1626 1585/2106/1629 1647/2188/1628 
f 1648/2189/1630 1649/2190/1631 1646/2187/1627 
f 1646/2187/1627 1647/2188/1628 1648/2189/1630 
f 1650/2191/1632 1651/2192/1633 1649/2193/1631 
f 1649/2193/1631 1648/2194/1630 1650/2191/1632 
f 1651/2192/1633 1642/2183/1622 1644/2185/1625 
f 1644/2185/1625 1649/2193/1631 1651/2192/1633 
f 1644/2185/1625 1646/2195/1627 1649/2196/1631 
f 1652/2197/1634 1653/2198/1635 1654/2199/1636 
f 1654/2199/1636 1602/2127/1637 1652/2197/1634 
f 1653/2198/1635 1652/2197/1634 1655/2200/1638 
f 1655/2200/1638 1656/2201/1639 1653/2198/1635 
f 1657/2202/1640 1656/2203/1639 1655/2204/1638 
f 1655/2204/1638 1586/2107/1641 1657/2202/1640 
f 1657/2202/1640 1658/2205/1642 1659/2206/1643 
f 1659/2206/1643 1656/2203/1639 1657/2202/1640 
f 1660/2207/1644 1659/2206/1643 1658/2205/1642 
f 1658/2205/1642 1596/2117/1645 1660/2207/1644 
f 1654/2199/1636 1653/2198/1635 1659/2206/1643 
f 1659/2206/1643 1660/2207/1644 1654/2199/1636 
f 1653/2198/1635 1656/2201/1639 1659/2208/1643 
f 1594/2115/1646 1661/2209/1647 1662/2210/1648 
f 1662/2210/1648 1663/2211/1649 1594/2115/1646 
f 1662/2210/1648 1661/2209/1647 1664/2212/1650 
f 1664/2212/1650 1665/2213/1651 1662/2210/1648 
f 1665/2213/1651 1664/2212/1650 1666/2214/1652 
f 1666/2214/1652 1667/2215/1653 1665/2213/1651 
f 1668/2216/1654 1669/2217/1655 1665/2213/1651 
f 1665/2213/1651 1667/2215/1653 1668/2216/1654 
f 1571/2218/1656 1669/2217/1655 1668/2216/1654 
f 1668/2216/1654 1604/2219/1657 1571/2218/1656 
f 1570/2091/1658 1670/2220/1659 1669/2217/1655 
f 1669/2217/1655 1571/2218/1656 1570/2091/1658 
f 1570/2091/1658 1569/2090/1660 1671/2221/1661 
f 1671/2221/1661 1670/2220/1659 1570/2091/1658 
f 1671/2221/1661 1663/2211/1649 1662/2210/1648 
f 1662/2210/1648 1670/2220/1659 1671/2221/1661 
f 1669/2217/1655 1670/2220/1659 1662/2210/1648 
f 1662/2210/1648 1665/2213/1651 1669/2217/1655 
f 1672/2222/1662 1673/2223/1663 1674/2224/1664 
f 1674/2224/1664 1595/2116/1665 1672/2222/1662 
f 1673/2223/1663 1672/2222/1662 1675/2225/1666 
f 1675/2225/1666 1676/2094/1667 1673/2223/1663 
f 1676/2094/1667 1675/2225/1666 1568/2226/1668 
f 1568/2226/1668 1567/2227/1669 1676/2094/1667 
f 1597/2118/1670 1677/2228/1671 1676/2094/1667 
f 1676/2094/1667 1567/2227/1669 1597/2118/1670 
f 1597/2118/1670 1598/2121/1672 1678/2229/1673 
f 1678/2229/1673 1677/2228/1671 1597/2118/1670 
f 1677/2228/1671 1678/2229/1673 1679/2230/1674 
f 1679/2230/1674 1680/2231/1675 1677/2228/1671 
f 1681/2232/1676 1680/2231/1675 1679/2230/1674 
f 1679/2230/1674 1603/2128/1677 1681/2232/1676 
f 1673/2223/1663 1680/2231/1675 1681/2232/1676 
f 1681/2232/1676 1674/2224/1664 1673/2223/1663 
f 1677/2228/1671 1680/2231/1675 1673/2223/1663 
f 1673/2223/1663 1676/2094/1667 1677/2228/1671 
f 1682/2233/1678 1575/2096/1679 1683/2234/1680 
f 1683/2234/1680 1684/2235/1681 1682/2233/1678 
f 1685/2236/1682 1686/2237/1683 1684/2235/1681 
f 1684/2235/1681 1683/2234/1680 1685/2236/1682 
f 1685/2236/1682 1579/2238/1684 1578/2239/1685 
f 1578/2239/1685 1686/2237/1683 1685/2236/1682 
f 1606/2132/1686 1687/2240/1687 1686/2237/1683 
f 1686/2237/1683 1578/2239/1685 1606/2132/1686 
f 1606/2132/1686 1605/2131/1688 1688/2241/1689 
f 1688/2241/1689 1687/2240/1687 1606/2132/1686 
f 1688/2241/1689 1689/2242/1690 1690/2243/1691 
f 1690/2243/1691 1687/2240/1687 1688/2241/1689 
f 1690/2243/1691 1689/2242/1690 1691/2244/1692 
f 1691/2244/1692 1692/2245/1693 1690/2243/1691 
f 1684/2246/1681 1690/2243/1691 1692/2245/1693 
f 1692/2245/1693 1682/2247/1678 1684/2246/1681 
f 1686/2237/1683 1687/2237/1687 1690/2248/1691 
f 1690/2248/1691 1684/2235/1681 1686/2237/1683 
f 1693/2249/1694 1574/2095/1695 1694/2250/1696 
f 1694/2250/1696 1695/2251/1697 1693/2249/1694 
f 1696/2252/1698 1697/2253/1699 1695/2251/1697 
f 1695/2251/1697 1694/2250/1696 1696/2252/1698 
f 1696/2252/1698 1600/2125/1700 1698/2254/1701 
f 1698/2254/1701 1697/2253/1699 1696/2252/1698 
f 1699/2255/1702 1700/2256/1703 1697/2253/1699 
f 1697/2253/1699 1698/2254/1701 1699/2255/1702 
f 1699/2255/1702 1599/2257/1704 1582/2123/1705 
f 1582/2123/1705 1700/2256/1703 1699/2255/1702 
f 1581/2102/1706 1701/2258/1707 1700/2256/1703 
f 1700/2256/1703 1582/2123/1705 1581/2102/1706 
f 1701/2258/1707 1581/2102/1706 1580/2101/1708 
f 1580/2101/1708 1702/2259/1709 1701/2258/1707 
f 1693/2249/1694 1695/2251/1697 1701/2258/1707 
f 1701/2258/1707 1702/2259/1709 1693/2249/1694 
f 1695/2251/1697 1697/2253/1699 1700/2256/1703 
f 1700/2256/1703 1701/2258/1707 1695/2251/1697 
f 1703/2260/1710 1704/2261/1711 1591/2112/1712 
f 1591/2112/1712 1705/2262/1713 1703/2260/1710 
f 1706/2263/1714 1707/2264/1715 1703/2260/1710 
f 1703/2260/1710 1705/2262/1713 1706/2263/1714 
f 1706/2265/1714 1617/2145/1716 1708/2266/1717 
f 1708/2266/1717 1707/2267/1715 1706/2265/1714 
f 1707/2267/1715 1708/2266/1717 1709/2268/1718 
f 1709/2268/1718 1710/2269/1719 1707/2267/1715 
f 1709/2268/1718 1609/2137/1720 1711/2270/1721 
f 1711/2270/1721 1710/2269/1719 1709/2268/1718 
f 1711/2270/1721 1704/2261/1711 1703/2260/1710 
f 1703/2260/1710 1710/2269/1719 1711/2270/1721 
f 1703/2260/1710 1707/2264/1715 1710/2271/1719 
f 1712/2272/1722 1713/2273/1723 1590/2111/1724 
f 1590/2111/1724 1714/2274/1725 1712/2272/1722 
f 1714/2274/1725 1715/2275/1726 1716/2276/1727 
f 1716/2276/1727 1712/2272/1722 1714/2274/1725 
f 1717/2277/1728 1716/2278/1727 1715/2279/1726 
f 1715/2279/1726 1620/2148/1729 1717/2277/1728 
f 1718/2280/1730 1719/2281/1731 1716/2278/1727 
f 1716/2278/1727 1717/2277/1728 1718/2280/1730 
f 1718/2282/1730 1618/2146/1732 1720/2283/1733 
f 1720/2283/1733 1719/2284/1731 1718/2282/1730 
f 1720/2283/1733 1713/2285/1723 1712/2286/1722 
f 1712/2286/1722 1719/2284/1731 1720/2283/1733 
f 1712/2272/1722 1716/2276/1727 1719/2287/1731 
f 1721/2288/1734 1722/2289/1735 1723/2290/1736 
f 1723/2290/1736 1619/2147/1737 1721/2288/1734 
f 1724/2291/1738 1725/2292/1739 1722/2289/1735 
f 1722/2289/1735 1721/2288/1734 1724/2291/1738 
f 1725/2292/1739 1724/2291/1738 1611/2139/1740 
f 1611/2139/1740 1726/2293/1741 1725/2292/1739 
f 1727/2294/1742 1728/2295/1743 1725/2292/1739 
f 1725/2292/1739 1726/2293/1741 1727/2294/1742 
f 1727/2296/1742 1615/2143/1744 1729/2297/1745 
f 1729/2297/1745 1728/2298/1743 1727/2296/1742 
f 1729/2297/1745 1723/2299/1736 1722/2300/1735 
f 1722/2300/1735 1728/2298/1743 1729/2297/1745 
f 1722/2289/1735 1725/2301/1739 1728/2302/1743 
f 1730/2303/1746 1731/2304/1747 1732/2305/1748 
f 1732/2305/1748 1614/2142/1749 1730/2303/1746 
f 1733/2306/1750 1734/2307/1751 1731/2304/1747 
f 1731/2304/1747 1730/2303/1746 1733/2306/1750 
f 1735/2308/1752 1734/2307/1751 1733/2306/1750 
f 1733/2306/1750 1610/2138/1753 1735/2308/1752 
f 1736/2309/1754 1737/2310/1755 1734/2307/1751 
f 1734/2307/1751 1735/2308/1752 1736/2309/1754 
f 1736/2309/1754 1616/2144/1756 1738/2311/1757 
f 1738/2311/1757 1737/2310/1755 1736/2309/1754 
f 1732/2312/1748 1731/2313/1747 1737/2310/1755 
f 1737/2310/1755 1738/2311/1757 1732/2312/1748 
f 1731/2304/1747 1734/2314/1751 1737/2315/1755 
f 1608/2136/1758 1739/2316/1759 1740/2317/1760 
f 1740/2317/1760 1741/2318/1761 1608/2136/1758 
f 1739/2316/1759 1742/2319/1762 1743/2320/1763 
f 1743/2320/1763 1740/2317/1760 1739/2316/1759 
f 1744/2321/1764 1743/2320/1763 1742/2319/1762 
f 1742/2319/1762 1572/2093/1765 1744/2321/1764 
f 1744/2321/1764 1745/2322/1766 1746/2323/1767 
f 1746/2323/1767 1743/2320/1763 1744/2321/1764 
f 1747/2324/1768 1746/2323/1767 1745/2322/1766 
f 1745/2322/1766 1592/2113/1769 1747/2324/1768 
f 1747/2324/1768 1741/2318/1761 1740/2317/1760 
f 1740/2317/1760 1746/2323/1767 1747/2324/1768 
f 1740/2317/1760 1743/2320/1763 1746/2323/1767 
f 1748/2325/1770 1749/2326/1771 1750/2327/1772 
f 1750/2327/1772 1622/2150/1773 1748/2325/1770 
f 1749/2326/1771 1748/2325/1770 1751/2328/1774 
f 1751/2328/1774 1752/2329/1775 1749/2326/1771 
f 1753/2330/1776 1752/2329/1775 1751/2328/1774 
f 1751/2328/1774 1583/2123/1777 1753/2330/1776 
f 1754/2331/1778 1752/2329/1775 1753/2330/1776 
f 1753/2330/1776 1755/2332/1779 1754/2331/1778 
f 1754/2331/1778 1755/2332/1779 1612/2140/1780 
f 1612/2140/1780 1756/2333/1781 1754/2331/1778 
f 1756/2333/1781 1750/2327/1772 1749/2326/1771 
f 1749/2326/1771 1754/2331/1778 1756/2333/1781 
f 1749/2326/1771 1752/2329/1775 1754/2331/1778 
f 1757/2334/1782 1758/2335/1783 1759/2336/1784 
f 1759/2336/1784 1607/2135/1785 1757/2334/1782 
f 1758/2335/1783 1757/2334/1782 1760/2337/1786 
f 1760/2337/1786 1761/2338/1787 1758/2335/1783 
f 1761/2338/1787 1760/2337/1786 1613/2141/1788 
f 1613/2141/1788 1762/2339/1789 1761/2338/1787 
f 1763/2340/1790 1761/2338/1787 1762/2339/1789 
f 1762/2339/1789 1764/2341/1791 1763/2340/1790 
f 1763/2340/1790 1764/2341/1791 1573/2094/1792 
f 1573/2094/1792 1765/2342/1793 1763/2340/1790 
f 1765/2342/1793 1759/2336/1784 1758/2335/1783 
f 1758/2335/1783 1763/2340/1790 1765/2342/1793 
f 1758/2335/1783 1761/2338/1787 1763/2340/1790 
f 1766/2343/1794 1621/2149/1795 1767/2344/1796 
f 1767/2344/1796 1768/2345/1797 1766/2343/1794 
f 1768/2345/1797 1767/2344/1796 1769/2346/1798 
f 1769/2346/1798 1770/2347/1799 1768/2345/1797 
f 1769/2348/1798 1589/2110/1800 1771/2349/1801 
f 1771/2349/1801 1770/2350/1799 1769/2348/1798 
f 1770/2350/1799 1771/2349/1801 1772/2351/1802 
f 1772/2351/1802 1773/2352/1803 1770/2350/1799 
f 1773/2352/1803 1772/2351/1802 1584/2105/1804 
f 1584/2105/1804 1774/2353/1805 1773/2352/1803 
f 1774/2353/1805 1766/2343/1794 1768/2345/1797 
f 1768/2345/1797 1773/2352/1803 1774/2353/1805 
f 1768/2345/1797 1770/2347/1799 1773/2354/1803 
f 1603/2128/1677 1602/2127/1637 1654/2199/1636 
f 1654/2199/1636 1681/2232/1676 1603/2128/1677 
f 1654/2199/1636 1660/2207/1644 1674/2224/1664 
f 1674/2224/1664 1681/2232/1676 1654/2199/1636 
f 1674/2224/1664 1660/2207/1644 1596/2117/1645 
f 1596/2117/1645 1595/2116/1665 1674/2224/1664 
f 1586/2107/1641 1585/2106/1629 1645/2186/1626 
f 1645/2186/1626 1657/2202/1640 1586/2107/1641 
f 1645/2186/1626 1643/2184/1624 1658/2205/1642 
f 1658/2205/1642 1657/2202/1640 1645/2186/1626 
f 1596/2117/1645 1658/2205/1642 1643/2184/1624 
f 1643/2184/1624 1593/2114/1623 1596/2117/1645 
f 1648/2194/1630 1624/2152/1599 1623/2151/1598 
f 1623/2151/1598 1650/2191/1632 1648/2194/1630 
f 1628/2156/1603 1624/2152/1599 1648/2194/1630 
f 1648/2194/1630 1647/2355/1628 1628/2156/1603 
f 1628/2158/1603 1647/2188/1628 1585/2106/1629 
f 1585/2106/1629 1588/2109/1604 1628/2158/1603 
f 1601/2126/1613 1635/2170/1612 1652/2197/1634 
f 1652/2197/1634 1602/2127/1637 1601/2126/1613 
f 1652/2197/1634 1635/2170/1612 1641/2356/1621 
f 1641/2356/1621 1655/2200/1638 1652/2197/1634 
f 1655/2204/1638 1641/2178/1621 1587/2108/1620 
f 1587/2108/1620 1586/2107/1641 1655/2204/1638 
f 1577/2098/1616 1576/2097/1608 1630/2162/1606 
f 1630/2162/1606 1638/2173/1617 1577/2098/1616 
f 1638/2173/1617 1630/2162/1606 1629/2357/1605 
f 1629/2357/1605 1639/2174/1618 1638/2173/1617 
f 1629/2159/1605 1588/2109/1604 1587/2108/1620 
f 1587/2108/1620 1639/2177/1618 1629/2159/1605 
f 1692/2245/1693 1691/2244/1692 1623/2151/1598 
f 1623/2151/1598 1626/2154/1601 1692/2245/1693 
f 1626/2154/1601 1632/2358/1609 1682/2247/1678 
f 1682/2247/1678 1692/2245/1693 1626/2154/1601 
f 1682/2233/1678 1632/2163/1609 1576/2097/1608 
f 1576/2097/1608 1575/2096/1679 1682/2233/1678 
f 1651/2192/1633 1650/2191/1632 1666/2214/1652 
f 1666/2214/1652 1664/2212/1650 1651/2192/1633 
f 1664/2212/1650 1661/2209/1647 1642/2183/1622 
f 1642/2183/1622 1651/2192/1633 1664/2212/1650 
f 1661/2209/1647 1594/2115/1646 1593/2114/1623 
f 1593/2114/1623 1642/2183/1622 1661/2209/1647 
f 1601/2126/1613 1600/2125/1700 1696/2252/1698 
f 1696/2252/1698 1633/2168/1610 1601/2126/1613 
f 1696/2252/1698 1694/2250/1696 1636/2171/1614 
f 1636/2171/1614 1633/2168/1610 1696/2252/1698 
f 1577/2098/1616 1636/2171/1614 1694/2250/1696 
f 1694/2250/1696 1574/2095/1695 1577/2098/1616 
f 1678/2229/1673 1598/2121/1672 1599/2122/1704 
f 1599/2122/1704 1699/2359/1702 1678/2229/1673 
f 1678/2229/1673 1699/2359/1702 1698/2254/1701 
f 1698/2254/1701 1679/2230/1674 1678/2229/1673 
f 1603/2128/1677 1679/2230/1674 1698/2254/1701 
f 1698/2254/1701 1600/2125/1700 1603/2128/1677 
f 1667/2215/1653 1666/2214/1652 1691/2244/1692 
f 1691/2244/1692 1689/2242/1690 1667/2215/1653 
f 1689/2242/1690 1688/2241/1689 1668/2360/1654 
f 1668/2360/1654 1667/2215/1653 1689/2242/1690 
f 1668/2360/1654 1688/2241/1689 1605/2131/1688 
f 1605/2131/1688 1604/2130/1657 1668/2360/1654 
f 1580/2101/1708 1579/2100/1684 1685/2361/1682 
f 1685/2361/1682 1702/2259/1709 1580/2101/1708 
f 1683/2234/1680 1693/2249/1694 1702/2259/1709 
f 1702/2259/1709 1685/2361/1682 1683/2234/1680 
f 1693/2249/1694 1683/2234/1680 1575/2096/1679 
f 1575/2096/1679 1574/2095/1695 1693/2249/1694 
f 1594/2115/1646 1663/2211/1649 1672/2222/1662 
f 1672/2222/1662 1595/2116/1665 1594/2115/1646 
f 1663/2211/1649 1671/2221/1661 1675/2362/1666 
f 1675/2362/1666 1672/2222/1662 1663/2211/1649 
f 1671/2221/1661 1569/2090/1660 1568/2089/1668 
f 1568/2089/1668 1675/2362/1666 1671/2221/1661 
f 1590/2111/1724 1713/2273/1723 1705/2262/1713 
f 1705/2262/1713 1591/2112/1712 1590/2111/1724 
f 1713/2273/1723 1720/2363/1733 1706/2263/1714 
f 1706/2263/1714 1705/2262/1713 1713/2273/1723 
f 1706/2265/1714 1720/2283/1733 1618/2146/1732 
f 1618/2146/1732 1617/2145/1716 1706/2265/1714 
f 1619/2147/1737 1723/2290/1736 1717/2277/1728 
f 1717/2277/1728 1620/2148/1729 1619/2147/1737 
f 1729/2364/1745 1718/2280/1730 1717/2277/1728 
f 1717/2277/1728 1723/2290/1736 1729/2364/1745 
f 1718/2282/1730 1729/2297/1745 1615/2143/1744 
f 1615/2143/1744 1618/2146/1732 1718/2282/1730 
f 1614/2142/1749 1732/2305/1748 1726/2293/1741 
f 1726/2293/1741 1611/2139/1740 1614/2142/1749 
f 1726/2293/1741 1732/2305/1748 1738/2365/1757 
f 1738/2365/1757 1727/2294/1742 1726/2293/1741 
f 1615/2143/1744 1727/2296/1742 1738/2311/1757 
f 1738/2311/1757 1616/2144/1756 1615/2143/1744 
f 1709/2268/1718 1735/2308/1752 1610/2138/1753 
f 1610/2138/1753 1609/2137/1720 1709/2268/1718 
f 1735/2308/1752 1709/2268/1718 1708/2266/1717 
f 1708/2266/1717 1736/2309/1754 1735/2308/1752 
f 1616/2144/1756 1736/2309/1754 1708/2266/1717 
f 1708/2266/1717 1617/2145/1716 1616/2144/1756 
f 1704/2261/1711 1747/2324/1768 1592/2113/1769 
f 1592/2113/1769 1591/2112/1712 1704/2261/1711 
f 1741/2318/1761 1747/2324/1768 1704/2261/1711 
f 1704/2261/1711 1711/2270/1721 1741/2318/1761 
f 1609/2137/1720 1608/2136/1758 1741/2318/1761 
f 1741/2318/1761 1711/2270/1721 1609/2137/1720 
f 1612/2140/1780 1611/2139/1740 1724/2291/1738 
f 1724/2291/1738 1756/2333/1781 1612/2140/1780 
f 1724/2291/1738 1721/2288/1734 1750/2327/1772 
f 1750/2327/1772 1756/2333/1781 1724/2291/1738 
f 1750/2327/1772 1721/2288/1734 1619/2147/1737 
f 1619/2147/1737 1622/2150/1773 1750/2327/1772 
f 1760/2337/1786 1730/2303/1746 1614/2142/1749 
f 1614/2142/1749 1613/2141/1788 1760/2337/1786 
f 1757/2334/1782 1733/2306/1750 1730/2303/1746 
f 1730/2303/1746 1760/2337/1786 1757/2334/1782 
f 1733/2306/1750 1757/2334/1782 1607/2135/1785 
f 1607/2135/1785 1610/2138/1753 1733/2306/1750 
f 1589/2110/1800 1769/2348/1798 1714/2274/1725 
f 1714/2274/1725 1590/2111/1724 1589/2110/1800 
f 1714/2274/1725 1769/2348/1798 1767/2366/1796 
f 1767/2366/1796 1715/2275/1726 1714/2274/1725 
f 1715/2279/1726 1767/2344/1796 1621/2149/1795 
f 1621/2149/1795 1620/2148/1729 1715/2279/1726 
f 1613/2141/1788 1612/2140/1780 1755/2332/1779 
f 1755/2332/1779 1762/2339/1789 1613/2141/1788 
f 1762/2339/1789 1755/2332/1779 1753/2330/1776 
f 1753/2330/1776 1764/2367/1791 1762/2339/1789 
f 1764/2367/1791 1753/2330/1776 1583/2123/1777 
f 1583/2123/1777 1573/2120/1792 1764/2367/1791 
f 1572/2093/1765 1584/2134/1804 1772/2368/1802 
f 1772/2368/1802 1744/2321/1764 1572/2093/1765 
f 1771/2349/1801 1745/2322/1766 1744/2321/1764 
f 1744/2321/1764 1772/2368/1802 1771/2349/1801 
f 1771/2349/1801 1589/2110/1800 1592/2113/1769 
f 1592/2113/1769 1745/2322/1766 1771/2349/1801 
f 1622/2150/1773 1621/2149/1795 1766/2343/1794 
f 1766/2343/1794 1748/2325/1770 1622/2150/1773 
f 1766/2343/1794 1774/2353/1805 1751/2369/1774 
f 1751/2369/1774 1748/2325/1770 1766/2343/1794 
f 1751/2369/1774 1774/2353/1805 1584/2105/1804 
f 1584/2105/1804 1583/2104/1777 1751/2369/1774 
f 1573/2094/1792 1572/2093/1765 1742/2370/1762 
f 1742/2370/1762 1765/2342/1793 1573/2094/1792 
f 1765/2342/1793 1742/2370/1762 1739/2316/1759 
f 1739/2316/1759 1759/2336/1784 1765/2342/1793 
f 1608/2136/1758 1607/2135/1785 1759/2336/1784 
f 1759/2336/1784 1739/2316/1759 1608/2136/1758 
f 1666/2214/1806 1650/2191/1806 1623/2151/1806 
f 1623/2151/1806 1691/2244/1806 1666/2214/1806 
# 412 faces

#
# object Cylinder_016_Cylinder_018
#

v  -0.2576 1.2753 -2.6211
v  -0.2575 1.2905 -2.6158
v  -0.2538 1.2979 -2.6371
v  -0.2538 1.2827 -2.6424
v  -0.2269 1.2947 -2.6769
v  -0.2268 1.3099 -2.6716
v  -0.2063 1.3132 -2.6813
v  -0.2063 1.2980 -2.6866
v  -0.1836 1.3143 -2.6845
v  -0.1836 1.2991 -2.6898
v  -0.1609 1.3131 -2.6810
v  -0.1610 1.2979 -2.6863
v  -0.1406 1.2944 -2.6763
v  -0.1406 1.3096 -2.6710
v  -0.1244 1.3042 -2.6556
v  -0.1245 1.2890 -2.6609
v  -0.1142 1.2974 -2.6362
v  -0.1142 1.2822 -2.6414
v  -0.1108 1.2900 -2.6147
v  -0.1108 1.2748 -2.6200
v  -0.1145 1.2673 -2.5986
v  -0.1146 1.2825 -2.5933
v  -0.1251 1.2759 -2.5741
v  -0.1252 1.2606 -2.5794
v  -0.1415 1.2706 -2.5589
v  -0.1415 1.2554 -2.5641
v  -0.1620 1.2672 -2.5492
v  -0.1621 1.2520 -2.5545
v  -0.1848 1.2509 -2.5512
v  -0.1847 1.2661 -2.5459
v  -0.2074 1.2674 -2.5495
v  -0.2075 1.2522 -2.5548
v  -0.2278 1.2557 -2.5647
v  -0.2277 1.2709 -2.5594
v  -0.2439 1.2611 -2.5803
v  -0.2439 1.2763 -2.5750
v  -0.2542 1.2830 -2.5943
v  -0.2541 1.2678 -2.5996
v  -0.2432 1.3046 -2.6565
v  -0.2432 1.2894 -2.6617
v  -0.2513 1.3100 -2.6321
v  -0.2411 1.3164 -2.6506
v  -0.2441 1.3196 -2.6263
v  -0.2350 1.3254 -2.6428
v  -0.2336 1.3254 -2.6205
v  -0.2261 1.3302 -2.6341
v  -0.2210 1.3265 -2.6157
v  -0.2154 1.3300 -2.6259
v  -0.2253 1.3215 -2.6653
v  -0.2209 1.3299 -2.6560
v  -0.2144 1.3339 -2.6450
v  -0.2068 1.3328 -2.6339
v  -0.2055 1.3247 -2.6747
v  -0.2033 1.3328 -2.6643
v  -0.1999 1.3363 -2.6518
v  -0.1958 1.3346 -2.6391
v  -0.1836 1.3258 -2.6778
v  -0.1836 1.3338 -2.6671
v  -0.1837 1.3371 -2.6541
v  -0.1838 1.3352 -2.6408
v  -0.1618 1.3246 -2.6744
v  -0.1642 1.3327 -2.6641
v  -0.1677 1.3362 -2.6516
v  -0.1718 1.3345 -2.6389
v  -0.1422 1.3212 -2.6647
v  -0.1465 1.3297 -2.6554
v  -0.1532 1.3337 -2.6445
v  -0.1611 1.3327 -2.6337
v  -0.1266 1.3160 -2.6498
v  -0.1326 1.3250 -2.6421
v  -0.1418 1.3299 -2.6335
v  -0.1525 1.3298 -2.6254
v  -0.1167 1.3095 -2.6311
v  -0.1238 1.3192 -2.6254
v  -0.1345 1.3251 -2.6198
v  -0.1470 1.3262 -2.6151
v  -0.1135 1.3023 -2.6105
v  -0.1209 1.3128 -2.6069
v  -0.1321 1.3198 -2.6045
v  -0.1453 1.3223 -2.6037
v  -0.1170 1.2951 -2.5898
v  -0.1241 1.3063 -2.5885
v  -0.1347 1.3145 -2.5894
v  -0.1473 1.3183 -2.5925
v  -0.1272 1.2887 -2.5713
v  -0.1332 1.3006 -2.5718
v  -0.1422 1.3098 -2.5757
v  -0.1529 1.3148 -2.5822
v  -0.1431 1.2836 -2.5566
v  -0.1473 1.2960 -2.5587
v  -0.1539 1.3060 -2.5649
v  -0.1615 1.3120 -2.5742
v  -0.1628 1.2804 -2.5473
v  -0.1651 1.2931 -2.5504
v  -0.1684 1.3036 -2.5580
v  -0.1725 1.3102 -2.5690
v  -0.1848 1.2793 -2.5441
v  -0.1846 1.2922 -2.5475
v  -0.1846 1.3028 -2.5557
v  -0.1845 1.3096 -2.5673
v  -0.2065 1.2805 -2.5476
v  -0.2042 1.2933 -2.5507
v  -0.2006 1.3037 -2.5582
v  -0.1965 1.3103 -2.5692
v  -0.2263 1.2839 -2.5572
v  -0.2217 1.2963 -2.5593
v  -0.2151 1.3062 -2.5654
v  -0.2072 1.3122 -2.5745
v  -0.2417 1.2891 -2.5721
v  -0.2356 1.3009 -2.5726
v  -0.2265 1.3100 -2.5763
v  -0.2158 1.3150 -2.5827
v  -0.2516 1.2956 -2.5908
v  -0.2445 1.3068 -2.5893
v  -0.2338 1.3148 -2.5901
v  -0.2212 1.3186 -2.5930
v  -0.2550 1.3028 -2.6115
v  -0.2475 1.3132 -2.6078
v  -0.2362 1.3201 -2.6053
v  -0.2230 1.3225 -2.6043
v  0.2664 1.2961 -2.6333
v  0.2698 1.2886 -2.6119
v  0.2698 1.2734 -2.6172
v  0.2664 1.2809 -2.6386
v  0.2197 1.3117 -2.6781
v  0.2401 1.3082 -2.6682
v  0.2400 1.2930 -2.6735
v  0.2197 1.2965 -2.6834
v  0.1970 1.2978 -2.6870
v  0.1971 1.3130 -2.6817
v  0.1744 1.3119 -2.6785
v  0.1743 1.2967 -2.6838
v  0.1538 1.2933 -2.6741
v  0.1538 1.3085 -2.6688
v  0.1374 1.2881 -2.6589
v  0.1375 1.3033 -2.6536
v  0.1268 1.2814 -2.6396
v  0.1268 1.2966 -2.6344
v  0.1231 1.2891 -2.6129
v  0.1230 1.2739 -2.6182
v  0.1264 1.2665 -2.5968
v  0.1264 1.2817 -2.5915
v  0.1367 1.2597 -2.5774
v  0.1367 1.2749 -2.5721
v  0.1528 1.2543 -2.5619
v  0.1528 1.2695 -2.5567
v  0.1731 1.2508 -2.5520
v  0.1732 1.2660 -2.5467
v  0.1958 1.2496 -2.5484
v  0.1959 1.2648 -2.5431
v  0.2185 1.2507 -2.5516
v  0.2185 1.2659 -2.5463
v  0.2390 1.2692 -2.5560
v  0.2391 1.2540 -2.5613
v  0.2554 1.2593 -2.5766
v  0.2555 1.2745 -2.5713
v  0.2660 1.2660 -2.5958
v  0.2660 1.2812 -2.5905
v  0.2561 1.2876 -2.6580
v  0.2562 1.3028 -2.6528
v  0.2540 1.3146 -2.6470
v  0.2639 1.3081 -2.6283
v  0.2480 1.3237 -2.6392
v  0.2567 1.3178 -2.6225
v  0.2388 1.3285 -2.6307
v  0.2461 1.3237 -2.6169
v  0.2281 1.3284 -2.6226
v  0.2336 1.3249 -2.6123
v  0.2385 1.3198 -2.6619
v  0.2341 1.3283 -2.6526
v  0.2274 1.3323 -2.6417
v  0.2196 1.3313 -2.6307
v  0.2189 1.3232 -2.6715
v  0.2165 1.3313 -2.6611
v  0.2129 1.3348 -2.6488
v  0.2087 1.3332 -2.6361
v  0.1970 1.3244 -2.6750
v  0.1970 1.3324 -2.6643
v  0.1969 1.3357 -2.6513
v  0.1968 1.3338 -2.6380
v  0.1751 1.3234 -2.6719
v  0.1774 1.3315 -2.6615
v  0.1807 1.3349 -2.6490
v  0.1847 1.3332 -2.6363
v  0.1553 1.3201 -2.6625
v  0.1597 1.3286 -2.6532
v  0.1662 1.3326 -2.6421
v  0.1739 1.3315 -2.6312
v  0.1395 1.3151 -2.6478
v  0.1456 1.3240 -2.6401
v  0.1546 1.3288 -2.6313
v  0.1651 1.3287 -2.6230
v  0.1293 1.3086 -2.6293
v  0.1364 1.3183 -2.6234
v  0.1470 1.3241 -2.6177
v  0.1596 1.3251 -2.6129
v  0.1256 1.3014 -2.6087
v  0.1332 1.3119 -2.6050
v  0.1444 1.3188 -2.6025
v  0.1576 1.3212 -2.6015
v  0.1290 1.2943 -2.5880
v  0.1361 1.3054 -2.5865
v  0.1468 1.3135 -2.5873
v  0.1594 1.3172 -2.5902
v  0.1388 1.2877 -2.5693
v  0.1449 1.2996 -2.5698
v  0.1541 1.3087 -2.5735
v  0.1648 1.3137 -2.5798
v  0.1543 1.2825 -2.5544
v  0.1589 1.2949 -2.5565
v  0.1655 1.3049 -2.5625
v  0.1734 1.3108 -2.5717
v  0.1740 1.2792 -2.5448
v  0.1764 1.2919 -2.5478
v  0.1799 1.3024 -2.5554
v  0.1841 1.3089 -2.5664
v  0.1958 1.2779 -2.5413
v  0.1960 1.2908 -2.5447
v  0.1960 1.3015 -2.5529
v  0.1961 1.3083 -2.5645
v  0.2178 1.2790 -2.5444
v  0.2155 1.2918 -2.5476
v  0.2121 1.3023 -2.5552
v  0.2081 1.3089 -2.5662
v  0.2375 1.2822 -2.5538
v  0.2332 1.2947 -2.5559
v  0.2267 1.3047 -2.5621
v  0.2191 1.3106 -2.5713
v  0.2533 1.2873 -2.5684
v  0.2473 1.2992 -2.5690
v  0.2384 1.3084 -2.5729
v  0.2277 1.3134 -2.5794
v  0.2636 1.2938 -2.5870
v  0.2565 1.3050 -2.5855
v  0.2459 1.3131 -2.5865
v  0.2333 1.3170 -2.5896
v  0.2672 1.3009 -2.6076
v  0.2597 1.3114 -2.6040
v  0.2486 1.3184 -2.6017
v  0.2354 1.3209 -2.6009
# 240 vertices

vn -1.0000 0.0035 -0.0072
vn -0.9951 0.0962 0.0251
vn -0.9439 0.1971 -0.2650
vn -0.9485 0.1048 -0.2988
vn -0.5813 0.2678 -0.7683
vn -0.5784 0.3593 -0.7323
vn -0.2999 0.4048 -0.8639
vn -0.3014 0.3135 -0.9005
vn 0.0080 0.4197 -0.9077
vn 0.0080 0.3285 -0.9445
vn 0.3151 0.4026 -0.8594
vn 0.3166 0.3113 -0.8960
vn 0.5942 0.2637 -0.7598
vn 0.5915 0.3552 -0.7239
vn 0.8098 0.2821 -0.5144
vn 0.8137 0.1902 -0.5493
vn 0.9490 0.1905 -0.2514
vn 0.9535 0.0982 -0.2850
vn 0.9952 0.0894 0.0395
vn 1.0000 -0.0035 0.0072
vn 0.9485 -0.1048 0.2988
vn 0.9441 -0.0116 0.3296
vn 0.8004 -0.1022 0.5906
vn 0.8043 -0.1959 0.5610
vn 0.5786 -0.1737 0.7969
vn 0.5812 -0.2678 0.7683
vn 0.3000 -0.2192 0.9285
vn 0.3014 -0.3135 0.9005
vn -0.0080 -0.3285 0.9445
vn -0.0078 -0.2341 0.9722
vn -0.3150 -0.2170 0.9240
vn -0.3166 -0.3113 0.8960
vn -0.5942 -0.2637 0.7598
vn -0.5913 -0.1696 0.7884
vn -0.8137 -0.1902 0.5493
vn -0.8096 -0.0965 0.5789
vn -0.9488 -0.0049 0.3159
vn -0.9535 -0.0982 0.2850
vn -0.8003 0.2878 -0.5261
vn -0.8043 0.1959 -0.5610
vn -0.0010 -0.9445 -0.3285
vn -0.8772 0.4555 -0.1517
vn -0.7438 0.5398 -0.3943
vn -0.6753 0.7373 0.0176
vn -0.5725 0.8022 -0.1694
vn -0.3741 0.9090 0.1836
vn -0.3170 0.9450 0.0799
vn -0.1000 0.9503 0.2949
vn -0.0847 0.9600 0.2669
vn -0.5374 0.6063 -0.5861
vn -0.4137 0.8535 -0.3171
vn -0.2289 0.9734 -0.0020
vn -0.0610 0.9676 0.2449
vn -0.2785 0.6485 -0.7084
vn -0.2141 0.8860 -0.4113
vn -0.1183 0.9915 -0.0542
vn -0.0311 0.9725 0.2308
vn 0.0078 0.6624 -0.7491
vn 0.0064 0.8967 -0.4427
vn 0.0040 0.9974 -0.0716
vn 0.0018 0.9741 0.2261
vn 0.2932 0.6466 -0.7042
vn 0.2263 0.8845 -0.4080
vn 0.1260 0.9907 -0.0525
vn 0.0347 0.9723 0.2313
vn 0.5500 0.6025 -0.5782
vn 0.4241 0.8505 -0.3111
vn 0.2358 0.9719 0.0014
vn 0.0641 0.9672 0.2458
vn 0.7531 0.5345 -0.3835
vn 0.5804 0.7981 -0.1610
vn 0.3225 0.9428 0.0846
vn 0.0875 0.9594 0.2682
vn 0.8825 0.4494 -0.1389
vn 0.6801 0.7326 0.0274
vn 0.3777 0.9064 0.1891
vn 0.1024 0.9496 0.2963
vn 0.9254 0.3553 0.1314
vn 0.7133 0.6602 0.2356
vn 0.3961 0.8662 0.3047
vn 0.1073 0.9388 0.3274
vn 0.8778 0.2616 0.4011
vn 0.6766 0.5879 0.4433
vn 0.3758 0.8262 0.4198
vn 0.1018 0.9280 0.3585
vn 0.7444 0.1773 0.6438
vn 0.5738 0.5230 0.6303
vn 0.3187 0.7902 0.5235
vn 0.0865 0.9183 0.3864
vn 0.5381 0.1108 0.8355
vn 0.4149 0.4718 0.7780
vn 0.2306 0.7618 0.6054
vn 0.0628 0.9107 0.4084
vn 0.2792 0.0686 0.9578
vn 0.2155 0.4392 0.8721
vn 0.1199 0.7437 0.6577
vn 0.0330 0.9058 0.4225
vn -0.0070 0.0547 0.9985
vn -0.0051 0.4285 0.9035
vn -0.0023 0.7378 0.6751
vn 0.0000 0.9042 0.4271
vn -0.2926 0.0705 0.9537
vn -0.2250 0.4408 0.8690
vn -0.1243 0.7445 0.6559
vn -0.0328 0.9060 0.4220
vn -0.5494 0.1146 0.8276
vn -0.4228 0.4747 0.7720
vn -0.2341 0.7633 0.6021
vn -0.0623 0.9111 0.4074
vn -0.7524 0.1826 0.6329
vn -0.5791 0.5270 0.6219
vn -0.3208 0.7924 0.5188
vn -0.0857 0.9189 0.3851
vn -0.8818 0.2677 0.3884
vn -0.6788 0.5926 0.4336
vn -0.3761 0.8288 0.4144
vn -0.1006 0.9287 0.3570
vn -0.9247 0.3618 0.1180
vn -0.7119 0.6651 0.2253
vn -0.3944 0.8690 0.2989
vn -0.1055 0.9395 0.3258
vn 0.9491 0.1903 -0.2510
vn 0.9952 0.0892 0.0399
vn 1.0000 -0.0037 0.0076
vn 0.9536 0.0980 -0.2846
vn 0.3155 0.4026 -0.8593
vn 0.5918 0.3551 -0.7236
vn 0.5946 0.2636 -0.7596
vn 0.3170 0.3113 -0.8959
vn 0.0084 0.3285 -0.9445
vn 0.0084 0.4197 -0.9077
vn -0.2995 0.4048 -0.8639
vn -0.3010 0.3135 -0.9006
vn -0.5809 0.2679 -0.7685
vn -0.5781 0.3594 -0.7326
vn -0.8041 0.1960 -0.5613
vn -0.8001 0.2879 -0.5264
vn -0.9484 0.1050 -0.2992
vn -0.9438 0.1973 -0.2654
vn -0.9951 0.0964 0.0247
vn -1.0000 0.0037 -0.0076
vn -0.9536 -0.0980 0.2846
vn -0.9489 -0.0048 0.3155
vn -0.8139 -0.1901 0.5490
vn -0.8098 -0.0964 0.5786
vn -0.5945 -0.2636 0.7596
vn -0.5916 -0.1695 0.7882
vn -0.3170 -0.3113 0.8959
vn -0.3154 -0.2170 0.9239
vn -0.0084 -0.3285 0.9445
vn -0.0082 -0.2341 0.9722
vn 0.3010 -0.3135 0.9006
vn 0.2996 -0.2192 0.9286
vn 0.5783 -0.1738 0.7971
vn 0.5809 -0.2679 0.7685
vn 0.8041 -0.1960 0.5613
vn 0.8002 -0.1023 0.5909
vn 0.9484 -0.1050 0.2991
vn 0.9440 -0.0117 0.3299
vn 0.8139 0.1901 -0.5490
vn 0.8100 0.2820 -0.5141
vn 0.7534 0.5344 -0.3832
vn 0.8826 0.4493 -0.1386
vn 0.5806 0.7981 -0.1608
vn 0.6802 0.7325 0.0277
vn 0.3226 0.9428 0.0847
vn 0.3777 0.9064 0.1892
vn 0.1024 0.9495 0.2964
vn 0.5503 0.6025 -0.5780
vn 0.4243 0.8505 -0.3109
vn 0.2359 0.9718 0.0015
vn 0.0642 0.9672 0.2458
vn 0.2936 0.6465 -0.7041
vn 0.2266 0.8844 -0.4080
vn 0.1261 0.9907 -0.0524
vn 0.0082 0.6624 -0.7491
vn 0.0066 0.8967 -0.4427
vn 0.0042 0.9974 -0.0716
vn -0.2781 0.6486 -0.7085
vn -0.2138 0.8861 -0.4113
vn -0.1182 0.9915 -0.0543
vn -0.5371 0.6063 -0.5863
vn -0.4135 0.8535 -0.3173
vn -0.2288 0.9734 -0.0021
vn -0.0609 0.9676 0.2449
vn -0.7435 0.5399 -0.3946
vn -0.5723 0.8022 -0.1696
vn -0.3169 0.9450 0.0798
vn -0.8771 0.4556 -0.1520
vn -0.6752 0.7374 0.0173
vn -0.3741 0.9090 0.1835
vn -0.1000 0.9504 0.2948
vn -0.9247 0.3619 0.1176
vn -0.7119 0.6652 0.2250
vn -0.3944 0.8690 0.2987
vn -0.1055 0.9396 0.3258
vn -0.8819 0.2678 0.3880
vn -0.6789 0.5927 0.4333
vn -0.3762 0.8288 0.4142
vn -0.1006 0.9288 0.3569
vn -0.7527 0.1827 0.6326
vn -0.5793 0.5272 0.6217
vn -0.3209 0.7924 0.5187
vn -0.5497 0.1146 0.8274
vn -0.4230 0.4748 0.7718
vn -0.2342 0.7634 0.6020
vn -0.0624 0.9111 0.4074
vn -0.2930 0.0706 0.9535
vn -0.2253 0.4408 0.8688
vn -0.1244 0.7445 0.6559
vn -0.0074 0.0547 0.9985
vn -0.0053 0.4285 0.9035
vn -0.0025 0.7378 0.6751
vn 0.2788 0.0685 0.9579
vn 0.2152 0.4392 0.8722
vn 0.1198 0.7437 0.6577
vn 0.5378 0.1108 0.8357
vn 0.4147 0.4717 0.7782
vn 0.2305 0.7617 0.6055
vn 0.0627 0.9107 0.4084
vn 0.7441 0.1772 0.6439
vn 0.5736 0.5229 0.6305
vn 0.3186 0.7902 0.5236
vn 0.8777 0.2615 0.4014
vn 0.6765 0.5878 0.4436
vn 0.3757 0.8261 0.4200
vn 0.1018 0.9279 0.3585
vn 0.9254 0.3552 0.1318
vn 0.7133 0.6601 0.2359
vn 0.3961 0.8662 0.3048
vn 0.1073 0.9387 0.3274
# 231 vertex normals

vt 0.6462 0.8451 0.0000
vt 0.6467 0.8438 0.0000
vt 0.6487 0.8443 0.0000
vt 0.6483 0.8458 0.0000
vt 0.6492 0.8224 0.0000
vt 0.6492 0.8236 0.0000
vt 0.6476 0.8237 0.0000
vt 0.6474 0.8225 0.0000
vt 0.6461 0.8240 0.0000
vt 0.6457 0.8229 0.0000
vt 0.6446 0.8246 0.0000
vt 0.6441 0.8235 0.0000
vt 0.6425 0.8244 0.0000
vt 0.6432 0.8254 0.0000
vt 0.6420 0.8265 0.0000
vt 0.6411 0.8256 0.0000
vt 0.6409 0.8277 0.0000
vt 0.6399 0.8270 0.0000
vt 0.6401 0.8292 0.0000
vt 0.6390 0.8286 0.0000
vt 0.6383 0.8304 0.0000
vt 0.6395 0.8308 0.0000
vt 0.6392 0.8324 0.0000
vt 0.6379 0.8323 0.0000
vt 0.6392 0.8342 0.0000
vt 0.6379 0.8342 0.0000
vt 0.6395 0.8359 0.0000
vt 0.6382 0.8362 0.0000
vt 0.6388 0.8381 0.0000
vt 0.6400 0.8376 0.0000
vt 0.6409 0.8392 0.0000
vt 0.6397 0.8399 0.0000
vt 0.6410 0.8416 0.0000
vt 0.6420 0.8407 0.0000
vt 0.6425 0.8430 0.0000
vt 0.6434 0.8419 0.0000
vt 0.6450 0.8430 0.0000
vt 0.6443 0.8442 0.0000
vt 0.6507 0.8447 0.0000
vt 0.6504 0.8462 0.0000
vt 0.6509 0.8224 0.0000
vt 0.6509 0.8236 0.0000
vt 0.7179 0.5906 0.0000
vt 0.7184 0.5889 0.0000
vt 0.7195 0.5875 0.0000
vt 0.7209 0.5865 0.0000
vt 0.7226 0.5859 0.0000
vt 0.7179 0.5924 0.0000
vt 0.7244 0.5859 0.0000
vt 0.7260 0.5865 0.0000
vt 0.7275 0.5875 0.0000
vt 0.7285 0.5889 0.0000
vt 0.7291 0.5906 0.0000
vt 0.7291 0.5924 0.0000
vt 0.7285 0.5941 0.0000
vt 0.7275 0.5955 0.0000
vt 0.7260 0.5966 0.0000
vt 0.7244 0.5971 0.0000
vt 0.7226 0.5971 0.0000
vt 0.7209 0.5966 0.0000
vt 0.7184 0.5941 0.0000
vt 0.7195 0.5955 0.0000
vt 0.6489 0.8432 0.0000
vt 0.6509 0.8434 0.0000
vt 0.6491 0.8421 0.0000
vt 0.6509 0.8421 0.0000
vt 0.6492 0.8409 0.0000
vt 0.6508 0.8408 0.0000
vt 0.6493 0.8396 0.0000
vt 0.6505 0.8395 0.0000
vt 0.6508 0.8247 0.0000
vt 0.6492 0.8245 0.0000
vt 0.6506 0.8256 0.0000
vt 0.6492 0.8254 0.0000
vt 0.6502 0.8266 0.0000
vt 0.6491 0.8263 0.0000
vt 0.6498 0.8275 0.0000
vt 0.6490 0.8273 0.0000
vt 0.6477 0.8246 0.0000
vt 0.6478 0.8254 0.0000
vt 0.6479 0.8263 0.0000
vt 0.6480 0.8273 0.0000
vt 0.6463 0.8249 0.0000
vt 0.6466 0.8257 0.0000
vt 0.6468 0.8266 0.0000
vt 0.6471 0.8275 0.0000
vt 0.6450 0.8254 0.0000
vt 0.6454 0.8262 0.0000
vt 0.6458 0.8270 0.0000
vt 0.6463 0.8279 0.0000
vt 0.6438 0.8262 0.0000
vt 0.6443 0.8269 0.0000
vt 0.6448 0.8276 0.0000
vt 0.6454 0.8284 0.0000
vt 0.6427 0.8271 0.0000
vt 0.6433 0.8277 0.0000
vt 0.6440 0.8284 0.0000
vt 0.6447 0.8291 0.0000
vt 0.6417 0.8283 0.0000
vt 0.6425 0.8288 0.0000
vt 0.6433 0.8293 0.0000
vt 0.6441 0.8299 0.0000
vt 0.6410 0.8296 0.0000
vt 0.6418 0.8299 0.0000
vt 0.6427 0.8303 0.0000
vt 0.6437 0.8308 0.0000
vt 0.6405 0.8310 0.0000
vt 0.6414 0.8312 0.0000
vt 0.6423 0.8315 0.0000
vt 0.6433 0.8317 0.0000
vt 0.6402 0.8325 0.0000
vt 0.6411 0.8326 0.0000
vt 0.6421 0.8327 0.0000
vt 0.6432 0.8328 0.0000
vt 0.6402 0.8341 0.0000
vt 0.6411 0.8340 0.0000
vt 0.6421 0.8339 0.0000
vt 0.6432 0.8338 0.0000
vt 0.6404 0.8357 0.0000
vt 0.6414 0.8354 0.0000
vt 0.6424 0.8352 0.0000
vt 0.6434 0.8349 0.0000
vt 0.6410 0.8372 0.0000
vt 0.6419 0.8368 0.0000
vt 0.6428 0.8364 0.0000
vt 0.6438 0.8359 0.0000
vt 0.6417 0.8386 0.0000
vt 0.6426 0.8381 0.0000
vt 0.6434 0.8375 0.0000
vt 0.6444 0.8368 0.0000
vt 0.6428 0.8399 0.0000
vt 0.6435 0.8392 0.0000
vt 0.6443 0.8385 0.0000
vt 0.6451 0.8377 0.0000
vt 0.6440 0.8411 0.0000
vt 0.6446 0.8403 0.0000
vt 0.6453 0.8394 0.0000
vt 0.6460 0.8384 0.0000
vt 0.6455 0.8420 0.0000
vt 0.6460 0.8411 0.0000
vt 0.6465 0.8401 0.0000
vt 0.6470 0.8390 0.0000
vt 0.6471 0.8427 0.0000
vt 0.6474 0.8417 0.0000
vt 0.6478 0.8406 0.0000
vt 0.6481 0.8394 0.0000
vt 0.5226 0.4183 0.0000
vt 0.5217 0.4180 0.0000
vt 0.5209 0.4174 0.0000
vt 0.5203 0.4167 0.0000
vt 0.5235 0.4183 0.0000
vt 0.5201 0.4158 0.0000
vt 0.5201 0.4148 0.0000
vt 0.5203 0.4140 0.0000
vt 0.5209 0.4132 0.0000
vt 0.5217 0.4126 0.0000
vt 0.5226 0.4123 0.0000
vt 0.5235 0.4123 0.0000
vt 0.5244 0.4126 0.0000
vt 0.5252 0.4132 0.0000
vt 0.5257 0.4140 0.0000
vt 0.5260 0.4148 0.0000
vt 0.5260 0.4158 0.0000
vt 0.5257 0.4167 0.0000
vt 0.5252 0.4174 0.0000
vt 0.5244 0.4180 0.0000
# 166 texture coords

o Cylinder_016_Cylinder_018
g Cylinder_016_Cylinder_018
f 1775/2371/1807 1776/2372/1808 1777/2373/1809 
f 1777/2373/1809 1778/2374/1810 1775/2371/1807 
f 1779/2375/1811 1780/2376/1812 1781/2377/1813 
f 1781/2377/1813 1782/2378/1814 1779/2375/1811 
f 1783/2379/1815 1784/2380/1816 1782/2378/1814 
f 1782/2378/1814 1781/2377/1813 1783/2379/1815 
f 1784/2380/1816 1783/2379/1815 1785/2381/1817 
f 1785/2381/1817 1786/2382/1818 1784/2380/1816 
f 1787/2383/1819 1786/2382/1818 1785/2381/1817 
f 1785/2381/1817 1788/2384/1820 1787/2383/1819 
f 1787/2383/1819 1788/2384/1820 1789/2385/1821 
f 1789/2385/1821 1790/2386/1822 1787/2383/1819 
f 1789/2385/1821 1791/2387/1823 1792/2388/1824 
f 1792/2388/1824 1790/2386/1822 1789/2385/1821 
f 1792/2388/1824 1791/2387/1823 1793/2389/1825 
f 1793/2389/1825 1794/2390/1826 1792/2388/1824 
f 1795/2391/1827 1794/2390/1826 1793/2389/1825 
f 1793/2389/1825 1796/2392/1828 1795/2391/1827 
f 1796/2392/1828 1797/2393/1829 1798/2394/1830 
f 1798/2394/1830 1795/2391/1827 1796/2392/1828 
f 1797/2393/1829 1799/2395/1831 1800/2396/1832 
f 1800/2396/1832 1798/2394/1830 1797/2393/1829 
f 1801/2397/1833 1802/2398/1834 1800/2396/1832 
f 1800/2396/1832 1799/2395/1831 1801/2397/1833 
f 1803/2399/1835 1802/2398/1834 1801/2397/1833 
f 1801/2397/1833 1804/2400/1836 1803/2399/1835 
f 1805/2401/1837 1806/2402/1838 1803/2399/1835 
f 1803/2399/1835 1804/2400/1836 1805/2401/1837 
f 1807/2403/1839 1806/2402/1838 1805/2401/1837 
f 1805/2401/1837 1808/2404/1840 1807/2403/1839 
f 1809/2405/1841 1807/2403/1839 1808/2404/1840 
f 1808/2404/1840 1810/2406/1842 1809/2405/1841 
f 1809/2405/1841 1810/2406/1842 1811/2407/1843 
f 1811/2407/1843 1812/2408/1844 1809/2405/1841 
f 1811/2407/1843 1776/2372/1808 1775/2371/1807 
f 1775/2371/1807 1812/2408/1844 1811/2407/1843 
f 1778/2374/1810 1777/2373/1809 1813/2409/1845 
f 1813/2409/1845 1814/2410/1846 1778/2374/1810 
f 1780/2376/1812 1779/2375/1811 1814/2411/1846 
f 1814/2411/1846 1813/2412/1845 1780/2376/1812 
f 1782/2413/1847 1784/2414/1847 1786/2415/1847 
f 1782/2413/1847 1786/2415/1847 1787/2416/1847 
f 1782/2413/1847 1787/2416/1847 1790/2417/1847 
f 1779/2418/1847 1782/2413/1847 1790/2417/1847 
f 1792/2419/1847 1794/2420/1847 1795/2421/1847 
f 1790/2417/1847 1792/2419/1847 1795/2421/1847 
f 1779/2418/1847 1790/2417/1847 1795/2421/1847 
f 1779/2418/1847 1795/2421/1847 1798/2422/1847 
f 1779/2418/1847 1798/2422/1847 1800/2423/1847 
f 1779/2418/1847 1800/2423/1847 1802/2424/1847 
f 1779/2418/1847 1802/2424/1847 1803/2425/1847 
f 1803/2425/1847 1806/2426/1847 1807/2427/1847 
f 1779/2418/1847 1803/2425/1847 1807/2427/1847 
f 1807/2427/1847 1809/2428/1847 1812/2429/1847 
f 1779/2418/1847 1807/2427/1847 1812/2429/1847 
f 1779/2418/1847 1812/2429/1847 1775/2430/1847 
f 1814/2431/1847 1779/2418/1847 1775/2430/1847 
f 1778/2432/1847 1814/2431/1847 1775/2430/1847 
f 1777/2373/1809 1815/2433/1848 1816/2434/1849 
f 1816/2434/1849 1813/2409/1845 1777/2373/1809 
f 1815/2433/1848 1817/2435/1850 1818/2436/1851 
f 1818/2436/1851 1816/2434/1849 1815/2433/1848 
f 1818/2436/1851 1817/2435/1850 1819/2437/1852 
f 1819/2437/1852 1820/2438/1853 1818/2436/1851 
f 1820/2438/1853 1819/2437/1852 1821/2439/1854 
f 1821/2439/1854 1822/2440/1855 1820/2438/1853 
f 1780/2376/1812 1813/2412/1845 1816/2441/1849 
f 1816/2441/1849 1823/2442/1856 1780/2376/1812 
f 1818/2443/1851 1824/2444/1857 1823/2442/1856 
f 1823/2442/1856 1816/2441/1849 1818/2443/1851 
f 1824/2444/1857 1818/2443/1851 1820/2445/1853 
f 1820/2445/1853 1825/2446/1858 1824/2444/1857 
f 1820/2445/1853 1822/2447/1855 1826/2448/1859 
f 1826/2448/1859 1825/2446/1858 1820/2445/1853 
f 1781/2377/1813 1780/2376/1812 1823/2442/1856 
f 1823/2442/1856 1827/2449/1860 1781/2377/1813 
f 1827/2449/1860 1823/2442/1856 1824/2444/1857 
f 1824/2444/1857 1828/2450/1861 1827/2449/1860 
f 1828/2450/1861 1824/2444/1857 1825/2446/1858 
f 1825/2446/1858 1829/2451/1862 1828/2450/1861 
f 1825/2446/1858 1826/2448/1859 1830/2452/1863 
f 1830/2452/1863 1829/2451/1862 1825/2446/1858 
f 1827/2449/1860 1831/2453/1864 1783/2379/1815 
f 1783/2379/1815 1781/2377/1813 1827/2449/1860 
f 1827/2449/1860 1828/2450/1861 1832/2454/1865 
f 1832/2454/1865 1831/2453/1864 1827/2449/1860 
f 1828/2450/1861 1829/2451/1862 1833/2455/1866 
f 1833/2455/1866 1832/2454/1865 1828/2450/1861 
f 1830/2452/1863 1834/2456/1867 1833/2455/1866 
f 1833/2455/1866 1829/2451/1862 1830/2452/1863 
f 1831/2453/1864 1835/2457/1868 1785/2381/1817 
f 1785/2381/1817 1783/2379/1815 1831/2453/1864 
f 1835/2457/1868 1831/2453/1864 1832/2454/1865 
f 1832/2454/1865 1836/2458/1869 1835/2457/1868 
f 1836/2458/1869 1832/2454/1865 1833/2455/1866 
f 1833/2455/1866 1837/2459/1870 1836/2458/1869 
f 1837/2459/1870 1833/2455/1866 1834/2456/1867 
f 1834/2456/1867 1838/2460/1871 1837/2459/1870 
f 1788/2384/1820 1785/2381/1817 1835/2457/1868 
f 1835/2457/1868 1839/2461/1872 1788/2384/1820 
f 1836/2458/1869 1840/2462/1873 1839/2461/1872 
f 1839/2461/1872 1835/2457/1868 1836/2458/1869 
f 1840/2462/1873 1836/2458/1869 1837/2459/1870 
f 1837/2459/1870 1841/2463/1874 1840/2462/1873 
f 1837/2459/1870 1838/2460/1871 1842/2464/1875 
f 1842/2464/1875 1841/2463/1874 1837/2459/1870 
f 1843/2465/1876 1789/2385/1821 1788/2384/1820 
f 1788/2384/1820 1839/2461/1872 1843/2465/1876 
f 1839/2461/1872 1840/2462/1873 1844/2466/1877 
f 1844/2466/1877 1843/2465/1876 1839/2461/1872 
f 1844/2466/1877 1840/2462/1873 1841/2463/1874 
f 1841/2463/1874 1845/2467/1878 1844/2466/1877 
f 1841/2463/1874 1842/2464/1875 1846/2468/1879 
f 1846/2468/1879 1845/2467/1878 1841/2463/1874 
f 1843/2465/1876 1847/2469/1880 1791/2387/1823 
f 1791/2387/1823 1789/2385/1821 1843/2465/1876 
f 1843/2465/1876 1844/2466/1877 1848/2470/1881 
f 1848/2470/1881 1847/2469/1880 1843/2465/1876 
f 1849/2471/1882 1848/2470/1881 1844/2466/1877 
f 1844/2466/1877 1845/2467/1878 1849/2471/1882 
f 1845/2467/1878 1846/2468/1879 1850/2472/1883 
f 1850/2472/1883 1849/2471/1882 1845/2467/1878 
f 1793/2389/1825 1791/2387/1823 1847/2469/1880 
f 1847/2469/1880 1851/2473/1884 1793/2389/1825 
f 1848/2470/1881 1852/2474/1885 1851/2473/1884 
f 1851/2473/1884 1847/2469/1880 1848/2470/1881 
f 1848/2470/1881 1849/2471/1882 1853/2475/1886 
f 1853/2475/1886 1852/2474/1885 1848/2470/1881 
f 1850/2472/1883 1854/2476/1887 1853/2475/1886 
f 1853/2475/1886 1849/2471/1882 1850/2472/1883 
f 1796/2392/1828 1793/2389/1825 1851/2473/1884 
f 1851/2473/1884 1855/2477/1888 1796/2392/1828 
f 1856/2478/1889 1855/2477/1888 1851/2473/1884 
f 1851/2473/1884 1852/2474/1885 1856/2478/1889 
f 1853/2475/1886 1857/2479/1890 1856/2478/1889 
f 1856/2478/1889 1852/2474/1885 1853/2475/1886 
f 1857/2479/1890 1853/2475/1886 1854/2476/1887 
f 1854/2476/1887 1858/2480/1891 1857/2479/1890 
f 1797/2393/1829 1796/2392/1828 1855/2477/1888 
f 1855/2477/1888 1859/2481/1892 1797/2393/1829 
f 1855/2477/1888 1856/2478/1889 1860/2482/1893 
f 1860/2482/1893 1859/2481/1892 1855/2477/1888 
f 1860/2482/1893 1856/2478/1889 1857/2479/1890 
f 1857/2479/1890 1861/2483/1894 1860/2482/1893 
f 1858/2480/1891 1862/2484/1895 1861/2483/1894 
f 1861/2483/1894 1857/2479/1890 1858/2480/1891 
f 1799/2395/1831 1797/2393/1829 1859/2481/1892 
f 1859/2481/1892 1863/2485/1896 1799/2395/1831 
f 1859/2481/1892 1860/2482/1893 1864/2486/1897 
f 1864/2486/1897 1863/2485/1896 1859/2481/1892 
f 1861/2483/1894 1865/2487/1898 1864/2486/1897 
f 1864/2486/1897 1860/2482/1893 1861/2483/1894 
f 1865/2487/1898 1861/2483/1894 1862/2484/1895 
f 1862/2484/1895 1866/2488/1899 1865/2487/1898 
f 1801/2397/1833 1799/2395/1831 1863/2485/1896 
f 1863/2485/1896 1867/2489/1900 1801/2397/1833 
f 1864/2486/1897 1868/2490/1901 1867/2489/1900 
f 1867/2489/1900 1863/2485/1896 1864/2486/1897 
f 1868/2490/1901 1864/2486/1897 1865/2487/1898 
f 1865/2487/1898 1869/2491/1902 1868/2490/1901 
f 1865/2487/1898 1866/2488/1899 1870/2492/1903 
f 1870/2492/1903 1869/2491/1902 1865/2487/1898 
f 1804/2400/1836 1801/2397/1833 1867/2489/1900 
f 1867/2489/1900 1871/2493/1904 1804/2400/1836 
f 1871/2493/1904 1867/2489/1900 1868/2490/1901 
f 1868/2490/1901 1872/2494/1905 1871/2493/1904 
f 1873/2495/1906 1872/2494/1905 1868/2490/1901 
f 1868/2490/1901 1869/2491/1902 1873/2495/1906 
f 1870/2492/1903 1874/2496/1907 1873/2495/1906 
f 1873/2495/1906 1869/2491/1902 1870/2492/1903 
f 1804/2400/1836 1871/2493/1904 1875/2497/1908 
f 1875/2497/1908 1805/2401/1837 1804/2400/1836 
f 1871/2493/1904 1872/2494/1905 1876/2498/1909 
f 1876/2498/1909 1875/2497/1908 1871/2493/1904 
f 1876/2498/1909 1872/2494/1905 1873/2495/1906 
f 1873/2495/1906 1877/2499/1910 1876/2498/1909 
f 1873/2495/1906 1874/2496/1907 1878/2500/1911 
f 1878/2500/1911 1877/2499/1910 1873/2495/1906 
f 1805/2401/1837 1875/2497/1908 1879/2501/1912 
f 1879/2501/1912 1808/2404/1840 1805/2401/1837 
f 1875/2497/1908 1876/2498/1909 1880/2502/1913 
f 1880/2502/1913 1879/2501/1912 1875/2497/1908 
f 1876/2498/1909 1877/2499/1910 1881/2503/1914 
f 1881/2503/1914 1880/2502/1913 1876/2498/1909 
f 1882/2504/1915 1881/2503/1914 1877/2499/1910 
f 1877/2499/1910 1878/2500/1911 1882/2504/1915 
f 1810/2406/1842 1808/2404/1840 1879/2501/1912 
f 1879/2501/1912 1883/2505/1916 1810/2406/1842 
f 1880/2502/1913 1884/2506/1917 1883/2505/1916 
f 1883/2505/1916 1879/2501/1912 1880/2502/1913 
f 1884/2506/1917 1880/2502/1913 1881/2503/1914 
f 1881/2503/1914 1885/2507/1918 1884/2506/1917 
f 1881/2503/1914 1882/2504/1915 1886/2508/1919 
f 1886/2508/1919 1885/2507/1918 1881/2503/1914 
f 1883/2505/1916 1887/2509/1920 1811/2407/1843 
f 1811/2407/1843 1810/2406/1842 1883/2505/1916 
f 1887/2509/1920 1883/2505/1916 1884/2506/1917 
f 1884/2506/1917 1888/2510/1921 1887/2509/1920 
f 1884/2506/1917 1885/2507/1918 1889/2511/1922 
f 1889/2511/1922 1888/2510/1921 1884/2506/1917 
f 1885/2507/1918 1886/2508/1919 1890/2512/1923 
f 1890/2512/1923 1889/2511/1922 1885/2507/1918 
f 1776/2372/1808 1811/2407/1843 1887/2509/1920 
f 1887/2509/1920 1891/2513/1924 1776/2372/1808 
f 1887/2509/1920 1888/2510/1921 1892/2514/1925 
f 1892/2514/1925 1891/2513/1924 1887/2509/1920 
f 1892/2514/1925 1888/2510/1921 1889/2511/1922 
f 1889/2511/1922 1893/2515/1926 1892/2514/1925 
f 1889/2511/1922 1890/2512/1923 1894/2516/1927 
f 1894/2516/1927 1893/2515/1926 1889/2511/1922 
f 1815/2433/1848 1777/2373/1809 1776/2372/1808 
f 1776/2372/1808 1891/2513/1924 1815/2433/1848 
f 1891/2513/1924 1892/2514/1925 1817/2435/1850 
f 1817/2435/1850 1815/2433/1848 1891/2513/1924 
f 1893/2515/1926 1819/2437/1852 1817/2435/1850 
f 1817/2435/1850 1892/2514/1925 1893/2515/1926 
f 1893/2515/1926 1894/2516/1927 1821/2439/1854 
f 1821/2439/1854 1819/2437/1852 1893/2515/1926 
f 1894/2517/1927 1890/2518/1923 1886/2519/1919 
f 1894/2517/1927 1886/2519/1919 1882/2520/1915 
f 1821/2521/1854 1894/2517/1927 1882/2520/1915 
f 1821/2521/1854 1882/2520/1915 1878/2522/1911 
f 1821/2521/1854 1878/2522/1911 1874/2523/1907 
f 1874/2523/1907 1870/2524/1903 1866/2525/1899 
f 1866/2525/1899 1862/2526/1895 1858/2527/1891 
f 1874/2523/1907 1866/2525/1899 1858/2527/1891 
f 1821/2521/1854 1874/2523/1907 1858/2527/1891 
f 1854/2528/1887 1850/2529/1883 1846/2530/1879 
f 1858/2527/1891 1854/2528/1887 1846/2530/1879 
f 1821/2521/1854 1858/2527/1891 1846/2530/1879 
f 1821/2521/1854 1846/2530/1879 1842/2531/1875 
f 1821/2521/1854 1842/2531/1875 1838/2532/1871 
f 1838/2532/1871 1834/2533/1867 1830/2534/1863 
f 1821/2521/1854 1838/2532/1871 1830/2534/1863 
f 1821/2521/1854 1830/2534/1863 1826/2535/1859 
f 1822/2536/1855 1821/2521/1854 1826/2535/1859 
f 1895/2373/1928 1896/2372/1929 1897/2371/1930 
f 1897/2371/1930 1898/2374/1931 1895/2373/1928 
f 1899/2377/1932 1900/2376/1933 1901/2375/1934 
f 1901/2375/1934 1902/2378/1935 1899/2377/1932 
f 1903/2380/1936 1904/2379/1937 1899/2377/1932 
f 1899/2377/1932 1902/2378/1935 1903/2380/1936 
f 1905/2381/1938 1904/2379/1937 1903/2380/1936 
f 1903/2380/1936 1906/2382/1939 1905/2381/1938 
f 1905/2381/1938 1906/2382/1939 1907/2383/1940 
f 1907/2383/1940 1908/2384/1941 1905/2381/1938 
f 1907/2383/1940 1909/2386/1942 1910/2385/1943 
f 1910/2385/1943 1908/2384/1941 1907/2383/1940 
f 1911/2388/1944 1912/2387/1945 1910/2385/1943 
f 1910/2385/1943 1909/2386/1942 1911/2388/1944 
f 1913/2389/1946 1912/2387/1945 1911/2388/1944 
f 1911/2388/1944 1914/2390/1947 1913/2389/1946 
f 1914/2390/1947 1915/2391/1948 1916/2392/1949 
f 1916/2392/1949 1913/2389/1946 1914/2390/1947 
f 1915/2391/1948 1917/2394/1950 1918/2393/1951 
f 1918/2393/1951 1916/2392/1949 1915/2391/1948 
f 1919/2396/1952 1920/2395/1953 1918/2393/1951 
f 1918/2393/1951 1917/2394/1950 1919/2396/1952 
f 1921/2398/1954 1922/2397/1955 1920/2395/1953 
f 1920/2395/1953 1919/2396/1952 1921/2398/1954 
f 1923/2399/1956 1924/2400/1957 1922/2397/1955 
f 1922/2397/1955 1921/2398/1954 1923/2399/1956 
f 1925/2402/1958 1926/2401/1959 1924/2400/1957 
f 1924/2400/1957 1923/2399/1956 1925/2402/1958 
f 1927/2404/1960 1926/2401/1959 1925/2402/1958 
f 1925/2402/1958 1928/2403/1961 1927/2404/1960 
f 1928/2403/1961 1929/2405/1962 1930/2406/1963 
f 1930/2406/1963 1927/2404/1960 1928/2403/1961 
f 1929/2405/1962 1931/2408/1964 1932/2407/1965 
f 1932/2407/1965 1930/2406/1963 1929/2405/1962 
f 1931/2408/1964 1897/2371/1930 1896/2372/1929 
f 1896/2372/1929 1932/2407/1965 1931/2408/1964 
f 1898/2374/1931 1933/2410/1966 1934/2409/1967 
f 1934/2409/1967 1895/2373/1928 1898/2374/1931 
f 1900/2376/1933 1934/2412/1967 1933/2411/1966 
f 1933/2411/1966 1901/2375/1934 1900/2376/1933 
f 1897/2430/1847 1931/2429/1847 1929/2428/1847 
f 1928/2427/1847 1925/2426/1847 1923/2425/1847 
f 1923/2425/1847 1921/2424/1847 1919/2423/1847 
f 1919/2423/1847 1917/2422/1847 1915/2421/1847 
f 1923/2425/1847 1919/2423/1847 1915/2421/1847 
f 1928/2427/1847 1923/2425/1847 1915/2421/1847 
f 1928/2427/1847 1915/2421/1847 1914/2420/1847 
f 1929/2428/1847 1928/2427/1847 1914/2420/1847 
f 1897/2430/1847 1929/2428/1847 1914/2420/1847 
f 1914/2420/1847 1911/2419/1847 1909/2417/1847 
f 1897/2430/1847 1914/2420/1847 1909/2417/1847 
f 1898/2432/1847 1897/2430/1847 1909/2417/1847 
f 1898/2432/1847 1909/2417/1847 1907/2416/1847 
f 1907/2416/1847 1906/2415/1847 1903/2414/1847 
f 1898/2432/1847 1907/2416/1847 1903/2414/1847 
f 1898/2432/1847 1903/2414/1847 1902/2413/1847 
f 1898/2432/1847 1902/2413/1847 1901/2418/1847 
f 1898/2432/1847 1901/2418/1847 1933/2431/1847 
f 1895/2373/1928 1934/2409/1967 1935/2434/1968 
f 1935/2434/1968 1936/2433/1969 1895/2373/1928 
f 1936/2433/1969 1935/2434/1968 1937/2436/1970 
f 1937/2436/1970 1938/2435/1971 1936/2433/1969 
f 1937/2436/1970 1939/2438/1972 1940/2437/1973 
f 1940/2437/1973 1938/2435/1971 1937/2436/1970 
f 1939/2438/1972 1941/2440/1879 1942/2439/1974 
f 1942/2439/1974 1940/2437/1973 1939/2438/1972 
f 1900/2376/1933 1943/2442/1975 1935/2441/1968 
f 1935/2441/1968 1934/2412/1967 1900/2376/1933 
f 1944/2444/1976 1937/2443/1970 1935/2441/1968 
f 1935/2441/1968 1943/2442/1975 1944/2444/1976 
f 1937/2443/1970 1944/2444/1976 1945/2446/1977 
f 1945/2446/1977 1939/2445/1972 1937/2443/1970 
f 1939/2445/1972 1945/2446/1977 1946/2448/1978 
f 1946/2448/1978 1941/2447/1879 1939/2445/1972 
f 1943/2442/1975 1900/2376/1933 1899/2377/1932 
f 1899/2377/1932 1947/2449/1979 1943/2442/1975 
f 1943/2442/1975 1947/2449/1979 1948/2450/1980 
f 1948/2450/1980 1944/2444/1976 1943/2442/1975 
f 1948/2450/1980 1949/2451/1981 1945/2446/1977 
f 1945/2446/1977 1944/2444/1976 1948/2450/1980 
f 1950/2452/1871 1946/2448/1978 1945/2446/1977 
f 1945/2446/1977 1949/2451/1981 1950/2452/1871 
f 1899/2377/1932 1904/2379/1937 1951/2453/1982 
f 1951/2453/1982 1947/2449/1979 1899/2377/1932 
f 1947/2449/1979 1951/2453/1982 1952/2454/1983 
f 1952/2454/1983 1948/2450/1980 1947/2449/1979 
f 1953/2455/1984 1949/2451/1981 1948/2450/1980 
f 1948/2450/1980 1952/2454/1983 1953/2455/1984 
f 1950/2452/1871 1949/2451/1981 1953/2455/1984 
f 1953/2455/1984 1954/2456/1867 1950/2452/1871 
f 1951/2453/1982 1904/2379/1937 1905/2381/1938 
f 1905/2381/1938 1955/2457/1985 1951/2453/1982 
f 1952/2454/1983 1951/2453/1982 1955/2457/1985 
f 1955/2457/1985 1956/2458/1986 1952/2454/1983 
f 1956/2458/1986 1957/2459/1987 1953/2455/1984 
f 1953/2455/1984 1952/2454/1983 1956/2458/1986 
f 1953/2455/1984 1957/2459/1987 1958/2460/1863 
f 1958/2460/1863 1954/2456/1867 1953/2455/1984 
f 1908/2384/1941 1959/2461/1988 1955/2457/1985 
f 1955/2457/1985 1905/2381/1938 1908/2384/1941 
f 1959/2461/1988 1960/2462/1989 1956/2458/1986 
f 1956/2458/1986 1955/2457/1985 1959/2461/1988 
f 1957/2459/1987 1956/2458/1986 1960/2462/1989 
f 1960/2462/1989 1961/2463/1990 1957/2459/1987 
f 1961/2463/1990 1962/2464/1991 1958/2460/1863 
f 1958/2460/1863 1957/2459/1987 1961/2463/1990 
f 1959/2461/1988 1908/2384/1941 1910/2385/1943 
f 1910/2385/1943 1963/2465/1992 1959/2461/1988 
f 1963/2465/1992 1964/2466/1993 1960/2462/1989 
f 1960/2462/1989 1959/2461/1988 1963/2465/1992 
f 1965/2467/1994 1961/2463/1990 1960/2462/1989 
f 1960/2462/1989 1964/2466/1993 1965/2467/1994 
f 1965/2467/1994 1966/2468/1855 1962/2464/1991 
f 1962/2464/1991 1961/2463/1990 1965/2467/1994 
f 1912/2387/1945 1967/2469/1995 1963/2465/1992 
f 1963/2465/1992 1910/2385/1943 1912/2387/1945 
f 1967/2469/1995 1968/2470/1996 1964/2466/1993 
f 1964/2466/1993 1963/2465/1992 1967/2469/1995 
f 1969/2471/1997 1965/2467/1994 1964/2466/1993 
f 1964/2466/1993 1968/2470/1996 1969/2471/1997 
f 1965/2467/1994 1969/2471/1997 1970/2472/1998 
f 1970/2472/1998 1966/2468/1855 1965/2467/1994 
f 1913/2389/1946 1971/2473/1999 1967/2469/1995 
f 1967/2469/1995 1912/2387/1945 1913/2389/1946 
f 1972/2474/2000 1968/2470/1996 1967/2469/1995 
f 1967/2469/1995 1971/2473/1999 1972/2474/2000 
f 1972/2474/2000 1973/2475/2001 1969/2471/1997 
f 1969/2471/1997 1968/2470/1996 1972/2474/2000 
f 1969/2471/1997 1973/2475/2001 1974/2476/2002 
f 1974/2476/2002 1970/2472/1998 1969/2471/1997 
f 1971/2473/1999 1913/2389/1946 1916/2392/1949 
f 1916/2392/1949 1975/2477/2003 1971/2473/1999 
f 1971/2473/1999 1975/2477/2003 1976/2478/2004 
f 1976/2478/2004 1972/2474/2000 1971/2473/1999 
f 1973/2475/2001 1972/2474/2000 1976/2478/2004 
f 1976/2478/2004 1977/2479/2005 1973/2475/2001 
f 1973/2475/2001 1977/2479/2005 1978/2480/2006 
f 1978/2480/2006 1974/2476/2002 1973/2475/2001 
f 1975/2477/2003 1916/2392/1949 1918/2393/1951 
f 1918/2393/1951 1979/2481/2007 1975/2477/2003 
f 1976/2478/2004 1975/2477/2003 1979/2481/2007 
f 1979/2481/2007 1980/2482/2008 1976/2478/2004 
f 1981/2483/2009 1977/2479/2005 1976/2478/2004 
f 1976/2478/2004 1980/2482/2008 1981/2483/2009 
f 1977/2479/2005 1981/2483/2009 1982/2484/1919 
f 1982/2484/1919 1978/2480/2006 1977/2479/2005 
f 1918/2393/1951 1920/2395/1953 1983/2485/2010 
f 1983/2485/2010 1979/2481/2007 1918/2393/1951 
f 1979/2481/2007 1983/2485/2010 1984/2486/2011 
f 1984/2486/2011 1980/2482/2008 1979/2481/2007 
f 1984/2486/2011 1985/2487/2012 1981/2483/2009 
f 1981/2483/2009 1980/2482/2008 1984/2486/2011 
f 1985/2487/2012 1986/2488/2013 1982/2484/1919 
f 1982/2484/1919 1981/2483/2009 1985/2487/2012 
f 1920/2395/1953 1922/2397/1955 1987/2489/2014 
f 1987/2489/2014 1983/2485/2010 1920/2395/1953 
f 1983/2485/2010 1987/2489/2014 1988/2490/2015 
f 1988/2490/2015 1984/2486/2011 1983/2485/2010 
f 1984/2486/2011 1988/2490/2015 1989/2491/2016 
f 1989/2491/2016 1985/2487/2012 1984/2486/2011 
f 1990/2492/1911 1986/2488/2013 1985/2487/2012 
f 1985/2487/2012 1989/2491/2016 1990/2492/1911 
f 1987/2489/2014 1922/2397/1955 1924/2400/1957 
f 1924/2400/1957 1991/2493/2017 1987/2489/2014 
f 1992/2494/2018 1988/2490/2015 1987/2489/2014 
f 1987/2489/2014 1991/2493/2017 1992/2494/2018 
f 1993/2495/2019 1989/2491/2016 1988/2490/2015 
f 1988/2490/2015 1992/2494/2018 1993/2495/2019 
f 1990/2492/1911 1989/2491/2016 1993/2495/2019 
f 1993/2495/2019 1994/2496/1907 1990/2492/1911 
f 1991/2493/2017 1924/2400/1957 1926/2401/1959 
f 1926/2401/1959 1995/2497/2020 1991/2493/2017 
f 1995/2497/2020 1996/2498/2021 1992/2494/2018 
f 1992/2494/2018 1991/2493/2017 1995/2497/2020 
f 1993/2495/2019 1992/2494/2018 1996/2498/2021 
f 1996/2498/2021 1997/2499/2022 1993/2495/2019 
f 1998/2500/1903 1994/2496/1907 1993/2495/2019 
f 1993/2495/2019 1997/2499/2022 1998/2500/1903 
f 1926/2401/1959 1927/2404/1960 1999/2501/2023 
f 1999/2501/2023 1995/2497/2020 1926/2401/1959 
f 1999/2501/2023 2000/2502/2024 1996/2498/2021 
f 1996/2498/2021 1995/2497/2020 1999/2501/2023 
f 1997/2499/2022 1996/2498/2021 2000/2502/2024 
f 2000/2502/2024 2001/2503/2025 1997/2499/2022 
f 2001/2503/2025 2002/2504/2026 1998/2500/1903 
f 1998/2500/1903 1997/2499/2022 2001/2503/2025 
f 1930/2406/1963 2003/2505/2027 1999/2501/2023 
f 1999/2501/2023 1927/2404/1960 1930/2406/1963 
f 2004/2506/2028 2000/2502/2024 1999/2501/2023 
f 1999/2501/2023 2003/2505/2027 2004/2506/2028 
f 2000/2502/2024 2004/2506/2028 2005/2507/2029 
f 2005/2507/2029 2001/2503/2025 2000/2502/2024 
f 2006/2508/1895 2002/2504/2026 2001/2503/2025 
f 2001/2503/2025 2005/2507/2029 2006/2508/1895 
f 2003/2505/2027 1930/2406/1963 1932/2407/1965 
f 1932/2407/1965 2007/2509/2030 2003/2505/2027 
f 2004/2506/2028 2003/2505/2027 2007/2509/2030 
f 2007/2509/2030 2008/2510/2031 2004/2506/2028 
f 2004/2506/2028 2008/2510/2031 2009/2511/2032 
f 2009/2511/2032 2005/2507/2029 2004/2506/2028 
f 2010/2512/2033 2006/2508/1895 2005/2507/2029 
f 2005/2507/2029 2009/2511/2032 2010/2512/2033 
f 2007/2509/2030 1932/2407/1965 1896/2372/1929 
f 1896/2372/1929 2011/2513/2034 2007/2509/2030 
f 2011/2513/2034 2012/2514/2035 2008/2510/2031 
f 2008/2510/2031 2007/2509/2030 2011/2513/2034 
f 2013/2515/2036 2009/2511/2032 2008/2510/2031 
f 2008/2510/2031 2012/2514/2035 2013/2515/2036 
f 2014/2516/2037 2010/2512/2033 2009/2511/2032 
f 2009/2511/2032 2013/2515/2036 2014/2516/2037 
f 1895/2373/1928 1936/2433/1969 2011/2513/2034 
f 2011/2513/2034 1896/2372/1929 1895/2373/1928 
f 2011/2513/2034 1936/2433/1969 1938/2435/1971 
f 1938/2435/1971 2012/2514/2035 2011/2513/2034 
f 1938/2435/1971 1940/2437/1973 2013/2515/2036 
f 2013/2515/2036 2012/2514/2035 1938/2435/1971 
f 1940/2437/1973 1942/2439/1974 2014/2516/2037 
f 2014/2516/2037 2013/2515/2036 1940/2437/1973 
f 1962/2531/1991 1966/2530/1855 1970/2529/1998 
f 1958/2532/1863 1962/2531/1991 1970/2529/1998 
f 1958/2532/1863 1970/2529/1998 1974/2528/2002 
f 1978/2527/2006 1982/2526/1919 1986/2525/2013 
f 1974/2528/2002 1978/2527/2006 1986/2525/2013 
f 1958/2532/1863 1974/2528/2002 1986/2525/2013 
f 1954/2533/1867 1958/2532/1863 1986/2525/2013 
f 1954/2533/1867 1986/2525/2013 1990/2524/1911 
f 1954/2533/1867 1990/2524/1911 1994/2523/1907 
f 1950/2534/1871 1954/2533/1867 1994/2523/1907 
f 1946/2535/1978 1950/2534/1871 1994/2523/1907 
f 1998/2522/1903 2002/2520/2026 2006/2519/1895 
f 1994/2523/1907 1998/2522/1903 2006/2519/1895 
f 1946/2535/1978 1994/2523/1907 2006/2519/1895 
f 2010/2518/2033 2014/2517/2037 1942/2521/1974 
f 2006/2519/1895 2010/2518/2033 1942/2521/1974 
f 1946/2535/1978 2006/2519/1895 1942/2521/1974 
f 1941/2536/1879 1946/2535/1978 1942/2521/1974 
# 472 faces

#
# object Cylinder_018_Cylinder_020
#

v  -0.5023 0.2494 -0.0030
v  -0.5023 0.2654 -0.0012
v  -0.4985 0.2680 -0.0237
v  -0.4986 0.2521 -0.0256
v  -0.4716 0.2563 -0.0618
v  -0.4716 0.2723 -0.0599
v  -0.4510 0.2734 -0.0701
v  -0.4511 0.2574 -0.0720
v  -0.4283 0.2738 -0.0735
v  -0.4284 0.2578 -0.0754
v  -0.4056 0.2732 -0.0698
v  -0.4057 0.2573 -0.0717
v  -0.3853 0.2560 -0.0611
v  -0.3853 0.2720 -0.0592
v  -0.3692 0.2700 -0.0430
v  -0.3692 0.2540 -0.0449
v  -0.3589 0.2676 -0.0227
v  -0.3590 0.2516 -0.0246
v  -0.3556 0.2649 -0.0001
v  -0.3555 0.2489 -0.0020
v  -0.3593 0.2462 0.0204
v  -0.3593 0.2622 0.0223
v  -0.3699 0.2599 0.0426
v  -0.3699 0.2439 0.0408
v  -0.3862 0.2580 0.0586
v  -0.3863 0.2420 0.0567
v  -0.4068 0.2569 0.0688
v  -0.4068 0.2409 0.0669
v  -0.4295 0.2405 0.0703
v  -0.4295 0.2565 0.0722
v  -0.4521 0.2570 0.0685
v  -0.4522 0.2410 0.0666
v  -0.4725 0.2423 0.0561
v  -0.4725 0.2583 0.0580
v  -0.4887 0.2443 0.0399
v  -0.4886 0.2603 0.0418
v  -0.4988 0.2627 0.0214
v  -0.4989 0.2467 0.0195
v  -0.4879 0.2704 -0.0439
v  -0.4879 0.2544 -0.0458
v  -0.4960 0.2809 -0.0213
v  -0.4858 0.2832 -0.0408
v  -0.4888 0.2916 -0.0177
v  -0.4797 0.2936 -0.0351
v  -0.4783 0.2985 -0.0133
v  -0.4708 0.3001 -0.0277
v  -0.4657 0.3005 -0.0088
v  -0.4601 0.3018 -0.0196
v  -0.4700 0.2850 -0.0563
v  -0.4656 0.2952 -0.0489
v  -0.4591 0.3014 -0.0390
v  -0.4515 0.3027 -0.0280
v  -0.4502 0.2861 -0.0661
v  -0.4479 0.2962 -0.0577
v  -0.4445 0.3023 -0.0463
v  -0.4405 0.3034 -0.0335
v  -0.4283 0.2864 -0.0694
v  -0.4283 0.2965 -0.0607
v  -0.4284 0.3025 -0.0487
v  -0.4285 0.3035 -0.0353
v  -0.4065 0.2859 -0.0658
v  -0.4088 0.2961 -0.0574
v  -0.4123 0.3022 -0.0460
v  -0.4165 0.3033 -0.0333
v  -0.3868 0.2847 -0.0557
v  -0.3912 0.2949 -0.0484
v  -0.3979 0.3012 -0.0385
v  -0.4057 0.3026 -0.0277
v  -0.3713 0.2828 -0.0400
v  -0.3774 0.2932 -0.0344
v  -0.3865 0.2998 -0.0271
v  -0.3971 0.3015 -0.0191
v  -0.3614 0.2804 -0.0204
v  -0.3685 0.2911 -0.0168
v  -0.3792 0.2981 -0.0126
v  -0.3917 0.3003 -0.0083
v  -0.3581 0.2778 0.0014
v  -0.3656 0.2888 0.0026
v  -0.3767 0.2962 0.0034
v  -0.3899 0.2988 0.0036
v  -0.3617 0.2753 0.0231
v  -0.3688 0.2866 0.0221
v  -0.3794 0.2943 0.0194
v  -0.3919 0.2974 0.0155
v  -0.3720 0.2730 0.0426
v  -0.3780 0.2845 0.0395
v  -0.3869 0.2927 0.0337
v  -0.3976 0.2962 0.0263
v  -0.3877 0.2712 0.0580
v  -0.3921 0.2829 0.0533
v  -0.3985 0.2913 0.0452
v  -0.4062 0.2952 0.0348
v  -0.4075 0.2701 0.0679
v  -0.4097 0.2819 0.0621
v  -0.4131 0.2905 0.0523
v  -0.4171 0.2946 0.0402
v  -0.4294 0.2698 0.0711
v  -0.4293 0.2816 0.0650
v  -0.4292 0.2903 0.0547
v  -0.4291 0.2944 0.0419
v  -0.4513 0.2703 0.0676
v  -0.4488 0.2821 0.0618
v  -0.4453 0.2906 0.0521
v  -0.4411 0.2947 0.0400
v  -0.4709 0.2715 0.0574
v  -0.4665 0.2832 0.0528
v  -0.4598 0.2916 0.0447
v  -0.4519 0.2954 0.0345
v  -0.4864 0.2734 0.0418
v  -0.4804 0.2849 0.0387
v  -0.4712 0.2930 0.0331
v  -0.4605 0.2964 0.0258
v  -0.4963 0.2758 0.0221
v  -0.4891 0.2870 0.0212
v  -0.4785 0.2947 0.0187
v  -0.4659 0.2977 0.0151
v  -0.4996 0.2783 0.0004
v  -0.4921 0.2893 0.0018
v  -0.4809 0.2966 0.0026
v  -0.4677 0.2991 0.0030
v  0.4649 0.2646 -0.0165
v  0.4683 0.2619 0.0060
v  0.4683 0.2460 0.0042
v  0.4649 0.2486 -0.0184
v  0.4182 0.2703 -0.0637
v  0.4386 0.2690 -0.0531
v  0.4385 0.2530 -0.0550
v  0.4181 0.2543 -0.0656
v  0.3955 0.2548 -0.0692
v  0.3956 0.2708 -0.0673
v  0.3728 0.2705 -0.0640
v  0.3727 0.2545 -0.0659
v  0.3523 0.2533 -0.0557
v  0.3523 0.2693 -0.0538
v  0.3359 0.2515 -0.0397
v  0.3359 0.2675 -0.0378
v  0.3253 0.2491 -0.0195
v  0.3254 0.2651 -0.0176
v  0.3216 0.2625 0.0049
v  0.3215 0.2465 0.0030
v  0.3250 0.2438 0.0255
v  0.3250 0.2598 0.0274
v  0.3352 0.2414 0.0460
v  0.3352 0.2574 0.0478
v  0.3513 0.2394 0.0622
v  0.3514 0.2554 0.0641
v  0.3717 0.2381 0.0727
v  0.3717 0.2541 0.0746
v  0.3943 0.2376 0.0764
v  0.3944 0.2536 0.0783
v  0.4170 0.2379 0.0730
v  0.4171 0.2539 0.0749
v  0.4376 0.2551 0.0648
v  0.4376 0.2391 0.0629
v  0.4539 0.2409 0.0469
v  0.4540 0.2569 0.0488
v  0.4646 0.2433 0.0267
v  0.4645 0.2593 0.0286
v  0.4546 0.2511 -0.0388
v  0.4546 0.2671 -0.0369
v  0.4525 0.2798 -0.0338
v  0.4625 0.2775 -0.0141
v  0.4465 0.2903 -0.0283
v  0.4553 0.2882 -0.0107
v  0.4374 0.2969 -0.0209
v  0.4447 0.2952 -0.0065
v  0.4267 0.2986 -0.0130
v  0.4321 0.2973 -0.0022
v  0.4370 0.2817 -0.0495
v  0.4326 0.2920 -0.0423
v  0.4260 0.2983 -0.0324
v  0.4181 0.2996 -0.0216
v  0.4174 0.2830 -0.0597
v  0.4150 0.2931 -0.0513
v  0.4116 0.2992 -0.0399
v  0.4074 0.3003 -0.0272
v  0.3955 0.2835 -0.0632
v  0.3956 0.2936 -0.0545
v  0.3955 0.2996 -0.0425
v  0.3954 0.3006 -0.0291
v  0.3737 0.2831 -0.0600
v  0.3759 0.2933 -0.0516
v  0.3794 0.2993 -0.0402
v  0.3834 0.3004 -0.0273
v  0.3538 0.2820 -0.0502
v  0.3583 0.2923 -0.0428
v  0.3648 0.2985 -0.0329
v  0.3724 0.2998 -0.0219
v  0.3381 0.2802 -0.0348
v  0.3441 0.2907 -0.0290
v  0.3531 0.2972 -0.0216
v  0.3638 0.2988 -0.0135
v  0.3279 0.2780 -0.0152
v  0.3349 0.2886 -0.0116
v  0.3456 0.2955 -0.0072
v  0.3582 0.2976 -0.0027
v  0.3242 0.2754 0.0064
v  0.3317 0.2864 0.0078
v  0.3430 0.2936 0.0088
v  0.3562 0.2962 0.0092
v  0.3275 0.2728 0.0283
v  0.3347 0.2840 0.0273
v  0.3454 0.2918 0.0248
v  0.3580 0.2948 0.0211
v  0.3374 0.2705 0.0478
v  0.3435 0.2819 0.0449
v  0.3527 0.2900 0.0392
v  0.3634 0.2935 0.0319
v  0.3530 0.2686 0.0635
v  0.3574 0.2803 0.0589
v  0.3641 0.2886 0.0508
v  0.3720 0.2924 0.0406
v  0.3726 0.2673 0.0737
v  0.3750 0.2791 0.0679
v  0.3785 0.2877 0.0582
v  0.3827 0.2917 0.0462
v  0.3944 0.2668 0.0772
v  0.3945 0.2787 0.0712
v  0.3946 0.2873 0.0609
v  0.3947 0.2915 0.0481
v  0.4163 0.2672 0.0740
v  0.4141 0.2790 0.0682
v  0.4107 0.2876 0.0585
v  0.4067 0.2917 0.0463
v  0.4361 0.2683 0.0642
v  0.4318 0.2800 0.0594
v  0.4253 0.2884 0.0513
v  0.4177 0.2923 0.0409
v  0.4519 0.2701 0.0488
v  0.4459 0.2816 0.0456
v  0.4370 0.2897 0.0399
v  0.4263 0.2932 0.0324
v  0.4621 0.2723 0.0293
v  0.4551 0.2836 0.0282
v  0.4445 0.2914 0.0255
v  0.4319 0.2945 0.0217
v  0.4657 0.2749 0.0076
v  0.4583 0.2859 0.0088
v  0.4471 0.2933 0.0095
v  0.4339 0.2959 0.0097
# 240 vertices

vn -1.0000 0.0036 -0.0072
vn -0.9949 0.1010 0.0043
vn -0.9438 0.1370 -0.3007
vn -0.9487 0.0396 -0.3138
vn -0.5817 0.0970 -0.8076
vn -0.5785 0.1941 -0.7922
vn -0.3001 0.2097 -0.9306
vn -0.3018 0.1127 -0.9467
vn 0.0079 0.2143 -0.9768
vn 0.0076 0.1173 -0.9931
vn 0.3149 0.2075 -0.9262
vn 0.3162 0.1105 -0.9422
vn 0.5939 0.0928 -0.7991
vn 0.5913 0.1899 -0.7837
vn 0.8098 0.1633 -0.5635
vn 0.8134 0.0661 -0.5779
vn 0.9491 0.1303 -0.2871
vn 0.9534 0.0329 -0.3000
vn 0.9954 0.0941 0.0187
vn 1.0000 -0.0036 0.0072
vn 0.9487 -0.0396 0.3138
vn 0.9443 0.0581 0.3237
vn 0.8009 0.0260 0.5983
vn 0.8044 -0.0719 0.5896
vn 0.5791 0.0010 0.8153
vn 0.5816 -0.0970 0.8076
vn 0.3005 -0.0146 0.9537
vn 0.3018 -0.1127 0.9467
vn -0.0076 -0.1173 0.9931
vn -0.0073 -0.0192 0.9998
vn -0.3144 -0.0124 0.9492
vn -0.3162 -0.1105 0.9422
vn -0.5939 -0.0928 0.7991
vn -0.5908 0.0052 0.8068
vn -0.8134 -0.0661 0.5779
vn -0.8093 0.0318 0.5866
vn -0.9485 0.0649 0.3101
vn -0.9534 -0.0329 0.3000
vn -0.8003 0.1691 -0.5752
vn -0.8044 0.0719 -0.5896
vn -0.0026 -0.9931 -0.1173
vn -0.8766 0.4136 -0.2457
vn -0.7433 0.4435 -0.5008
vn -0.6742 0.7249 -0.1412
vn -0.5714 0.7478 -0.3378
vn -0.3725 0.9278 -0.0162
vn -0.3156 0.9406 -0.1252
vn -0.0983 0.9917 0.0833
vn -0.0830 0.9951 0.0540
vn -0.5370 0.4667 -0.7026
vn -0.4126 0.7658 -0.4932
vn -0.2274 0.9505 -0.2114
vn -0.0592 0.9978 0.0308
vn -0.2782 0.4812 -0.8313
vn -0.2132 0.7770 -0.5923
vn -0.1168 0.9567 -0.2664
vn -0.0294 0.9994 0.0160
vn 0.0080 0.4855 -0.8742
vn 0.0073 0.7803 -0.6254
vn 0.0054 0.9586 -0.2848
vn 0.0035 0.9999 0.0110
vn 0.2936 0.4792 -0.8271
vn 0.2273 0.7754 -0.5891
vn 0.1275 0.9559 -0.2647
vn 0.0364 0.9992 0.0165
vn 0.5505 0.4629 -0.6948
vn 0.4251 0.7628 -0.4872
vn 0.2373 0.9489 -0.2080
vn 0.0659 0.9974 0.0317
vn 0.7536 0.4381 -0.4900
vn 0.5816 0.7438 -0.3295
vn 0.3239 0.9384 -0.1206
vn 0.0892 0.9945 0.0552
vn 0.8831 0.4075 -0.2329
vn 0.6813 0.7201 -0.1314
vn 0.3793 0.9253 -0.0108
vn 0.1041 0.9909 0.0848
vn 0.9260 0.3737 0.0513
vn 0.7145 0.6942 0.0875
vn 0.3977 0.9108 0.1107
vn 0.1090 0.9871 0.1175
vn 0.8786 0.3404 0.3348
vn 0.6779 0.6685 0.3059
vn 0.3774 0.8966 0.2318
vn 0.1036 0.9832 0.1501
vn 0.7453 0.3105 0.5900
vn 0.5752 0.6455 0.5025
vn 0.3205 0.8839 0.3409
vn 0.0883 0.9798 0.1795
vn 0.5390 0.2873 0.7917
vn 0.4163 0.6276 0.6579
vn 0.2323 0.8739 0.4270
vn 0.0646 0.9772 0.2027
vn 0.2803 0.2728 0.9204
vn 0.2170 0.6164 0.7569
vn 0.1217 0.8677 0.4820
vn 0.0348 0.9755 0.2175
vn -0.0060 0.2684 0.9633
vn -0.0036 0.6131 0.7900
vn -0.0005 0.8658 0.5003
vn 0.0018 0.9750 0.2224
vn -0.2915 0.2747 0.9163
vn -0.2235 0.6180 0.7538
vn -0.1226 0.8685 0.4802
vn -0.0310 0.9757 0.2170
vn -0.5484 0.2911 0.7838
vn -0.4215 0.6305 0.6519
vn -0.2324 0.8755 0.4237
vn -0.0605 0.9775 0.2018
vn -0.7515 0.3159 0.5791
vn -0.5778 0.6495 0.4941
vn -0.3190 0.8861 0.3362
vn -0.0839 0.9804 0.1782
vn -0.8810 0.3465 0.3221
vn -0.6775 0.6732 0.2961
vn -0.3744 0.8992 0.2264
vn -0.0988 0.9840 0.1487
vn -0.9241 0.3803 0.0378
vn -0.7107 0.6992 0.0772
vn -0.3928 0.9136 0.1050
vn -0.1038 0.9878 0.1159
vn 0.9492 0.1302 -0.2867
vn 0.9954 0.0940 0.0191
vn 1.0000 -0.0036 0.0076
vn 0.9535 0.0328 -0.2996
vn 0.3153 0.2075 -0.9260
vn 0.5916 0.1899 -0.7835
vn 0.5942 0.0928 -0.7989
vn 0.3166 0.1105 -0.9421
vn 0.0080 0.1173 -0.9931
vn 0.0083 0.2143 -0.9768
vn -0.2997 0.2097 -0.9308
vn -0.3014 0.1127 -0.9468
vn -0.5813 0.0970 -0.8078
vn -0.5782 0.1941 -0.7924
vn -0.8042 0.0719 -0.5899
vn -0.8001 0.1691 -0.5755
vn -0.9486 0.0397 -0.3142
vn -0.9437 0.1371 -0.3011
vn -0.9949 0.1011 0.0039
vn -1.0000 0.0036 -0.0076
vn -0.9535 -0.0328 0.2996
vn -0.9486 0.0649 0.3097
vn -0.8136 -0.0661 0.5776
vn -0.8095 0.0318 0.5863
vn -0.5942 -0.0928 0.7989
vn -0.5911 0.0052 0.8066
vn -0.3166 -0.1105 0.9421
vn -0.3148 -0.0124 0.9491
vn -0.0080 -0.1173 0.9931
vn -0.0077 -0.0192 0.9998
vn 0.3014 -0.1127 0.9468
vn 0.3001 -0.0146 0.9538
vn 0.5788 0.0010 0.8155
vn 0.5813 -0.0970 0.8078
vn 0.8042 -0.0719 0.5899
vn 0.8007 0.0260 0.5986
vn 0.9486 -0.0397 0.3142
vn 0.9442 0.0581 0.3241
vn 0.8136 0.0661 -0.5776
vn 0.8100 0.1633 -0.5632
vn 0.7539 0.4381 -0.4897
vn 0.8832 0.4074 -0.2326
vn 0.5818 0.7437 -0.3293
vn 0.6814 0.7201 -0.1311
vn 0.3240 0.9384 -0.1205
vn 0.3793 0.9252 -0.0106
vn 0.0892 0.9945 0.0553
vn 0.5508 0.4629 -0.6945
vn 0.4253 0.7628 -0.4870
vn 0.2374 0.9489 -0.2079
vn 0.0660 0.9974 0.0317
vn 0.2940 0.4792 -0.8270
vn 0.2276 0.7754 -0.5890
vn 0.1276 0.9559 -0.2646
vn 0.0084 0.4856 -0.8742
vn 0.0075 0.7803 -0.6254
vn 0.0056 0.9586 -0.2848
vn -0.2778 0.4812 -0.8314
vn -0.2129 0.7770 -0.5924
vn -0.1167 0.9567 -0.2665
vn -0.0294 0.9994 0.0159
vn -0.5367 0.4667 -0.7029
vn -0.4124 0.7658 -0.4934
vn -0.2273 0.9505 -0.2115
vn -0.0591 0.9978 0.0308
vn -0.7430 0.4435 -0.5011
vn -0.5713 0.7479 -0.3381
vn -0.3155 0.9406 -0.1253
vn -0.0830 0.9951 0.0539
vn -0.8765 0.4137 -0.2460
vn -0.6741 0.7249 -0.1415
vn -0.3725 0.9279 -0.0164
vn -0.9241 0.3803 0.0375
vn -0.7107 0.6992 0.0769
vn -0.3928 0.9136 0.1048
vn -0.1038 0.9879 0.1159
vn -0.8811 0.3466 0.3218
vn -0.6776 0.6733 0.2959
vn -0.3745 0.8992 0.2262
vn -0.0988 0.9840 0.1486
vn -0.7518 0.3159 0.5788
vn -0.5780 0.6496 0.4939
vn -0.3191 0.8861 0.3360
vn -0.5487 0.2911 0.7836
vn -0.4217 0.6305 0.6517
vn -0.2325 0.8755 0.4236
vn -0.0606 0.9776 0.2018
vn -0.2919 0.2748 0.9162
vn -0.2238 0.6180 0.7538
vn -0.1227 0.8685 0.4802
vn -0.0064 0.2684 0.9633
vn -0.0038 0.6131 0.7900
vn -0.0007 0.8658 0.5003
vn 0.2799 0.2727 0.9205
vn 0.2167 0.6164 0.7570
vn 0.1216 0.8677 0.4820
vn 0.5387 0.2873 0.7919
vn 0.4161 0.6275 0.6581
vn 0.2322 0.8739 0.4271
vn 0.0645 0.9771 0.2027
vn 0.7450 0.3105 0.5903
vn 0.5750 0.6454 0.5027
vn 0.3203 0.8838 0.3410
vn 0.8785 0.3403 0.3351
vn 0.6778 0.6684 0.3061
vn 0.3774 0.8966 0.2320
vn 0.1036 0.9832 0.1502
vn 0.9260 0.3737 0.0516
vn 0.7145 0.6942 0.0878
vn 0.3977 0.9108 0.1109
# 231 vertex normals

vt 0.6462 0.8451 0.0000
vt 0.6467 0.8438 0.0000
vt 0.6487 0.8443 0.0000
vt 0.6483 0.8458 0.0000
vt 0.6492 0.8224 0.0000
vt 0.6492 0.8236 0.0000
vt 0.6476 0.8237 0.0000
vt 0.6474 0.8225 0.0000
vt 0.6461 0.8240 0.0000
vt 0.6457 0.8229 0.0000
vt 0.6446 0.8246 0.0000
vt 0.6441 0.8235 0.0000
vt 0.6425 0.8244 0.0000
vt 0.6432 0.8254 0.0000
vt 0.6420 0.8265 0.0000
vt 0.6411 0.8256 0.0000
vt 0.6409 0.8277 0.0000
vt 0.6399 0.8270 0.0000
vt 0.6401 0.8292 0.0000
vt 0.6390 0.8286 0.0000
vt 0.6383 0.8304 0.0000
vt 0.6395 0.8308 0.0000
vt 0.6392 0.8324 0.0000
vt 0.6379 0.8323 0.0000
vt 0.6392 0.8342 0.0000
vt 0.6379 0.8342 0.0000
vt 0.6395 0.8359 0.0000
vt 0.6382 0.8362 0.0000
vt 0.6388 0.8381 0.0000
vt 0.6400 0.8376 0.0000
vt 0.6409 0.8392 0.0000
vt 0.6397 0.8399 0.0000
vt 0.6410 0.8416 0.0000
vt 0.6420 0.8407 0.0000
vt 0.6425 0.8430 0.0000
vt 0.6434 0.8419 0.0000
vt 0.6450 0.8430 0.0000
vt 0.6443 0.8442 0.0000
vt 0.6507 0.8447 0.0000
vt 0.6504 0.8462 0.0000
vt 0.6509 0.8224 0.0000
vt 0.6509 0.8236 0.0000
vt 0.7179 0.5906 0.0000
vt 0.7184 0.5889 0.0000
vt 0.7195 0.5875 0.0000
vt 0.7209 0.5865 0.0000
vt 0.7226 0.5859 0.0000
vt 0.7179 0.5924 0.0000
vt 0.7244 0.5859 0.0000
vt 0.7260 0.5865 0.0000
vt 0.7275 0.5875 0.0000
vt 0.7285 0.5889 0.0000
vt 0.7291 0.5906 0.0000
vt 0.7291 0.5924 0.0000
vt 0.7285 0.5941 0.0000
vt 0.7275 0.5955 0.0000
vt 0.7260 0.5966 0.0000
vt 0.7244 0.5971 0.0000
vt 0.7226 0.5971 0.0000
vt 0.7209 0.5966 0.0000
vt 0.7184 0.5941 0.0000
vt 0.7195 0.5955 0.0000
vt 0.6489 0.8432 0.0000
vt 0.6509 0.8434 0.0000
vt 0.6491 0.8421 0.0000
vt 0.6509 0.8421 0.0000
vt 0.6492 0.8409 0.0000
vt 0.6508 0.8408 0.0000
vt 0.6493 0.8396 0.0000
vt 0.6505 0.8395 0.0000
vt 0.6508 0.8247 0.0000
vt 0.6492 0.8245 0.0000
vt 0.6506 0.8256 0.0000
vt 0.6492 0.8254 0.0000
vt 0.6502 0.8266 0.0000
vt 0.6491 0.8263 0.0000
vt 0.6498 0.8275 0.0000
vt 0.6490 0.8273 0.0000
vt 0.6477 0.8246 0.0000
vt 0.6478 0.8254 0.0000
vt 0.6479 0.8263 0.0000
vt 0.6480 0.8273 0.0000
vt 0.6463 0.8249 0.0000
vt 0.6466 0.8257 0.0000
vt 0.6468 0.8266 0.0000
vt 0.6471 0.8275 0.0000
vt 0.6450 0.8254 0.0000
vt 0.6454 0.8262 0.0000
vt 0.6458 0.8270 0.0000
vt 0.6463 0.8279 0.0000
vt 0.6438 0.8262 0.0000
vt 0.6443 0.8269 0.0000
vt 0.6448 0.8276 0.0000
vt 0.6454 0.8284 0.0000
vt 0.6427 0.8271 0.0000
vt 0.6433 0.8277 0.0000
vt 0.6440 0.8284 0.0000
vt 0.6447 0.8291 0.0000
vt 0.6417 0.8283 0.0000
vt 0.6425 0.8288 0.0000
vt 0.6433 0.8293 0.0000
vt 0.6441 0.8299 0.0000
vt 0.6410 0.8296 0.0000
vt 0.6418 0.8299 0.0000
vt 0.6427 0.8303 0.0000
vt 0.6437 0.8308 0.0000
vt 0.6405 0.8310 0.0000
vt 0.6414 0.8312 0.0000
vt 0.6423 0.8315 0.0000
vt 0.6433 0.8317 0.0000
vt 0.6402 0.8325 0.0000
vt 0.6411 0.8326 0.0000
vt 0.6421 0.8327 0.0000
vt 0.6432 0.8328 0.0000
vt 0.6402 0.8341 0.0000
vt 0.6411 0.8340 0.0000
vt 0.6421 0.8339 0.0000
vt 0.6432 0.8338 0.0000
vt 0.6404 0.8357 0.0000
vt 0.6414 0.8354 0.0000
vt 0.6424 0.8352 0.0000
vt 0.6434 0.8349 0.0000
vt 0.6410 0.8372 0.0000
vt 0.6419 0.8368 0.0000
vt 0.6428 0.8364 0.0000
vt 0.6438 0.8359 0.0000
vt 0.6417 0.8386 0.0000
vt 0.6426 0.8381 0.0000
vt 0.6434 0.8375 0.0000
vt 0.6444 0.8368 0.0000
vt 0.6428 0.8399 0.0000
vt 0.6435 0.8392 0.0000
vt 0.6443 0.8385 0.0000
vt 0.6451 0.8377 0.0000
vt 0.6440 0.8411 0.0000
vt 0.6446 0.8403 0.0000
vt 0.6453 0.8394 0.0000
vt 0.6460 0.8384 0.0000
vt 0.6455 0.8420 0.0000
vt 0.6460 0.8411 0.0000
vt 0.6465 0.8401 0.0000
vt 0.6470 0.8390 0.0000
vt 0.6471 0.8427 0.0000
vt 0.6474 0.8417 0.0000
vt 0.6478 0.8406 0.0000
vt 0.6481 0.8394 0.0000
vt 0.5226 0.4183 0.0000
vt 0.5217 0.4180 0.0000
vt 0.5209 0.4174 0.0000
vt 0.5203 0.4167 0.0000
vt 0.5235 0.4183 0.0000
vt 0.5201 0.4158 0.0000
vt 0.5201 0.4148 0.0000
vt 0.5203 0.4140 0.0000
vt 0.5209 0.4132 0.0000
vt 0.5217 0.4126 0.0000
vt 0.5226 0.4123 0.0000
vt 0.5235 0.4123 0.0000
vt 0.5244 0.4126 0.0000
vt 0.5252 0.4132 0.0000
vt 0.5257 0.4140 0.0000
vt 0.5260 0.4148 0.0000
vt 0.5260 0.4158 0.0000
vt 0.5257 0.4167 0.0000
vt 0.5252 0.4174 0.0000
vt 0.5244 0.4180 0.0000
# 166 texture coords

o Cylinder_018_Cylinder_020
g Cylinder_018_Cylinder_020
f 2015/2537/2038 2016/2538/2039 2017/2539/2040 
f 2017/2539/2040 2018/2540/2041 2015/2537/2038 
f 2019/2541/2042 2020/2542/2043 2021/2543/2044 
f 2021/2543/2044 2022/2544/2045 2019/2541/2042 
f 2023/2545/2046 2024/2546/2047 2022/2544/2045 
f 2022/2544/2045 2021/2543/2044 2023/2545/2046 
f 2024/2546/2047 2023/2545/2046 2025/2547/2048 
f 2025/2547/2048 2026/2548/2049 2024/2546/2047 
f 2027/2549/2050 2026/2548/2049 2025/2547/2048 
f 2025/2547/2048 2028/2550/2051 2027/2549/2050 
f 2027/2549/2050 2028/2550/2051 2029/2551/2052 
f 2029/2551/2052 2030/2552/2053 2027/2549/2050 
f 2029/2551/2052 2031/2553/2054 2032/2554/2055 
f 2032/2554/2055 2030/2552/2053 2029/2551/2052 
f 2032/2554/2055 2031/2553/2054 2033/2555/2056 
f 2033/2555/2056 2034/2556/2057 2032/2554/2055 
f 2035/2557/2058 2034/2556/2057 2033/2555/2056 
f 2033/2555/2056 2036/2558/2059 2035/2557/2058 
f 2036/2558/2059 2037/2559/2060 2038/2560/2061 
f 2038/2560/2061 2035/2557/2058 2036/2558/2059 
f 2037/2559/2060 2039/2561/2062 2040/2562/2063 
f 2040/2562/2063 2038/2560/2061 2037/2559/2060 
f 2041/2563/2064 2042/2564/2065 2040/2562/2063 
f 2040/2562/2063 2039/2561/2062 2041/2563/2064 
f 2043/2565/2066 2042/2564/2065 2041/2563/2064 
f 2041/2563/2064 2044/2566/2067 2043/2565/2066 
f 2045/2567/2068 2046/2568/2069 2043/2565/2066 
f 2043/2565/2066 2044/2566/2067 2045/2567/2068 
f 2047/2569/2070 2046/2568/2069 2045/2567/2068 
f 2045/2567/2068 2048/2570/2071 2047/2569/2070 
f 2049/2571/2072 2047/2569/2070 2048/2570/2071 
f 2048/2570/2071 2050/2572/2073 2049/2571/2072 
f 2049/2571/2072 2050/2572/2073 2051/2573/2074 
f 2051/2573/2074 2052/2574/2075 2049/2571/2072 
f 2051/2573/2074 2016/2538/2039 2015/2537/2038 
f 2015/2537/2038 2052/2574/2075 2051/2573/2074 
f 2018/2540/2041 2017/2539/2040 2053/2575/2076 
f 2053/2575/2076 2054/2576/2077 2018/2540/2041 
f 2020/2542/2043 2019/2541/2042 2054/2577/2077 
f 2054/2577/2077 2053/2578/2076 2020/2542/2043 
f 2022/2579/2078 2024/2580/2078 2026/2581/2078 
f 2022/2579/2078 2026/2581/2078 2027/2582/2078 
f 2022/2579/2078 2027/2582/2078 2030/2583/2078 
f 2019/2584/2078 2022/2579/2078 2030/2583/2078 
f 2032/2585/2078 2034/2586/2078 2035/2587/2078 
f 2030/2583/2078 2032/2585/2078 2035/2587/2078 
f 2019/2584/2078 2030/2583/2078 2035/2587/2078 
f 2019/2584/2078 2035/2587/2078 2038/2588/2078 
f 2019/2584/2078 2038/2588/2078 2040/2589/2078 
f 2019/2584/2078 2040/2589/2078 2042/2590/2078 
f 2019/2584/2078 2042/2590/2078 2043/2591/2078 
f 2043/2591/2078 2046/2592/2078 2047/2593/2078 
f 2019/2584/2078 2043/2591/2078 2047/2593/2078 
f 2047/2593/2078 2049/2594/2078 2052/2595/2078 
f 2019/2584/2078 2047/2593/2078 2052/2595/2078 
f 2019/2584/2078 2052/2595/2078 2015/2596/2078 
f 2054/2597/2078 2019/2584/2078 2015/2596/2078 
f 2018/2598/2078 2054/2597/2078 2015/2596/2078 
f 2017/2539/2040 2055/2599/2079 2056/2600/2080 
f 2056/2600/2080 2053/2575/2076 2017/2539/2040 
f 2055/2599/2079 2057/2601/2081 2058/2602/2082 
f 2058/2602/2082 2056/2600/2080 2055/2599/2079 
f 2058/2602/2082 2057/2601/2081 2059/2603/2083 
f 2059/2603/2083 2060/2604/2084 2058/2602/2082 
f 2060/2604/2084 2059/2603/2083 2061/2605/2085 
f 2061/2605/2085 2062/2606/2086 2060/2604/2084 
f 2020/2542/2043 2053/2578/2076 2056/2607/2080 
f 2056/2607/2080 2063/2608/2087 2020/2542/2043 
f 2058/2609/2082 2064/2610/2088 2063/2608/2087 
f 2063/2608/2087 2056/2607/2080 2058/2609/2082 
f 2064/2610/2088 2058/2609/2082 2060/2611/2084 
f 2060/2611/2084 2065/2612/2089 2064/2610/2088 
f 2060/2611/2084 2062/2613/2086 2066/2614/2090 
f 2066/2614/2090 2065/2612/2089 2060/2611/2084 
f 2021/2543/2044 2020/2542/2043 2063/2608/2087 
f 2063/2608/2087 2067/2615/2091 2021/2543/2044 
f 2067/2615/2091 2063/2608/2087 2064/2610/2088 
f 2064/2610/2088 2068/2616/2092 2067/2615/2091 
f 2068/2616/2092 2064/2610/2088 2065/2612/2089 
f 2065/2612/2089 2069/2617/2093 2068/2616/2092 
f 2065/2612/2089 2066/2614/2090 2070/2618/2094 
f 2070/2618/2094 2069/2617/2093 2065/2612/2089 
f 2067/2615/2091 2071/2619/2095 2023/2545/2046 
f 2023/2545/2046 2021/2543/2044 2067/2615/2091 
f 2067/2615/2091 2068/2616/2092 2072/2620/2096 
f 2072/2620/2096 2071/2619/2095 2067/2615/2091 
f 2068/2616/2092 2069/2617/2093 2073/2621/2097 
f 2073/2621/2097 2072/2620/2096 2068/2616/2092 
f 2070/2618/2094 2074/2622/2098 2073/2621/2097 
f 2073/2621/2097 2069/2617/2093 2070/2618/2094 
f 2071/2619/2095 2075/2623/2099 2025/2547/2048 
f 2025/2547/2048 2023/2545/2046 2071/2619/2095 
f 2075/2623/2099 2071/2619/2095 2072/2620/2096 
f 2072/2620/2096 2076/2624/2100 2075/2623/2099 
f 2076/2624/2100 2072/2620/2096 2073/2621/2097 
f 2073/2621/2097 2077/2625/2101 2076/2624/2100 
f 2077/2625/2101 2073/2621/2097 2074/2622/2098 
f 2074/2622/2098 2078/2626/2102 2077/2625/2101 
f 2028/2550/2051 2025/2547/2048 2075/2623/2099 
f 2075/2623/2099 2079/2627/2103 2028/2550/2051 
f 2076/2624/2100 2080/2628/2104 2079/2627/2103 
f 2079/2627/2103 2075/2623/2099 2076/2624/2100 
f 2080/2628/2104 2076/2624/2100 2077/2625/2101 
f 2077/2625/2101 2081/2629/2105 2080/2628/2104 
f 2077/2625/2101 2078/2626/2102 2082/2630/2106 
f 2082/2630/2106 2081/2629/2105 2077/2625/2101 
f 2083/2631/2107 2029/2551/2052 2028/2550/2051 
f 2028/2550/2051 2079/2627/2103 2083/2631/2107 
f 2079/2627/2103 2080/2628/2104 2084/2632/2108 
f 2084/2632/2108 2083/2631/2107 2079/2627/2103 
f 2084/2632/2108 2080/2628/2104 2081/2629/2105 
f 2081/2629/2105 2085/2633/2109 2084/2632/2108 
f 2081/2629/2105 2082/2630/2106 2086/2634/2110 
f 2086/2634/2110 2085/2633/2109 2081/2629/2105 
f 2083/2631/2107 2087/2635/2111 2031/2553/2054 
f 2031/2553/2054 2029/2551/2052 2083/2631/2107 
f 2083/2631/2107 2084/2632/2108 2088/2636/2112 
f 2088/2636/2112 2087/2635/2111 2083/2631/2107 
f 2089/2637/2113 2088/2636/2112 2084/2632/2108 
f 2084/2632/2108 2085/2633/2109 2089/2637/2113 
f 2085/2633/2109 2086/2634/2110 2090/2638/2114 
f 2090/2638/2114 2089/2637/2113 2085/2633/2109 
f 2033/2555/2056 2031/2553/2054 2087/2635/2111 
f 2087/2635/2111 2091/2639/2115 2033/2555/2056 
f 2088/2636/2112 2092/2640/2116 2091/2639/2115 
f 2091/2639/2115 2087/2635/2111 2088/2636/2112 
f 2088/2636/2112 2089/2637/2113 2093/2641/2117 
f 2093/2641/2117 2092/2640/2116 2088/2636/2112 
f 2090/2638/2114 2094/2642/2118 2093/2641/2117 
f 2093/2641/2117 2089/2637/2113 2090/2638/2114 
f 2036/2558/2059 2033/2555/2056 2091/2639/2115 
f 2091/2639/2115 2095/2643/2119 2036/2558/2059 
f 2096/2644/2120 2095/2643/2119 2091/2639/2115 
f 2091/2639/2115 2092/2640/2116 2096/2644/2120 
f 2093/2641/2117 2097/2645/2121 2096/2644/2120 
f 2096/2644/2120 2092/2640/2116 2093/2641/2117 
f 2097/2645/2121 2093/2641/2117 2094/2642/2118 
f 2094/2642/2118 2098/2646/2122 2097/2645/2121 
f 2037/2559/2060 2036/2558/2059 2095/2643/2119 
f 2095/2643/2119 2099/2647/2123 2037/2559/2060 
f 2095/2643/2119 2096/2644/2120 2100/2648/2124 
f 2100/2648/2124 2099/2647/2123 2095/2643/2119 
f 2100/2648/2124 2096/2644/2120 2097/2645/2121 
f 2097/2645/2121 2101/2649/2125 2100/2648/2124 
f 2098/2646/2122 2102/2650/2126 2101/2649/2125 
f 2101/2649/2125 2097/2645/2121 2098/2646/2122 
f 2039/2561/2062 2037/2559/2060 2099/2647/2123 
f 2099/2647/2123 2103/2651/2127 2039/2561/2062 
f 2099/2647/2123 2100/2648/2124 2104/2652/2128 
f 2104/2652/2128 2103/2651/2127 2099/2647/2123 
f 2101/2649/2125 2105/2653/2129 2104/2652/2128 
f 2104/2652/2128 2100/2648/2124 2101/2649/2125 
f 2105/2653/2129 2101/2649/2125 2102/2650/2126 
f 2102/2650/2126 2106/2654/2130 2105/2653/2129 
f 2041/2563/2064 2039/2561/2062 2103/2651/2127 
f 2103/2651/2127 2107/2655/2131 2041/2563/2064 
f 2104/2652/2128 2108/2656/2132 2107/2655/2131 
f 2107/2655/2131 2103/2651/2127 2104/2652/2128 
f 2108/2656/2132 2104/2652/2128 2105/2653/2129 
f 2105/2653/2129 2109/2657/2133 2108/2656/2132 
f 2105/2653/2129 2106/2654/2130 2110/2658/2134 
f 2110/2658/2134 2109/2657/2133 2105/2653/2129 
f 2044/2566/2067 2041/2563/2064 2107/2655/2131 
f 2107/2655/2131 2111/2659/2135 2044/2566/2067 
f 2111/2659/2135 2107/2655/2131 2108/2656/2132 
f 2108/2656/2132 2112/2660/2136 2111/2659/2135 
f 2113/2661/2137 2112/2660/2136 2108/2656/2132 
f 2108/2656/2132 2109/2657/2133 2113/2661/2137 
f 2110/2658/2134 2114/2662/2138 2113/2661/2137 
f 2113/2661/2137 2109/2657/2133 2110/2658/2134 
f 2044/2566/2067 2111/2659/2135 2115/2663/2139 
f 2115/2663/2139 2045/2567/2068 2044/2566/2067 
f 2111/2659/2135 2112/2660/2136 2116/2664/2140 
f 2116/2664/2140 2115/2663/2139 2111/2659/2135 
f 2116/2664/2140 2112/2660/2136 2113/2661/2137 
f 2113/2661/2137 2117/2665/2141 2116/2664/2140 
f 2113/2661/2137 2114/2662/2138 2118/2666/2142 
f 2118/2666/2142 2117/2665/2141 2113/2661/2137 
f 2045/2567/2068 2115/2663/2139 2119/2667/2143 
f 2119/2667/2143 2048/2570/2071 2045/2567/2068 
f 2115/2663/2139 2116/2664/2140 2120/2668/2144 
f 2120/2668/2144 2119/2667/2143 2115/2663/2139 
f 2116/2664/2140 2117/2665/2141 2121/2669/2145 
f 2121/2669/2145 2120/2668/2144 2116/2664/2140 
f 2122/2670/2146 2121/2669/2145 2117/2665/2141 
f 2117/2665/2141 2118/2666/2142 2122/2670/2146 
f 2050/2572/2073 2048/2570/2071 2119/2667/2143 
f 2119/2667/2143 2123/2671/2147 2050/2572/2073 
f 2120/2668/2144 2124/2672/2148 2123/2671/2147 
f 2123/2671/2147 2119/2667/2143 2120/2668/2144 
f 2124/2672/2148 2120/2668/2144 2121/2669/2145 
f 2121/2669/2145 2125/2673/2149 2124/2672/2148 
f 2121/2669/2145 2122/2670/2146 2126/2674/2150 
f 2126/2674/2150 2125/2673/2149 2121/2669/2145 
f 2123/2671/2147 2127/2675/2151 2051/2573/2074 
f 2051/2573/2074 2050/2572/2073 2123/2671/2147 
f 2127/2675/2151 2123/2671/2147 2124/2672/2148 
f 2124/2672/2148 2128/2676/2152 2127/2675/2151 
f 2124/2672/2148 2125/2673/2149 2129/2677/2153 
f 2129/2677/2153 2128/2676/2152 2124/2672/2148 
f 2125/2673/2149 2126/2674/2150 2130/2678/2154 
f 2130/2678/2154 2129/2677/2153 2125/2673/2149 
f 2016/2538/2039 2051/2573/2074 2127/2675/2151 
f 2127/2675/2151 2131/2679/2155 2016/2538/2039 
f 2127/2675/2151 2128/2676/2152 2132/2680/2156 
f 2132/2680/2156 2131/2679/2155 2127/2675/2151 
f 2132/2680/2156 2128/2676/2152 2129/2677/2153 
f 2129/2677/2153 2133/2681/2157 2132/2680/2156 
f 2129/2677/2153 2130/2678/2154 2134/2682/2158 
f 2134/2682/2158 2133/2681/2157 2129/2677/2153 
f 2055/2599/2079 2017/2539/2040 2016/2538/2039 
f 2016/2538/2039 2131/2679/2155 2055/2599/2079 
f 2131/2679/2155 2132/2680/2156 2057/2601/2081 
f 2057/2601/2081 2055/2599/2079 2131/2679/2155 
f 2133/2681/2157 2059/2603/2083 2057/2601/2081 
f 2057/2601/2081 2132/2680/2156 2133/2681/2157 
f 2133/2681/2157 2134/2682/2158 2061/2605/2085 
f 2061/2605/2085 2059/2603/2083 2133/2681/2157 
f 2134/2683/2158 2130/2684/2154 2126/2685/2150 
f 2134/2683/2158 2126/2685/2150 2122/2686/2146 
f 2061/2687/2085 2134/2683/2158 2122/2686/2146 
f 2061/2687/2085 2122/2686/2146 2118/2688/2142 
f 2061/2687/2085 2118/2688/2142 2114/2689/2138 
f 2114/2689/2138 2110/2690/2134 2106/2691/2130 
f 2106/2691/2130 2102/2692/2126 2098/2693/2122 
f 2114/2689/2138 2106/2691/2130 2098/2693/2122 
f 2061/2687/2085 2114/2689/2138 2098/2693/2122 
f 2094/2694/2118 2090/2695/2114 2086/2696/2110 
f 2098/2693/2122 2094/2694/2118 2086/2696/2110 
f 2061/2687/2085 2098/2693/2122 2086/2696/2110 
f 2061/2687/2085 2086/2696/2110 2082/2697/2106 
f 2061/2687/2085 2082/2697/2106 2078/2698/2102 
f 2078/2698/2102 2074/2699/2098 2070/2700/2094 
f 2061/2687/2085 2078/2698/2102 2070/2700/2094 
f 2061/2687/2085 2070/2700/2094 2066/2701/2090 
f 2062/2702/2086 2061/2687/2085 2066/2701/2090 
f 2135/2539/2159 2136/2538/2160 2137/2537/2161 
f 2137/2537/2161 2138/2540/2162 2135/2539/2159 
f 2139/2543/2163 2140/2542/2164 2141/2541/2165 
f 2141/2541/2165 2142/2544/2166 2139/2543/2163 
f 2143/2546/2167 2144/2545/2168 2139/2543/2163 
f 2139/2543/2163 2142/2544/2166 2143/2546/2167 
f 2145/2547/2169 2144/2545/2168 2143/2546/2167 
f 2143/2546/2167 2146/2548/2170 2145/2547/2169 
f 2145/2547/2169 2146/2548/2170 2147/2549/2171 
f 2147/2549/2171 2148/2550/2172 2145/2547/2169 
f 2147/2549/2171 2149/2552/2173 2150/2551/2174 
f 2150/2551/2174 2148/2550/2172 2147/2549/2171 
f 2151/2554/2175 2152/2553/2176 2150/2551/2174 
f 2150/2551/2174 2149/2552/2173 2151/2554/2175 
f 2153/2555/2177 2152/2553/2176 2151/2554/2175 
f 2151/2554/2175 2154/2556/2178 2153/2555/2177 
f 2154/2556/2178 2155/2557/2179 2156/2558/2180 
f 2156/2558/2180 2153/2555/2177 2154/2556/2178 
f 2155/2557/2179 2157/2560/2181 2158/2559/2182 
f 2158/2559/2182 2156/2558/2180 2155/2557/2179 
f 2159/2562/2183 2160/2561/2184 2158/2559/2182 
f 2158/2559/2182 2157/2560/2181 2159/2562/2183 
f 2161/2564/2185 2162/2563/2186 2160/2561/2184 
f 2160/2561/2184 2159/2562/2183 2161/2564/2185 
f 2163/2565/2187 2164/2566/2188 2162/2563/2186 
f 2162/2563/2186 2161/2564/2185 2163/2565/2187 
f 2165/2568/2189 2166/2567/2190 2164/2566/2188 
f 2164/2566/2188 2163/2565/2187 2165/2568/2189 
f 2167/2570/2191 2166/2567/2190 2165/2568/2189 
f 2165/2568/2189 2168/2569/2192 2167/2570/2191 
f 2168/2569/2192 2169/2571/2193 2170/2572/2194 
f 2170/2572/2194 2167/2570/2191 2168/2569/2192 
f 2169/2571/2193 2171/2574/2195 2172/2573/2196 
f 2172/2573/2196 2170/2572/2194 2169/2571/2193 
f 2171/2574/2195 2137/2537/2161 2136/2538/2160 
f 2136/2538/2160 2172/2573/2196 2171/2574/2195 
f 2138/2540/2162 2173/2576/2197 2174/2575/2198 
f 2174/2575/2198 2135/2539/2159 2138/2540/2162 
f 2140/2542/2164 2174/2578/2198 2173/2577/2197 
f 2173/2577/2197 2141/2541/2165 2140/2542/2164 
f 2137/2596/2078 2171/2595/2078 2169/2594/2078 
f 2168/2593/2078 2165/2592/2078 2163/2591/2078 
f 2163/2591/2078 2161/2590/2078 2159/2589/2078 
f 2159/2589/2078 2157/2588/2078 2155/2587/2078 
f 2163/2591/2078 2159/2589/2078 2155/2587/2078 
f 2168/2593/2078 2163/2591/2078 2155/2587/2078 
f 2168/2593/2078 2155/2587/2078 2154/2586/2078 
f 2169/2594/2078 2168/2593/2078 2154/2586/2078 
f 2137/2596/2078 2169/2594/2078 2154/2586/2078 
f 2154/2586/2078 2151/2585/2078 2149/2583/2078 
f 2137/2596/2078 2154/2586/2078 2149/2583/2078 
f 2138/2598/2078 2137/2596/2078 2149/2583/2078 
f 2138/2598/2078 2149/2583/2078 2147/2582/2078 
f 2147/2582/2078 2146/2581/2078 2143/2580/2078 
f 2138/2598/2078 2147/2582/2078 2143/2580/2078 
f 2138/2598/2078 2143/2580/2078 2142/2579/2078 
f 2138/2598/2078 2142/2579/2078 2141/2584/2078 
f 2138/2598/2078 2141/2584/2078 2173/2597/2078 
f 2135/2539/2159 2174/2575/2198 2175/2600/2199 
f 2175/2600/2199 2176/2599/2200 2135/2539/2159 
f 2176/2599/2200 2175/2600/2199 2177/2602/2201 
f 2177/2602/2201 2178/2601/2202 2176/2599/2200 
f 2177/2602/2201 2179/2604/2203 2180/2603/2204 
f 2180/2603/2204 2178/2601/2202 2177/2602/2201 
f 2179/2604/2203 2181/2606/2205 2182/2605/2114 
f 2182/2605/2114 2180/2603/2204 2179/2604/2203 
f 2140/2542/2164 2183/2608/2206 2175/2607/2199 
f 2175/2607/2199 2174/2578/2198 2140/2542/2164 
f 2184/2610/2207 2177/2609/2201 2175/2607/2199 
f 2175/2607/2199 2183/2608/2206 2184/2610/2207 
f 2177/2609/2201 2184/2610/2207 2185/2612/2208 
f 2185/2612/2208 2179/2611/2203 2177/2609/2201 
f 2179/2611/2203 2185/2612/2208 2186/2614/2209 
f 2186/2614/2209 2181/2613/2205 2179/2611/2203 
f 2183/2608/2206 2140/2542/2164 2139/2543/2163 
f 2139/2543/2163 2187/2615/2210 2183/2608/2206 
f 2183/2608/2206 2187/2615/2210 2188/2616/2211 
f 2188/2616/2211 2184/2610/2207 2183/2608/2206 
f 2188/2616/2211 2189/2617/2212 2185/2612/2208 
f 2185/2612/2208 2184/2610/2207 2188/2616/2211 
f 2190/2618/2102 2186/2614/2209 2185/2612/2208 
f 2185/2612/2208 2189/2617/2212 2190/2618/2102 
f 2139/2543/2163 2144/2545/2168 2191/2619/2213 
f 2191/2619/2213 2187/2615/2210 2139/2543/2163 
f 2187/2615/2210 2191/2619/2213 2192/2620/2214 
f 2192/2620/2214 2188/2616/2211 2187/2615/2210 
f 2193/2621/2215 2189/2617/2212 2188/2616/2211 
f 2188/2616/2211 2192/2620/2214 2193/2621/2215 
f 2190/2618/2102 2189/2617/2212 2193/2621/2215 
f 2193/2621/2215 2194/2622/2098 2190/2618/2102 
f 2191/2619/2213 2144/2545/2168 2145/2547/2169 
f 2145/2547/2169 2195/2623/2216 2191/2619/2213 
f 2192/2620/2214 2191/2619/2213 2195/2623/2216 
f 2195/2623/2216 2196/2624/2217 2192/2620/2214 
f 2196/2624/2217 2197/2625/2218 2193/2621/2215 
f 2193/2621/2215 2192/2620/2214 2196/2624/2217 
f 2193/2621/2215 2197/2625/2218 2198/2626/2219 
f 2198/2626/2219 2194/2622/2098 2193/2621/2215 
f 2148/2550/2172 2199/2627/2220 2195/2623/2216 
f 2195/2623/2216 2145/2547/2169 2148/2550/2172 
f 2199/2627/2220 2200/2628/2221 2196/2624/2217 
f 2196/2624/2217 2195/2623/2216 2199/2627/2220 
f 2197/2625/2218 2196/2624/2217 2200/2628/2221 
f 2200/2628/2221 2201/2629/2222 2197/2625/2218 
f 2201/2629/2222 2202/2630/2223 2198/2626/2219 
f 2198/2626/2219 2197/2625/2218 2201/2629/2222 
f 2199/2627/2220 2148/2550/2172 2150/2551/2174 
f 2150/2551/2174 2203/2631/2224 2199/2627/2220 
f 2203/2631/2224 2204/2632/2225 2200/2628/2221 
f 2200/2628/2221 2199/2627/2220 2203/2631/2224 
f 2205/2633/2226 2201/2629/2222 2200/2628/2221 
f 2200/2628/2221 2204/2632/2225 2205/2633/2226 
f 2205/2633/2226 2206/2634/2227 2202/2630/2223 
f 2202/2630/2223 2201/2629/2222 2205/2633/2226 
f 2152/2553/2176 2207/2635/2228 2203/2631/2224 
f 2203/2631/2224 2150/2551/2174 2152/2553/2176 
f 2207/2635/2228 2208/2636/2229 2204/2632/2225 
f 2204/2632/2225 2203/2631/2224 2207/2635/2228 
f 2209/2637/2230 2205/2633/2226 2204/2632/2225 
f 2204/2632/2225 2208/2636/2229 2209/2637/2230 
f 2205/2633/2226 2209/2637/2230 2210/2638/2085 
f 2210/2638/2085 2206/2634/2227 2205/2633/2226 
f 2153/2555/2177 2211/2639/2231 2207/2635/2228 
f 2207/2635/2228 2152/2553/2176 2153/2555/2177 
f 2212/2640/2232 2208/2636/2229 2207/2635/2228 
f 2207/2635/2228 2211/2639/2231 2212/2640/2232 
f 2212/2640/2232 2213/2641/2233 2209/2637/2230 
f 2209/2637/2230 2208/2636/2229 2212/2640/2232 
f 2209/2637/2230 2213/2641/2233 2214/2642/2234 
f 2214/2642/2234 2210/2638/2085 2209/2637/2230 
f 2211/2639/2231 2153/2555/2177 2156/2558/2180 
f 2156/2558/2180 2215/2643/2235 2211/2639/2231 
f 2211/2639/2231 2215/2643/2235 2216/2644/2236 
f 2216/2644/2236 2212/2640/2232 2211/2639/2231 
f 2213/2641/2233 2212/2640/2232 2216/2644/2236 
f 2216/2644/2236 2217/2645/2237 2213/2641/2233 
f 2213/2641/2233 2217/2645/2237 2218/2646/2238 
f 2218/2646/2238 2214/2642/2234 2213/2641/2233 
f 2215/2643/2235 2156/2558/2180 2158/2559/2182 
f 2158/2559/2182 2219/2647/2239 2215/2643/2235 
f 2216/2644/2236 2215/2643/2235 2219/2647/2239 
f 2219/2647/2239 2220/2648/2240 2216/2644/2236 
f 2221/2649/2241 2217/2645/2237 2216/2644/2236 
f 2216/2644/2236 2220/2648/2240 2221/2649/2241 
f 2217/2645/2237 2221/2649/2241 2222/2650/2150 
f 2222/2650/2150 2218/2646/2238 2217/2645/2237 
f 2158/2559/2182 2160/2561/2184 2223/2651/2242 
f 2223/2651/2242 2219/2647/2239 2158/2559/2182 
f 2219/2647/2239 2223/2651/2242 2224/2652/2243 
f 2224/2652/2243 2220/2648/2240 2219/2647/2239 
f 2224/2652/2243 2225/2653/2244 2221/2649/2241 
f 2221/2649/2241 2220/2648/2240 2224/2652/2243 
f 2225/2653/2244 2226/2654/2245 2222/2650/2150 
f 2222/2650/2150 2221/2649/2241 2225/2653/2244 
f 2160/2561/2184 2162/2563/2186 2227/2655/2246 
f 2227/2655/2246 2223/2651/2242 2160/2561/2184 
f 2223/2651/2242 2227/2655/2246 2228/2656/2247 
f 2228/2656/2247 2224/2652/2243 2223/2651/2242 
f 2224/2652/2243 2228/2656/2247 2229/2657/2248 
f 2229/2657/2248 2225/2653/2244 2224/2652/2243 
f 2230/2658/2142 2226/2654/2245 2225/2653/2244 
f 2225/2653/2244 2229/2657/2248 2230/2658/2142 
f 2227/2655/2246 2162/2563/2186 2164/2566/2188 
f 2164/2566/2188 2231/2659/2249 2227/2655/2246 
f 2232/2660/2250 2228/2656/2247 2227/2655/2246 
f 2227/2655/2246 2231/2659/2249 2232/2660/2250 
f 2233/2661/2251 2229/2657/2248 2228/2656/2247 
f 2228/2656/2247 2232/2660/2250 2233/2661/2251 
f 2230/2658/2142 2229/2657/2248 2233/2661/2251 
f 2233/2661/2251 2234/2662/2138 2230/2658/2142 
f 2231/2659/2249 2164/2566/2188 2166/2567/2190 
f 2166/2567/2190 2235/2663/2252 2231/2659/2249 
f 2235/2663/2252 2236/2664/2253 2232/2660/2250 
f 2232/2660/2250 2231/2659/2249 2235/2663/2252 
f 2233/2661/2251 2232/2660/2250 2236/2664/2253 
f 2236/2664/2253 2237/2665/2254 2233/2661/2251 
f 2238/2666/2134 2234/2662/2138 2233/2661/2251 
f 2233/2661/2251 2237/2665/2254 2238/2666/2134 
f 2166/2567/2190 2167/2570/2191 2239/2667/2255 
f 2239/2667/2255 2235/2663/2252 2166/2567/2190 
f 2239/2667/2255 2240/2668/2256 2236/2664/2253 
f 2236/2664/2253 2235/2663/2252 2239/2667/2255 
f 2237/2665/2254 2236/2664/2253 2240/2668/2256 
f 2240/2668/2256 2241/2669/2257 2237/2665/2254 
f 2241/2669/2257 2242/2670/2258 2238/2666/2134 
f 2238/2666/2134 2237/2665/2254 2241/2669/2257 
f 2170/2572/2194 2243/2671/2259 2239/2667/2255 
f 2239/2667/2255 2167/2570/2191 2170/2572/2194 
f 2244/2672/2260 2240/2668/2256 2239/2667/2255 
f 2239/2667/2255 2243/2671/2259 2244/2672/2260 
f 2240/2668/2256 2244/2672/2260 2245/2673/2261 
f 2245/2673/2261 2241/2669/2257 2240/2668/2256 
f 2246/2674/2126 2242/2670/2258 2241/2669/2257 
f 2241/2669/2257 2245/2673/2261 2246/2674/2126 
f 2243/2671/2259 2170/2572/2194 2172/2573/2196 
f 2172/2573/2196 2247/2675/2262 2243/2671/2259 
f 2244/2672/2260 2243/2671/2259 2247/2675/2262 
f 2247/2675/2262 2248/2676/2263 2244/2672/2260 
f 2244/2672/2260 2248/2676/2263 2249/2677/2264 
f 2249/2677/2264 2245/2673/2261 2244/2672/2260 
f 2250/2678/2265 2246/2674/2126 2245/2673/2261 
f 2245/2673/2261 2249/2677/2264 2250/2678/2265 
f 2247/2675/2262 2172/2573/2196 2136/2538/2160 
f 2136/2538/2160 2251/2679/2266 2247/2675/2262 
f 2251/2679/2266 2252/2680/2267 2248/2676/2263 
f 2248/2676/2263 2247/2675/2262 2251/2679/2266 
f 2253/2681/2268 2249/2677/2264 2248/2676/2263 
f 2248/2676/2263 2252/2680/2267 2253/2681/2268 
f 2254/2682/2118 2250/2678/2265 2249/2677/2264 
f 2249/2677/2264 2253/2681/2268 2254/2682/2118 
f 2135/2539/2159 2176/2599/2200 2251/2679/2266 
f 2251/2679/2266 2136/2538/2160 2135/2539/2159 
f 2251/2679/2266 2176/2599/2200 2178/2601/2202 
f 2178/2601/2202 2252/2680/2267 2251/2679/2266 
f 2178/2601/2202 2180/2603/2204 2253/2681/2268 
f 2253/2681/2268 2252/2680/2267 2178/2601/2202 
f 2180/2603/2204 2182/2605/2114 2254/2682/2118 
f 2254/2682/2118 2253/2681/2268 2180/2603/2204 
f 2202/2697/2223 2206/2696/2227 2210/2695/2085 
f 2198/2698/2219 2202/2697/2223 2210/2695/2085 
f 2198/2698/2219 2210/2695/2085 2214/2694/2234 
f 2218/2693/2238 2222/2692/2150 2226/2691/2245 
f 2214/2694/2234 2218/2693/2238 2226/2691/2245 
f 2198/2698/2219 2214/2694/2234 2226/2691/2245 
f 2194/2699/2098 2198/2698/2219 2226/2691/2245 
f 2194/2699/2098 2226/2691/2245 2230/2690/2142 
f 2194/2699/2098 2230/2690/2142 2234/2689/2138 
f 2190/2700/2102 2194/2699/2098 2234/2689/2138 
f 2186/2701/2209 2190/2700/2102 2234/2689/2138 
f 2238/2688/2134 2242/2686/2258 2246/2685/2126 
f 2234/2689/2138 2238/2688/2134 2246/2685/2126 
f 2186/2701/2209 2234/2689/2138 2246/2685/2126 
f 2250/2684/2265 2254/2683/2118 2182/2687/2114 
f 2246/2685/2126 2250/2684/2265 2182/2687/2114 
f 2186/2701/2209 2246/2685/2126 2182/2687/2114 
f 2181/2702/2205 2186/2701/2209 2182/2687/2114 
# 472 faces

#
# object Cylinder_017_Cylinder_019
#

v  -0.1935 0.2130 -0.2891
v  -0.1934 0.2283 -0.2841
v  -0.1897 0.2353 -0.3057
v  -0.1897 0.2200 -0.3106
v  -0.1628 0.2312 -0.3453
v  -0.1627 0.2466 -0.3404
v  -0.1423 0.2497 -0.3502
v  -0.1422 0.2344 -0.3552
v  -0.1195 0.2507 -0.3534
v  -0.1195 0.2354 -0.3584
v  -0.0969 0.2495 -0.3498
v  -0.0969 0.2342 -0.3548
v  -0.0765 0.2309 -0.3447
v  -0.0765 0.2463 -0.3398
v  -0.0603 0.2412 -0.3241
v  -0.0604 0.2259 -0.3291
v  -0.0501 0.2348 -0.3047
v  -0.0502 0.2195 -0.3097
v  -0.0468 0.2278 -0.2830
v  -0.0467 0.2125 -0.2880
v  -0.0505 0.2055 -0.2665
v  -0.0505 0.2208 -0.2616
v  -0.0611 0.2145 -0.2421
v  -0.0611 0.1992 -0.2471
v  -0.0775 0.2096 -0.2268
v  -0.0774 0.1943 -0.2318
v  -0.0979 0.2064 -0.2170
v  -0.0980 0.1911 -0.2220
v  -0.1207 0.1901 -0.2188
v  -0.1207 0.2054 -0.2138
v  -0.1433 0.2066 -0.2174
v  -0.1433 0.1913 -0.2224
v  -0.1637 0.1946 -0.2324
v  -0.1637 0.2099 -0.2274
v  -0.1798 0.1996 -0.2479
v  -0.1798 0.2150 -0.2430
v  -0.1901 0.2213 -0.2625
v  -0.1901 0.2060 -0.2675
v  -0.1791 0.2416 -0.3250
v  -0.1791 0.2263 -0.3300
v  -0.1872 0.2475 -0.3009
v  -0.1770 0.2535 -0.3195
v  -0.1801 0.2572 -0.2952
v  -0.1709 0.2626 -0.3119
v  -0.1695 0.2632 -0.2896
v  -0.1619 0.2676 -0.3033
v  -0.1569 0.2643 -0.2848
v  -0.1514 0.2676 -0.2950
v  -0.1612 0.2583 -0.3343
v  -0.1568 0.2669 -0.3251
v  -0.1503 0.2711 -0.3142
v  -0.1427 0.2703 -0.3032
v  -0.1414 0.2613 -0.3437
v  -0.1392 0.2696 -0.3335
v  -0.1358 0.2734 -0.3211
v  -0.1318 0.2719 -0.3084
v  -0.1195 0.2623 -0.3469
v  -0.1196 0.2705 -0.3364
v  -0.1197 0.2741 -0.3234
v  -0.1198 0.2725 -0.3101
v  -0.0977 0.2612 -0.3434
v  -0.1001 0.2695 -0.3332
v  -0.1036 0.2733 -0.3209
v  -0.1078 0.2719 -0.3082
v  -0.0781 0.2580 -0.3337
v  -0.0824 0.2667 -0.3246
v  -0.0891 0.2709 -0.3138
v  -0.0969 0.2701 -0.3028
v  -0.0625 0.2531 -0.3187
v  -0.0685 0.2623 -0.3112
v  -0.0777 0.2673 -0.3027
v  -0.0884 0.2674 -0.2945
v  -0.0526 0.2470 -0.2999
v  -0.0598 0.2568 -0.2943
v  -0.0704 0.2628 -0.2888
v  -0.0829 0.2641 -0.2842
v  -0.0493 0.2402 -0.2791
v  -0.0568 0.2508 -0.2757
v  -0.0680 0.2578 -0.2735
v  -0.0811 0.2603 -0.2728
v  -0.0529 0.2335 -0.2583
v  -0.0600 0.2447 -0.2571
v  -0.0706 0.2529 -0.2582
v  -0.0832 0.2566 -0.2614
v  -0.0632 0.2274 -0.2396
v  -0.0692 0.2393 -0.2404
v  -0.0781 0.2484 -0.2445
v  -0.0888 0.2533 -0.2511
v  -0.0790 0.2226 -0.2248
v  -0.0833 0.2350 -0.2272
v  -0.0898 0.2449 -0.2336
v  -0.0974 0.2507 -0.2430
v  -0.0988 0.2196 -0.2154
v  -0.1010 0.2323 -0.2187
v  -0.1044 0.2427 -0.2267
v  -0.1083 0.2490 -0.2378
v  -0.1207 0.2186 -0.2123
v  -0.1206 0.2314 -0.2160
v  -0.1205 0.2419 -0.2243
v  -0.1204 0.2485 -0.2361
v  -0.1425 0.2198 -0.2157
v  -0.1401 0.2325 -0.2190
v  -0.1366 0.2428 -0.2269
v  -0.1324 0.2491 -0.2380
v  -0.1621 0.2229 -0.2254
v  -0.1577 0.2353 -0.2278
v  -0.1510 0.2451 -0.2340
v  -0.1431 0.2508 -0.2434
v  -0.1777 0.2278 -0.2404
v  -0.1716 0.2397 -0.2412
v  -0.1624 0.2487 -0.2451
v  -0.1517 0.2535 -0.2515
v  -0.1875 0.2340 -0.2593
v  -0.1804 0.2452 -0.2580
v  -0.1697 0.2532 -0.2590
v  -0.1571 0.2569 -0.2619
v  -0.1909 0.2407 -0.2801
v  -0.1833 0.2512 -0.2767
v  -0.1721 0.2582 -0.2743
v  -0.1589 0.2606 -0.2734
v  0.1601 0.2341 -0.3031
v  0.1635 0.2271 -0.2815
v  0.1635 0.2117 -0.2865
v  0.1600 0.2188 -0.3080
v  0.1134 0.2488 -0.3483
v  0.1338 0.2455 -0.3382
v  0.1337 0.2302 -0.3431
v  0.1134 0.2335 -0.3533
v  0.0907 0.2347 -0.3568
v  0.0908 0.2500 -0.3518
v  0.0680 0.2490 -0.3486
v  0.0680 0.2336 -0.3536
v  0.0475 0.2305 -0.3437
v  0.0475 0.2458 -0.3388
v  0.0311 0.2255 -0.3285
v  0.0312 0.2409 -0.3235
v  0.0205 0.2193 -0.3091
v  0.0205 0.2346 -0.3041
v  0.0167 0.2276 -0.2826
v  0.0168 0.2123 -0.2876
v  0.0201 0.2053 -0.2659
v  0.0202 0.2206 -0.2610
v  0.0304 0.1989 -0.2465
v  0.0304 0.2142 -0.2415
v  0.0465 0.1938 -0.2308
v  0.0465 0.2091 -0.2258
v  0.0669 0.1905 -0.2208
v  0.0669 0.2059 -0.2158
v  0.0895 0.1893 -0.2172
v  0.0895 0.2047 -0.2122
v  0.1122 0.1904 -0.2205
v  0.1123 0.2057 -0.2155
v  0.1327 0.2088 -0.2252
v  0.1328 0.1935 -0.2302
v  0.1491 0.1985 -0.2455
v  0.1491 0.2138 -0.2406
v  0.1597 0.2048 -0.2649
v  0.1597 0.2201 -0.2599
v  0.1499 0.2251 -0.3276
v  0.1498 0.2404 -0.3226
v  0.1477 0.2524 -0.3171
v  0.1576 0.2462 -0.2983
v  0.1417 0.2615 -0.3095
v  0.1505 0.2561 -0.2928
v  0.1326 0.2666 -0.3011
v  0.1399 0.2621 -0.2873
v  0.1218 0.2667 -0.2930
v  0.1273 0.2633 -0.2826
v  0.1322 0.2573 -0.3321
v  0.1278 0.2659 -0.3229
v  0.1212 0.2702 -0.3122
v  0.1133 0.2694 -0.3013
v  0.1126 0.2604 -0.3419
v  0.1102 0.2688 -0.3317
v  0.1067 0.2725 -0.3193
v  0.1025 0.2711 -0.3066
v  0.0907 0.2616 -0.3453
v  0.0906 0.2698 -0.3348
v  0.0906 0.2733 -0.3218
v  0.0905 0.2717 -0.3085
v  0.0689 0.2606 -0.3422
v  0.0711 0.2689 -0.3320
v  0.0745 0.2726 -0.3195
v  0.0784 0.2712 -0.3068
v  0.0490 0.2576 -0.3327
v  0.0534 0.2662 -0.3236
v  0.0599 0.2704 -0.3126
v  0.0676 0.2695 -0.3016
v  0.0332 0.2528 -0.3179
v  0.0393 0.2619 -0.3104
v  0.0483 0.2669 -0.3017
v  0.0589 0.2669 -0.2935
v  0.0231 0.2467 -0.2993
v  0.0301 0.2565 -0.2937
v  0.0408 0.2624 -0.2880
v  0.0533 0.2636 -0.2832
v  0.0194 0.2400 -0.2785
v  0.0269 0.2505 -0.2751
v  0.0381 0.2574 -0.2727
v  0.0513 0.2599 -0.2718
v  0.0227 0.2332 -0.2577
v  0.0299 0.2444 -0.2565
v  0.0405 0.2525 -0.2574
v  0.0531 0.2561 -0.2604
v  0.0325 0.2271 -0.2388
v  0.0386 0.2389 -0.2396
v  0.0478 0.2480 -0.2435
v  0.0585 0.2528 -0.2500
v  0.0481 0.2222 -0.2238
v  0.0525 0.2346 -0.2262
v  0.0592 0.2444 -0.2325
v  0.0670 0.2501 -0.2418
v  0.0677 0.2190 -0.2142
v  0.0701 0.2317 -0.2175
v  0.0736 0.2420 -0.2253
v  0.0778 0.2483 -0.2364
v  0.0895 0.2179 -0.2107
v  0.0896 0.2307 -0.2144
v  0.0897 0.2412 -0.2227
v  0.0898 0.2477 -0.2345
v  0.1114 0.2189 -0.2139
v  0.1092 0.2316 -0.2172
v  0.1058 0.2419 -0.2251
v  0.1019 0.2483 -0.2362
v  0.1312 0.2219 -0.2232
v  0.1269 0.2343 -0.2256
v  0.1205 0.2441 -0.2320
v  0.1127 0.2499 -0.2415
v  0.1470 0.2267 -0.2380
v  0.1410 0.2386 -0.2388
v  0.1321 0.2477 -0.2429
v  0.1214 0.2526 -0.2495
v  0.1573 0.2327 -0.2567
v  0.1502 0.2440 -0.2556
v  0.1396 0.2521 -0.2567
v  0.1271 0.2559 -0.2597
v  0.1609 0.2395 -0.2775
v  0.1534 0.2500 -0.2742
v  0.1423 0.2571 -0.2719
v  0.1291 0.2596 -0.2712
# 240 vertices

vn -1.0000 0.0035 -0.0072
vn -0.9951 0.0969 0.0231
vn -0.9438 0.1918 -0.2690
vn -0.9486 0.0988 -0.3008
vn -0.5814 0.2519 -0.7737
vn -0.5784 0.3441 -0.7396
vn -0.2998 0.3868 -0.8721
vn -0.3015 0.2948 -0.9068
vn 0.0080 0.4008 -0.9162
vn 0.0080 0.3088 -0.9511
vn 0.3152 0.3847 -0.8676
vn 0.3165 0.2926 -0.9023
vn 0.5942 0.2478 -0.7652
vn 0.5914 0.3400 -0.7311
vn 0.8099 0.2712 -0.5202
vn 0.8136 0.1787 -0.5532
vn 0.9490 0.1851 -0.2553
vn 0.9535 0.0921 -0.2870
vn 0.9952 0.0900 0.0375
vn 1.0000 -0.0035 0.0072
vn 0.9486 -0.0988 0.3008
vn 0.9441 -0.0049 0.3296
vn 0.8005 -0.0901 0.5925
vn 0.8042 -0.1844 0.5649
vn 0.5786 -0.1573 0.8003
vn 0.5814 -0.2519 0.7737
vn 0.3001 -0.1999 0.9328
vn 0.3015 -0.2948 0.9068
vn -0.0080 -0.3088 0.9511
vn -0.0079 -0.2139 0.9769
vn -0.3149 -0.1978 0.9283
vn -0.3165 -0.2926 0.9023
vn -0.5942 -0.2478 0.7652
vn -0.5912 -0.1531 0.7918
vn -0.8136 -0.1787 0.5532
vn -0.8096 -0.0844 0.5808
vn -0.9488 0.0018 0.3160
vn -0.9535 -0.0921 0.2870
vn -0.8003 0.2769 -0.5319
vn -0.8042 0.1844 -0.5649
vn -0.0011 -0.9511 -0.3088
vn -0.8771 0.4524 -0.1610
vn -0.7437 0.5316 -0.4053
vn -0.6752 0.7376 0.0023
vn -0.5724 0.7986 -0.1859
vn -0.3739 0.9127 0.1648
vn -0.3169 0.9465 0.0604
vn -0.0998 0.9563 0.2751
vn -0.0845 0.9653 0.2470
vn -0.5374 0.5941 -0.5985
vn -0.4135 0.8468 -0.3347
vn -0.2287 0.9732 -0.0221
vn -0.0608 0.9725 0.2248
vn -0.2784 0.6338 -0.7217
vn -0.2141 0.8773 -0.4295
vn -0.1181 0.9902 -0.0747
vn -0.0310 0.9771 0.2106
vn 0.0078 0.6468 -0.7627
vn 0.0065 0.8873 -0.4611
vn 0.0041 0.9957 -0.0923
vn 0.0020 0.9786 0.2059
vn 0.2933 0.6318 -0.7175
vn 0.2264 0.8758 -0.4263
vn 0.1261 0.9894 -0.0730
vn 0.0348 0.9769 0.2111
vn 0.5501 0.5903 -0.5906
vn 0.4243 0.8438 -0.3287
vn 0.2359 0.9716 -0.0187
vn 0.0643 0.9721 0.2257
vn 0.7532 0.5263 -0.3945
vn 0.5805 0.7945 -0.1776
vn 0.3226 0.9443 0.0650
vn 0.0877 0.9647 0.2483
vn 0.8825 0.4463 -0.1482
vn 0.6802 0.7329 0.0122
vn 0.3778 0.9101 0.1702
vn 0.1025 0.9555 0.2766
vn 0.9255 0.3578 0.1240
vn 0.7134 0.6648 0.2218
vn 0.3963 0.8723 0.2866
vn 0.1075 0.9453 0.3079
vn 0.8780 0.2697 0.3955
vn 0.6767 0.5969 0.4310
vn 0.3759 0.8347 0.4026
vn 0.1020 0.9352 0.3391
vn 0.7446 0.1905 0.6399
vn 0.5739 0.5358 0.6192
vn 0.3189 0.8008 0.5070
vn 0.0867 0.9261 0.3673
vn 0.5382 0.1280 0.8330
vn 0.4150 0.4877 0.7680
vn 0.2308 0.7741 0.5895
vn 0.0630 0.9189 0.3894
vn 0.2793 0.0883 0.9561
vn 0.2156 0.4571 0.8628
vn 0.1201 0.7572 0.6421
vn 0.0332 0.9144 0.4036
vn -0.0069 0.0753 0.9972
vn -0.0049 0.4472 0.8945
vn -0.0021 0.7516 0.6596
vn 0.0003 0.9128 0.4083
vn -0.2925 0.0903 0.9520
vn -0.2249 0.4587 0.8597
vn -0.1242 0.7580 0.6404
vn -0.0326 0.9146 0.4031
vn -0.5492 0.1318 0.8251
vn -0.4228 0.4907 0.7620
vn -0.2339 0.7757 0.5862
vn -0.0621 0.9193 0.3885
vn -0.7523 0.1958 0.6290
vn -0.5791 0.5398 0.6109
vn -0.3205 0.8030 0.5023
vn -0.0855 0.9267 0.3660
vn -0.8817 0.2758 0.3828
vn -0.6787 0.6016 0.4212
vn -0.3759 0.8372 0.3971
vn -0.1004 0.9360 0.3377
vn -0.9246 0.3643 0.1105
vn -0.7118 0.6697 0.2115
vn -0.3943 0.8750 0.2809
vn -0.1053 0.9461 0.3063
vn 0.9491 0.1850 -0.2550
vn 0.9952 0.0899 0.0379
vn 1.0000 -0.0037 0.0076
vn 0.9536 0.0920 -0.2866
vn 0.3156 0.3846 -0.8675
vn 0.5917 0.3399 -0.7309
vn 0.5946 0.2477 -0.7650
vn 0.3169 0.2926 -0.9022
vn 0.0084 0.3088 -0.9511
vn 0.0084 0.4008 -0.9162
vn -0.2994 0.3868 -0.8721
vn -0.3011 0.2948 -0.9069
vn -0.5810 0.2520 -0.7739
vn -0.5781 0.3442 -0.7398
vn -0.8040 0.1845 -0.5652
vn -0.8001 0.2770 -0.5322
vn -0.9485 0.0989 -0.3012
vn -0.9437 0.1919 -0.2693
vn -0.9951 0.0970 0.0227
vn -1.0000 0.0037 -0.0076
vn -0.9536 -0.0920 0.2866
vn -0.9489 0.0019 0.3156
vn -0.8138 -0.1786 0.5529
vn -0.8098 -0.0843 0.5805
vn -0.5945 -0.2477 0.7650
vn -0.5915 -0.1531 0.7916
vn -0.3169 -0.2926 0.9022
vn -0.3153 -0.1977 0.9282
vn -0.0084 -0.3088 0.9511
vn -0.0083 -0.2139 0.9769
vn 0.3011 -0.2948 0.9069
vn 0.2997 -0.2000 0.9329
vn 0.5783 -0.1573 0.8005
vn 0.5810 -0.2520 0.7739
vn 0.8040 -0.1845 0.5652
vn 0.8003 -0.0902 0.5928
vn 0.9485 -0.0989 0.3012
vn 0.9440 -0.0050 0.3300
vn 0.8138 0.1786 -0.5529
vn 0.8101 0.2711 -0.5199
vn 0.7535 0.5262 -0.3942
vn 0.8826 0.4462 -0.1479
vn 0.5807 0.7945 -0.1773
vn 0.6803 0.7328 0.0124
vn 0.3227 0.9443 0.0652
vn 0.3778 0.9101 0.1704
vn 0.5504 0.5903 -0.5904
vn 0.4245 0.8438 -0.3285
vn 0.2360 0.9716 -0.0186
vn 0.0644 0.9721 0.2257
vn 0.2937 0.6318 -0.7174
vn 0.2267 0.8757 -0.4262
vn 0.1262 0.9894 -0.0729
vn 0.0082 0.6468 -0.7627
vn 0.0067 0.8873 -0.4611
vn 0.0043 0.9957 -0.0923
vn -0.2780 0.6338 -0.7218
vn -0.2138 0.8774 -0.4296
vn -0.1180 0.9902 -0.0748
vn -0.5371 0.5941 -0.5987
vn -0.4133 0.8468 -0.3349
vn -0.2286 0.9732 -0.0222
vn -0.0607 0.9725 0.2248
vn -0.7434 0.5317 -0.4056
vn -0.5722 0.7986 -0.1862
vn -0.3168 0.9465 0.0602
vn -0.8770 0.4525 -0.1613
vn -0.6751 0.7377 0.0021
vn -0.3739 0.9127 0.1646
vn -0.9246 0.3644 0.1102
vn -0.7118 0.6698 0.2112
vn -0.3943 0.8751 0.2807
vn -0.8818 0.2759 0.3825
vn -0.6788 0.6017 0.4210
vn -0.3760 0.8373 0.3970
vn -0.1004 0.9360 0.3376
vn -0.7526 0.1959 0.6287
vn -0.5793 0.5400 0.6106
vn -0.3206 0.8030 0.5022
vn -0.5495 0.1318 0.8249
vn -0.4230 0.4907 0.7618
vn -0.2340 0.7757 0.5861
vn -0.0622 0.9193 0.3884
vn -0.2929 0.0903 0.9518
vn -0.2252 0.4587 0.8596
vn -0.1243 0.7580 0.6403
vn -0.0073 0.0753 0.9972
vn -0.0051 0.4472 0.8945
vn -0.0023 0.7516 0.6596
vn 0.0003 0.9129 0.4083
vn 0.2789 0.0883 0.9562
vn 0.2153 0.4571 0.8629
vn 0.1200 0.7572 0.6421
vn 0.5379 0.1280 0.8332
vn 0.4148 0.4877 0.7682
vn 0.2307 0.7741 0.5896
vn 0.0629 0.9189 0.3895
vn 0.7443 0.1904 0.6401
vn 0.5737 0.5357 0.6195
vn 0.3188 0.8008 0.5071
vn 0.8779 0.2696 0.3958
vn 0.6766 0.5968 0.4312
vn 0.3759 0.8346 0.4027
vn 0.1020 0.9352 0.3392
vn 0.9255 0.3577 0.1243
vn 0.7134 0.6647 0.2221
vn 0.3963 0.8722 0.2868
# 228 vertex normals

vt 0.6462 0.8451 0.0000
vt 0.6467 0.8438 0.0000
vt 0.6487 0.8443 0.0000
vt 0.6483 0.8458 0.0000
vt 0.6492 0.8224 0.0000
vt 0.6492 0.8236 0.0000
vt 0.6476 0.8237 0.0000
vt 0.6474 0.8225 0.0000
vt 0.6461 0.8240 0.0000
vt 0.6457 0.8229 0.0000
vt 0.6446 0.8246 0.0000
vt 0.6441 0.8235 0.0000
vt 0.6425 0.8244 0.0000
vt 0.6432 0.8254 0.0000
vt 0.6420 0.8265 0.0000
vt 0.6411 0.8256 0.0000
vt 0.6409 0.8277 0.0000
vt 0.6399 0.8270 0.0000
vt 0.6401 0.8292 0.0000
vt 0.6390 0.8286 0.0000
vt 0.6383 0.8304 0.0000
vt 0.6395 0.8308 0.0000
vt 0.6392 0.8324 0.0000
vt 0.6379 0.8323 0.0000
vt 0.6392 0.8342 0.0000
vt 0.6379 0.8342 0.0000
vt 0.6395 0.8359 0.0000
vt 0.6382 0.8362 0.0000
vt 0.6388 0.8381 0.0000
vt 0.6400 0.8376 0.0000
vt 0.6409 0.8392 0.0000
vt 0.6397 0.8399 0.0000
vt 0.6410 0.8416 0.0000
vt 0.6420 0.8407 0.0000
vt 0.6425 0.8430 0.0000
vt 0.6434 0.8419 0.0000
vt 0.6450 0.8430 0.0000
vt 0.6443 0.8442 0.0000
vt 0.6507 0.8447 0.0000
vt 0.6504 0.8462 0.0000
vt 0.6509 0.8224 0.0000
vt 0.6509 0.8236 0.0000
vt 0.7179 0.5906 0.0000
vt 0.7184 0.5889 0.0000
vt 0.7195 0.5875 0.0000
vt 0.7209 0.5865 0.0000
vt 0.7226 0.5859 0.0000
vt 0.7179 0.5924 0.0000
vt 0.7244 0.5859 0.0000
vt 0.7260 0.5865 0.0000
vt 0.7275 0.5875 0.0000
vt 0.7285 0.5889 0.0000
vt 0.7291 0.5906 0.0000
vt 0.7291 0.5924 0.0000
vt 0.7285 0.5941 0.0000
vt 0.7275 0.5955 0.0000
vt 0.7260 0.5966 0.0000
vt 0.7244 0.5971 0.0000
vt 0.7226 0.5971 0.0000
vt 0.7209 0.5966 0.0000
vt 0.7184 0.5941 0.0000
vt 0.7195 0.5955 0.0000
vt 0.6489 0.8432 0.0000
vt 0.6509 0.8434 0.0000
vt 0.6491 0.8421 0.0000
vt 0.6509 0.8421 0.0000
vt 0.6492 0.8409 0.0000
vt 0.6508 0.8408 0.0000
vt 0.6493 0.8396 0.0000
vt 0.6505 0.8395 0.0000
vt 0.6508 0.8247 0.0000
vt 0.6492 0.8245 0.0000
vt 0.6506 0.8256 0.0000
vt 0.6492 0.8254 0.0000
vt 0.6502 0.8266 0.0000
vt 0.6491 0.8263 0.0000
vt 0.6498 0.8275 0.0000
vt 0.6490 0.8273 0.0000
vt 0.6477 0.8246 0.0000
vt 0.6478 0.8254 0.0000
vt 0.6479 0.8263 0.0000
vt 0.6480 0.8273 0.0000
vt 0.6463 0.8249 0.0000
vt 0.6466 0.8257 0.0000
vt 0.6468 0.8266 0.0000
vt 0.6471 0.8275 0.0000
vt 0.6450 0.8254 0.0000
vt 0.6454 0.8262 0.0000
vt 0.6458 0.8270 0.0000
vt 0.6463 0.8279 0.0000
vt 0.6438 0.8262 0.0000
vt 0.6443 0.8269 0.0000
vt 0.6448 0.8276 0.0000
vt 0.6454 0.8284 0.0000
vt 0.6427 0.8271 0.0000
vt 0.6433 0.8277 0.0000
vt 0.6440 0.8284 0.0000
vt 0.6447 0.8291 0.0000
vt 0.6417 0.8283 0.0000
vt 0.6425 0.8288 0.0000
vt 0.6433 0.8293 0.0000
vt 0.6441 0.8299 0.0000
vt 0.6410 0.8296 0.0000
vt 0.6418 0.8299 0.0000
vt 0.6427 0.8303 0.0000
vt 0.6437 0.8308 0.0000
vt 0.6405 0.8310 0.0000
vt 0.6414 0.8312 0.0000
vt 0.6423 0.8315 0.0000
vt 0.6433 0.8317 0.0000
vt 0.6402 0.8325 0.0000
vt 0.6411 0.8326 0.0000
vt 0.6421 0.8327 0.0000
vt 0.6432 0.8328 0.0000
vt 0.6402 0.8341 0.0000
vt 0.6411 0.8340 0.0000
vt 0.6421 0.8339 0.0000
vt 0.6432 0.8338 0.0000
vt 0.6404 0.8357 0.0000
vt 0.6414 0.8354 0.0000
vt 0.6424 0.8352 0.0000
vt 0.6434 0.8349 0.0000
vt 0.6410 0.8372 0.0000
vt 0.6419 0.8368 0.0000
vt 0.6428 0.8364 0.0000
vt 0.6438 0.8359 0.0000
vt 0.6417 0.8386 0.0000
vt 0.6426 0.8381 0.0000
vt 0.6434 0.8375 0.0000
vt 0.6444 0.8368 0.0000
vt 0.6428 0.8399 0.0000
vt 0.6435 0.8392 0.0000
vt 0.6443 0.8385 0.0000
vt 0.6451 0.8377 0.0000
vt 0.6440 0.8411 0.0000
vt 0.6446 0.8403 0.0000
vt 0.6453 0.8394 0.0000
vt 0.6460 0.8384 0.0000
vt 0.6455 0.8420 0.0000
vt 0.6460 0.8411 0.0000
vt 0.6465 0.8401 0.0000
vt 0.6470 0.8390 0.0000
vt 0.6471 0.8427 0.0000
vt 0.6474 0.8417 0.0000
vt 0.6478 0.8406 0.0000
vt 0.6481 0.8394 0.0000
vt 0.5226 0.4183 0.0000
vt 0.5217 0.4180 0.0000
vt 0.5209 0.4174 0.0000
vt 0.5203 0.4167 0.0000
vt 0.5235 0.4183 0.0000
vt 0.5201 0.4158 0.0000
vt 0.5201 0.4148 0.0000
vt 0.5203 0.4140 0.0000
vt 0.5209 0.4132 0.0000
vt 0.5217 0.4126 0.0000
vt 0.5226 0.4123 0.0000
vt 0.5235 0.4123 0.0000
vt 0.5244 0.4126 0.0000
vt 0.5252 0.4132 0.0000
vt 0.5257 0.4140 0.0000
vt 0.5260 0.4148 0.0000
vt 0.5260 0.4158 0.0000
vt 0.5257 0.4167 0.0000
vt 0.5252 0.4174 0.0000
vt 0.5244 0.4180 0.0000
# 166 texture coords

o Cylinder_017_Cylinder_019
g Cylinder_017_Cylinder_019
f 2255/2703/2269 2256/2704/2270 2257/2705/2271 
f 2257/2705/2271 2258/2706/2272 2255/2703/2269 
f 2259/2707/2273 2260/2708/2274 2261/2709/2275 
f 2261/2709/2275 2262/2710/2276 2259/2707/2273 
f 2263/2711/2277 2264/2712/2278 2262/2710/2276 
f 2262/2710/2276 2261/2709/2275 2263/2711/2277 
f 2264/2712/2278 2263/2711/2277 2265/2713/2279 
f 2265/2713/2279 2266/2714/2280 2264/2712/2278 
f 2267/2715/2281 2266/2714/2280 2265/2713/2279 
f 2265/2713/2279 2268/2716/2282 2267/2715/2281 
f 2267/2715/2281 2268/2716/2282 2269/2717/2283 
f 2269/2717/2283 2270/2718/2284 2267/2715/2281 
f 2269/2717/2283 2271/2719/2285 2272/2720/2286 
f 2272/2720/2286 2270/2718/2284 2269/2717/2283 
f 2272/2720/2286 2271/2719/2285 2273/2721/2287 
f 2273/2721/2287 2274/2722/2288 2272/2720/2286 
f 2275/2723/2289 2274/2722/2288 2273/2721/2287 
f 2273/2721/2287 2276/2724/2290 2275/2723/2289 
f 2276/2724/2290 2277/2725/2291 2278/2726/2292 
f 2278/2726/2292 2275/2723/2289 2276/2724/2290 
f 2277/2725/2291 2279/2727/2293 2280/2728/2294 
f 2280/2728/2294 2278/2726/2292 2277/2725/2291 
f 2281/2729/2295 2282/2730/2296 2280/2728/2294 
f 2280/2728/2294 2279/2727/2293 2281/2729/2295 
f 2283/2731/2297 2282/2730/2296 2281/2729/2295 
f 2281/2729/2295 2284/2732/2298 2283/2731/2297 
f 2285/2733/2299 2286/2734/2300 2283/2731/2297 
f 2283/2731/2297 2284/2732/2298 2285/2733/2299 
f 2287/2735/2301 2286/2734/2300 2285/2733/2299 
f 2285/2733/2299 2288/2736/2302 2287/2735/2301 
f 2289/2737/2303 2287/2735/2301 2288/2736/2302 
f 2288/2736/2302 2290/2738/2304 2289/2737/2303 
f 2289/2737/2303 2290/2738/2304 2291/2739/2305 
f 2291/2739/2305 2292/2740/2306 2289/2737/2303 
f 2291/2739/2305 2256/2704/2270 2255/2703/2269 
f 2255/2703/2269 2292/2740/2306 2291/2739/2305 
f 2258/2706/2272 2257/2705/2271 2293/2741/2307 
f 2293/2741/2307 2294/2742/2308 2258/2706/2272 
f 2260/2708/2274 2259/2707/2273 2294/2743/2308 
f 2294/2743/2308 2293/2744/2307 2260/2708/2274 
f 2262/2745/2309 2264/2746/2309 2266/2747/2309 
f 2262/2745/2309 2266/2747/2309 2267/2748/2309 
f 2262/2745/2309 2267/2748/2309 2270/2749/2309 
f 2259/2750/2309 2262/2745/2309 2270/2749/2309 
f 2272/2751/2309 2274/2752/2309 2275/2753/2309 
f 2270/2749/2309 2272/2751/2309 2275/2753/2309 
f 2259/2750/2309 2270/2749/2309 2275/2753/2309 
f 2259/2750/2309 2275/2753/2309 2278/2754/2309 
f 2259/2750/2309 2278/2754/2309 2280/2755/2309 
f 2259/2750/2309 2280/2755/2309 2282/2756/2309 
f 2259/2750/2309 2282/2756/2309 2283/2757/2309 
f 2283/2757/2309 2286/2758/2309 2287/2759/2309 
f 2259/2750/2309 2283/2757/2309 2287/2759/2309 
f 2287/2759/2309 2289/2760/2309 2292/2761/2309 
f 2259/2750/2309 2287/2759/2309 2292/2761/2309 
f 2259/2750/2309 2292/2761/2309 2255/2762/2309 
f 2294/2763/2309 2259/2750/2309 2255/2762/2309 
f 2258/2764/2309 2294/2763/2309 2255/2762/2309 
f 2257/2705/2271 2295/2765/2310 2296/2766/2311 
f 2296/2766/2311 2293/2741/2307 2257/2705/2271 
f 2295/2765/2310 2297/2767/2312 2298/2768/2313 
f 2298/2768/2313 2296/2766/2311 2295/2765/2310 
f 2298/2768/2313 2297/2767/2312 2299/2769/2314 
f 2299/2769/2314 2300/2770/2315 2298/2768/2313 
f 2300/2770/2315 2299/2769/2314 2301/2771/2316 
f 2301/2771/2316 2302/2772/2317 2300/2770/2315 
f 2260/2708/2274 2293/2744/2307 2296/2773/2311 
f 2296/2773/2311 2303/2774/2318 2260/2708/2274 
f 2298/2775/2313 2304/2776/2319 2303/2774/2318 
f 2303/2774/2318 2296/2773/2311 2298/2775/2313 
f 2304/2776/2319 2298/2775/2313 2300/2777/2315 
f 2300/2777/2315 2305/2778/2320 2304/2776/2319 
f 2300/2777/2315 2302/2779/2317 2306/2780/2321 
f 2306/2780/2321 2305/2778/2320 2300/2777/2315 
f 2261/2709/2275 2260/2708/2274 2303/2774/2318 
f 2303/2774/2318 2307/2781/2322 2261/2709/2275 
f 2307/2781/2322 2303/2774/2318 2304/2776/2319 
f 2304/2776/2319 2308/2782/2323 2307/2781/2322 
f 2308/2782/2323 2304/2776/2319 2305/2778/2320 
f 2305/2778/2320 2309/2783/2324 2308/2782/2323 
f 2305/2778/2320 2306/2780/2321 2310/2784/2325 
f 2310/2784/2325 2309/2783/2324 2305/2778/2320 
f 2307/2781/2322 2311/2785/2326 2263/2711/2277 
f 2263/2711/2277 2261/2709/2275 2307/2781/2322 
f 2307/2781/2322 2308/2782/2323 2312/2786/2327 
f 2312/2786/2327 2311/2785/2326 2307/2781/2322 
f 2308/2782/2323 2309/2783/2324 2313/2787/2328 
f 2313/2787/2328 2312/2786/2327 2308/2782/2323 
f 2310/2784/2325 2314/2788/2329 2313/2787/2328 
f 2313/2787/2328 2309/2783/2324 2310/2784/2325 
f 2311/2785/2326 2315/2789/2330 2265/2713/2279 
f 2265/2713/2279 2263/2711/2277 2311/2785/2326 
f 2315/2789/2330 2311/2785/2326 2312/2786/2327 
f 2312/2786/2327 2316/2790/2331 2315/2789/2330 
f 2316/2790/2331 2312/2786/2327 2313/2787/2328 
f 2313/2787/2328 2317/2791/2332 2316/2790/2331 
f 2317/2791/2332 2313/2787/2328 2314/2788/2329 
f 2314/2788/2329 2318/2792/2333 2317/2791/2332 
f 2268/2716/2282 2265/2713/2279 2315/2789/2330 
f 2315/2789/2330 2319/2793/2334 2268/2716/2282 
f 2316/2790/2331 2320/2794/2335 2319/2793/2334 
f 2319/2793/2334 2315/2789/2330 2316/2790/2331 
f 2320/2794/2335 2316/2790/2331 2317/2791/2332 
f 2317/2791/2332 2321/2795/2336 2320/2794/2335 
f 2317/2791/2332 2318/2792/2333 2322/2796/2337 
f 2322/2796/2337 2321/2795/2336 2317/2791/2332 
f 2323/2797/2338 2269/2717/2283 2268/2716/2282 
f 2268/2716/2282 2319/2793/2334 2323/2797/2338 
f 2319/2793/2334 2320/2794/2335 2324/2798/2339 
f 2324/2798/2339 2323/2797/2338 2319/2793/2334 
f 2324/2798/2339 2320/2794/2335 2321/2795/2336 
f 2321/2795/2336 2325/2799/2340 2324/2798/2339 
f 2321/2795/2336 2322/2796/2337 2326/2800/2341 
f 2326/2800/2341 2325/2799/2340 2321/2795/2336 
f 2323/2797/2338 2327/2801/2342 2271/2719/2285 
f 2271/2719/2285 2269/2717/2283 2323/2797/2338 
f 2323/2797/2338 2324/2798/2339 2328/2802/2343 
f 2328/2802/2343 2327/2801/2342 2323/2797/2338 
f 2329/2803/2344 2328/2802/2343 2324/2798/2339 
f 2324/2798/2339 2325/2799/2340 2329/2803/2344 
f 2325/2799/2340 2326/2800/2341 2330/2804/2345 
f 2330/2804/2345 2329/2803/2344 2325/2799/2340 
f 2273/2721/2287 2271/2719/2285 2327/2801/2342 
f 2327/2801/2342 2331/2805/2346 2273/2721/2287 
f 2328/2802/2343 2332/2806/2347 2331/2805/2346 
f 2331/2805/2346 2327/2801/2342 2328/2802/2343 
f 2328/2802/2343 2329/2803/2344 2333/2807/2348 
f 2333/2807/2348 2332/2806/2347 2328/2802/2343 
f 2330/2804/2345 2334/2808/2349 2333/2807/2348 
f 2333/2807/2348 2329/2803/2344 2330/2804/2345 
f 2276/2724/2290 2273/2721/2287 2331/2805/2346 
f 2331/2805/2346 2335/2809/2350 2276/2724/2290 
f 2336/2810/2351 2335/2809/2350 2331/2805/2346 
f 2331/2805/2346 2332/2806/2347 2336/2810/2351 
f 2333/2807/2348 2337/2811/2352 2336/2810/2351 
f 2336/2810/2351 2332/2806/2347 2333/2807/2348 
f 2337/2811/2352 2333/2807/2348 2334/2808/2349 
f 2334/2808/2349 2338/2812/2353 2337/2811/2352 
f 2277/2725/2291 2276/2724/2290 2335/2809/2350 
f 2335/2809/2350 2339/2813/2354 2277/2725/2291 
f 2335/2809/2350 2336/2810/2351 2340/2814/2355 
f 2340/2814/2355 2339/2813/2354 2335/2809/2350 
f 2340/2814/2355 2336/2810/2351 2337/2811/2352 
f 2337/2811/2352 2341/2815/2356 2340/2814/2355 
f 2338/2812/2353 2342/2816/2357 2341/2815/2356 
f 2341/2815/2356 2337/2811/2352 2338/2812/2353 
f 2279/2727/2293 2277/2725/2291 2339/2813/2354 
f 2339/2813/2354 2343/2817/2358 2279/2727/2293 
f 2339/2813/2354 2340/2814/2355 2344/2818/2359 
f 2344/2818/2359 2343/2817/2358 2339/2813/2354 
f 2341/2815/2356 2345/2819/2360 2344/2818/2359 
f 2344/2818/2359 2340/2814/2355 2341/2815/2356 
f 2345/2819/2360 2341/2815/2356 2342/2816/2357 
f 2342/2816/2357 2346/2820/2361 2345/2819/2360 
f 2281/2729/2295 2279/2727/2293 2343/2817/2358 
f 2343/2817/2358 2347/2821/2362 2281/2729/2295 
f 2344/2818/2359 2348/2822/2363 2347/2821/2362 
f 2347/2821/2362 2343/2817/2358 2344/2818/2359 
f 2348/2822/2363 2344/2818/2359 2345/2819/2360 
f 2345/2819/2360 2349/2823/2364 2348/2822/2363 
f 2345/2819/2360 2346/2820/2361 2350/2824/2365 
f 2350/2824/2365 2349/2823/2364 2345/2819/2360 
f 2284/2732/2298 2281/2729/2295 2347/2821/2362 
f 2347/2821/2362 2351/2825/2366 2284/2732/2298 
f 2351/2825/2366 2347/2821/2362 2348/2822/2363 
f 2348/2822/2363 2352/2826/2367 2351/2825/2366 
f 2353/2827/2368 2352/2826/2367 2348/2822/2363 
f 2348/2822/2363 2349/2823/2364 2353/2827/2368 
f 2350/2824/2365 2354/2828/2369 2353/2827/2368 
f 2353/2827/2368 2349/2823/2364 2350/2824/2365 
f 2284/2732/2298 2351/2825/2366 2355/2829/2370 
f 2355/2829/2370 2285/2733/2299 2284/2732/2298 
f 2351/2825/2366 2352/2826/2367 2356/2830/2371 
f 2356/2830/2371 2355/2829/2370 2351/2825/2366 
f 2356/2830/2371 2352/2826/2367 2353/2827/2368 
f 2353/2827/2368 2357/2831/2372 2356/2830/2371 
f 2353/2827/2368 2354/2828/2369 2358/2832/2373 
f 2358/2832/2373 2357/2831/2372 2353/2827/2368 
f 2285/2733/2299 2355/2829/2370 2359/2833/2374 
f 2359/2833/2374 2288/2736/2302 2285/2733/2299 
f 2355/2829/2370 2356/2830/2371 2360/2834/2375 
f 2360/2834/2375 2359/2833/2374 2355/2829/2370 
f 2356/2830/2371 2357/2831/2372 2361/2835/2376 
f 2361/2835/2376 2360/2834/2375 2356/2830/2371 
f 2362/2836/2377 2361/2835/2376 2357/2831/2372 
f 2357/2831/2372 2358/2832/2373 2362/2836/2377 
f 2290/2738/2304 2288/2736/2302 2359/2833/2374 
f 2359/2833/2374 2363/2837/2378 2290/2738/2304 
f 2360/2834/2375 2364/2838/2379 2363/2837/2378 
f 2363/2837/2378 2359/2833/2374 2360/2834/2375 
f 2364/2838/2379 2360/2834/2375 2361/2835/2376 
f 2361/2835/2376 2365/2839/2380 2364/2838/2379 
f 2361/2835/2376 2362/2836/2377 2366/2840/2381 
f 2366/2840/2381 2365/2839/2380 2361/2835/2376 
f 2363/2837/2378 2367/2841/2382 2291/2739/2305 
f 2291/2739/2305 2290/2738/2304 2363/2837/2378 
f 2367/2841/2382 2363/2837/2378 2364/2838/2379 
f 2364/2838/2379 2368/2842/2383 2367/2841/2382 
f 2364/2838/2379 2365/2839/2380 2369/2843/2384 
f 2369/2843/2384 2368/2842/2383 2364/2838/2379 
f 2365/2839/2380 2366/2840/2381 2370/2844/2385 
f 2370/2844/2385 2369/2843/2384 2365/2839/2380 
f 2256/2704/2270 2291/2739/2305 2367/2841/2382 
f 2367/2841/2382 2371/2845/2386 2256/2704/2270 
f 2367/2841/2382 2368/2842/2383 2372/2846/2387 
f 2372/2846/2387 2371/2845/2386 2367/2841/2382 
f 2372/2846/2387 2368/2842/2383 2369/2843/2384 
f 2369/2843/2384 2373/2847/2388 2372/2846/2387 
f 2369/2843/2384 2370/2844/2385 2374/2848/2389 
f 2374/2848/2389 2373/2847/2388 2369/2843/2384 
f 2295/2765/2310 2257/2705/2271 2256/2704/2270 
f 2256/2704/2270 2371/2845/2386 2295/2765/2310 
f 2371/2845/2386 2372/2846/2387 2297/2767/2312 
f 2297/2767/2312 2295/2765/2310 2371/2845/2386 
f 2373/2847/2388 2299/2769/2314 2297/2767/2312 
f 2297/2767/2312 2372/2846/2387 2373/2847/2388 
f 2373/2847/2388 2374/2848/2389 2301/2771/2316 
f 2301/2771/2316 2299/2769/2314 2373/2847/2388 
f 2374/2849/2389 2370/2850/2385 2366/2851/2381 
f 2374/2849/2389 2366/2851/2381 2362/2852/2377 
f 2301/2853/2316 2374/2849/2389 2362/2852/2377 
f 2301/2853/2316 2362/2852/2377 2358/2854/2373 
f 2301/2853/2316 2358/2854/2373 2354/2855/2369 
f 2354/2855/2369 2350/2856/2365 2346/2857/2361 
f 2346/2857/2361 2342/2858/2357 2338/2859/2353 
f 2354/2855/2369 2346/2857/2361 2338/2859/2353 
f 2301/2853/2316 2354/2855/2369 2338/2859/2353 
f 2334/2860/2349 2330/2861/2345 2326/2862/2341 
f 2338/2859/2353 2334/2860/2349 2326/2862/2341 
f 2301/2853/2316 2338/2859/2353 2326/2862/2341 
f 2301/2853/2316 2326/2862/2341 2322/2863/2337 
f 2301/2853/2316 2322/2863/2337 2318/2864/2333 
f 2318/2864/2333 2314/2865/2329 2310/2866/2325 
f 2301/2853/2316 2318/2864/2333 2310/2866/2325 
f 2301/2853/2316 2310/2866/2325 2306/2867/2321 
f 2302/2868/2317 2301/2853/2316 2306/2867/2321 
f 2375/2705/2390 2376/2704/2391 2377/2703/2392 
f 2377/2703/2392 2378/2706/2393 2375/2705/2390 
f 2379/2709/2394 2380/2708/2395 2381/2707/2396 
f 2381/2707/2396 2382/2710/2397 2379/2709/2394 
f 2383/2712/2398 2384/2711/2399 2379/2709/2394 
f 2379/2709/2394 2382/2710/2397 2383/2712/2398 
f 2385/2713/2400 2384/2711/2399 2383/2712/2398 
f 2383/2712/2398 2386/2714/2401 2385/2713/2400 
f 2385/2713/2400 2386/2714/2401 2387/2715/2402 
f 2387/2715/2402 2388/2716/2403 2385/2713/2400 
f 2387/2715/2402 2389/2718/2404 2390/2717/2405 
f 2390/2717/2405 2388/2716/2403 2387/2715/2402 
f 2391/2720/2406 2392/2719/2407 2390/2717/2405 
f 2390/2717/2405 2389/2718/2404 2391/2720/2406 
f 2393/2721/2408 2392/2719/2407 2391/2720/2406 
f 2391/2720/2406 2394/2722/2409 2393/2721/2408 
f 2394/2722/2409 2395/2723/2410 2396/2724/2411 
f 2396/2724/2411 2393/2721/2408 2394/2722/2409 
f 2395/2723/2410 2397/2726/2412 2398/2725/2413 
f 2398/2725/2413 2396/2724/2411 2395/2723/2410 
f 2399/2728/2414 2400/2727/2415 2398/2725/2413 
f 2398/2725/2413 2397/2726/2412 2399/2728/2414 
f 2401/2730/2416 2402/2729/2417 2400/2727/2415 
f 2400/2727/2415 2399/2728/2414 2401/2730/2416 
f 2403/2731/2418 2404/2732/2419 2402/2729/2417 
f 2402/2729/2417 2401/2730/2416 2403/2731/2418 
f 2405/2734/2420 2406/2733/2421 2404/2732/2419 
f 2404/2732/2419 2403/2731/2418 2405/2734/2420 
f 2407/2736/2422 2406/2733/2421 2405/2734/2420 
f 2405/2734/2420 2408/2735/2423 2407/2736/2422 
f 2408/2735/2423 2409/2737/2424 2410/2738/2425 
f 2410/2738/2425 2407/2736/2422 2408/2735/2423 
f 2409/2737/2424 2411/2740/2426 2412/2739/2427 
f 2412/2739/2427 2410/2738/2425 2409/2737/2424 
f 2411/2740/2426 2377/2703/2392 2376/2704/2391 
f 2376/2704/2391 2412/2739/2427 2411/2740/2426 
f 2378/2706/2393 2413/2742/2428 2414/2741/2429 
f 2414/2741/2429 2375/2705/2390 2378/2706/2393 
f 2380/2708/2395 2414/2744/2429 2413/2743/2428 
f 2413/2743/2428 2381/2707/2396 2380/2708/2395 
f 2377/2762/2309 2411/2761/2309 2409/2760/2309 
f 2408/2759/2309 2405/2758/2309 2403/2757/2309 
f 2403/2757/2309 2401/2756/2309 2399/2755/2309 
f 2399/2755/2309 2397/2754/2309 2395/2753/2309 
f 2403/2757/2309 2399/2755/2309 2395/2753/2309 
f 2408/2759/2309 2403/2757/2309 2395/2753/2309 
f 2408/2759/2309 2395/2753/2309 2394/2752/2309 
f 2409/2760/2309 2408/2759/2309 2394/2752/2309 
f 2377/2762/2309 2409/2760/2309 2394/2752/2309 
f 2394/2752/2309 2391/2751/2309 2389/2749/2309 
f 2377/2762/2309 2394/2752/2309 2389/2749/2309 
f 2378/2764/2309 2377/2762/2309 2389/2749/2309 
f 2378/2764/2309 2389/2749/2309 2387/2748/2309 
f 2387/2748/2309 2386/2747/2309 2383/2746/2309 
f 2378/2764/2309 2387/2748/2309 2383/2746/2309 
f 2378/2764/2309 2383/2746/2309 2382/2745/2309 
f 2378/2764/2309 2382/2745/2309 2381/2750/2309 
f 2378/2764/2309 2381/2750/2309 2413/2763/2309 
f 2375/2705/2390 2414/2741/2429 2415/2766/2430 
f 2415/2766/2430 2416/2765/2431 2375/2705/2390 
f 2416/2765/2431 2415/2766/2430 2417/2768/2432 
f 2417/2768/2432 2418/2767/2433 2416/2765/2431 
f 2417/2768/2432 2419/2770/2434 2420/2769/2435 
f 2420/2769/2435 2418/2767/2433 2417/2768/2432 
f 2419/2770/2434 2421/2772/2341 2422/2771/2345 
f 2422/2771/2345 2420/2769/2435 2419/2770/2434 
f 2380/2708/2395 2423/2774/2436 2415/2773/2430 
f 2415/2773/2430 2414/2744/2429 2380/2708/2395 
f 2424/2776/2437 2417/2775/2432 2415/2773/2430 
f 2415/2773/2430 2423/2774/2436 2424/2776/2437 
f 2417/2775/2432 2424/2776/2437 2425/2778/2438 
f 2425/2778/2438 2419/2777/2434 2417/2775/2432 
f 2419/2777/2434 2425/2778/2438 2426/2780/2439 
f 2426/2780/2439 2421/2779/2341 2419/2777/2434 
f 2423/2774/2436 2380/2708/2395 2379/2709/2394 
f 2379/2709/2394 2427/2781/2440 2423/2774/2436 
f 2423/2774/2436 2427/2781/2440 2428/2782/2441 
f 2428/2782/2441 2424/2776/2437 2423/2774/2436 
f 2428/2782/2441 2429/2783/2442 2425/2778/2438 
f 2425/2778/2438 2424/2776/2437 2428/2782/2441 
f 2430/2784/2333 2426/2780/2439 2425/2778/2438 
f 2425/2778/2438 2429/2783/2442 2430/2784/2333 
f 2379/2709/2394 2384/2711/2399 2431/2785/2443 
f 2431/2785/2443 2427/2781/2440 2379/2709/2394 
f 2427/2781/2440 2431/2785/2443 2432/2786/2444 
f 2432/2786/2444 2428/2782/2441 2427/2781/2440 
f 2433/2787/2445 2429/2783/2442 2428/2782/2441 
f 2428/2782/2441 2432/2786/2444 2433/2787/2445 
f 2430/2784/2333 2429/2783/2442 2433/2787/2445 
f 2433/2787/2445 2434/2788/2329 2430/2784/2333 
f 2431/2785/2443 2384/2711/2399 2385/2713/2400 
f 2385/2713/2400 2435/2789/2446 2431/2785/2443 
f 2432/2786/2444 2431/2785/2443 2435/2789/2446 
f 2435/2789/2446 2436/2790/2447 2432/2786/2444 
f 2436/2790/2447 2437/2791/2448 2433/2787/2445 
f 2433/2787/2445 2432/2786/2444 2436/2790/2447 
f 2433/2787/2445 2437/2791/2448 2438/2792/2325 
f 2438/2792/2325 2434/2788/2329 2433/2787/2445 
f 2388/2716/2403 2439/2793/2449 2435/2789/2446 
f 2435/2789/2446 2385/2713/2400 2388/2716/2403 
f 2439/2793/2449 2440/2794/2450 2436/2790/2447 
f 2436/2790/2447 2435/2789/2446 2439/2793/2449 
f 2437/2791/2448 2436/2790/2447 2440/2794/2450 
f 2440/2794/2450 2441/2795/2451 2437/2791/2448 
f 2441/2795/2451 2442/2796/2452 2438/2792/2325 
f 2438/2792/2325 2437/2791/2448 2441/2795/2451 
f 2439/2793/2449 2388/2716/2403 2390/2717/2405 
f 2390/2717/2405 2443/2797/2453 2439/2793/2449 
f 2443/2797/2453 2444/2798/2454 2440/2794/2450 
f 2440/2794/2450 2439/2793/2449 2443/2797/2453 
f 2445/2799/2455 2441/2795/2451 2440/2794/2450 
f 2440/2794/2450 2444/2798/2454 2445/2799/2455 
f 2445/2799/2455 2446/2800/2317 2442/2796/2452 
f 2442/2796/2452 2441/2795/2451 2445/2799/2455 
f 2392/2719/2407 2447/2801/2456 2443/2797/2453 
f 2443/2797/2453 2390/2717/2405 2392/2719/2407 
f 2447/2801/2456 2448/2802/2457 2444/2798/2454 
f 2444/2798/2454 2443/2797/2453 2447/2801/2456 
f 2449/2803/2458 2445/2799/2455 2444/2798/2454 
f 2444/2798/2454 2448/2802/2457 2449/2803/2458 
f 2445/2799/2455 2449/2803/2458 2450/2804/2316 
f 2450/2804/2316 2446/2800/2317 2445/2799/2455 
f 2393/2721/2408 2451/2805/2459 2447/2801/2456 
f 2447/2801/2456 2392/2719/2407 2393/2721/2408 
f 2452/2806/2460 2448/2802/2457 2447/2801/2456 
f 2447/2801/2456 2451/2805/2459 2452/2806/2460 
f 2452/2806/2460 2453/2807/2461 2449/2803/2458 
f 2449/2803/2458 2448/2802/2457 2452/2806/2460 
f 2449/2803/2458 2453/2807/2461 2454/2808/2389 
f 2454/2808/2389 2450/2804/2316 2449/2803/2458 
f 2451/2805/2459 2393/2721/2408 2396/2724/2411 
f 2396/2724/2411 2455/2809/2462 2451/2805/2459 
f 2451/2805/2459 2455/2809/2462 2456/2810/2463 
f 2456/2810/2463 2452/2806/2460 2451/2805/2459 
f 2453/2807/2461 2452/2806/2460 2456/2810/2463 
f 2456/2810/2463 2457/2811/2464 2453/2807/2461 
f 2453/2807/2461 2457/2811/2464 2458/2812/2465 
f 2458/2812/2465 2454/2808/2389 2453/2807/2461 
f 2455/2809/2462 2396/2724/2411 2398/2725/2413 
f 2398/2725/2413 2459/2813/2466 2455/2809/2462 
f 2456/2810/2463 2455/2809/2462 2459/2813/2466 
f 2459/2813/2466 2460/2814/2467 2456/2810/2463 
f 2461/2815/2468 2457/2811/2464 2456/2810/2463 
f 2456/2810/2463 2460/2814/2467 2461/2815/2468 
f 2457/2811/2464 2461/2815/2468 2462/2816/2381 
f 2462/2816/2381 2458/2812/2465 2457/2811/2464 
f 2398/2725/2413 2400/2727/2415 2463/2817/2469 
f 2463/2817/2469 2459/2813/2466 2398/2725/2413 
f 2459/2813/2466 2463/2817/2469 2464/2818/2470 
f 2464/2818/2470 2460/2814/2467 2459/2813/2466 
f 2464/2818/2470 2465/2819/2471 2461/2815/2468 
f 2461/2815/2468 2460/2814/2467 2464/2818/2470 
f 2465/2819/2471 2466/2820/2472 2462/2816/2381 
f 2462/2816/2381 2461/2815/2468 2465/2819/2471 
f 2400/2727/2415 2402/2729/2417 2467/2821/2473 
f 2467/2821/2473 2463/2817/2469 2400/2727/2415 
f 2463/2817/2469 2467/2821/2473 2468/2822/2474 
f 2468/2822/2474 2464/2818/2470 2463/2817/2469 
f 2464/2818/2470 2468/2822/2474 2469/2823/2475 
f 2469/2823/2475 2465/2819/2471 2464/2818/2470 
f 2470/2824/2373 2466/2820/2472 2465/2819/2471 
f 2465/2819/2471 2469/2823/2475 2470/2824/2373 
f 2467/2821/2473 2402/2729/2417 2404/2732/2419 
f 2404/2732/2419 2471/2825/2476 2467/2821/2473 
f 2472/2826/2477 2468/2822/2474 2467/2821/2473 
f 2467/2821/2473 2471/2825/2476 2472/2826/2477 
f 2473/2827/2478 2469/2823/2475 2468/2822/2474 
f 2468/2822/2474 2472/2826/2477 2473/2827/2478 
f 2470/2824/2373 2469/2823/2475 2473/2827/2478 
f 2473/2827/2478 2474/2828/2479 2470/2824/2373 
f 2471/2825/2476 2404/2732/2419 2406/2733/2421 
f 2406/2733/2421 2475/2829/2480 2471/2825/2476 
f 2475/2829/2480 2476/2830/2481 2472/2826/2477 
f 2472/2826/2477 2471/2825/2476 2475/2829/2480 
f 2473/2827/2478 2472/2826/2477 2476/2830/2481 
f 2476/2830/2481 2477/2831/2482 2473/2827/2478 
f 2478/2832/2365 2474/2828/2479 2473/2827/2478 
f 2473/2827/2478 2477/2831/2482 2478/2832/2365 
f 2406/2733/2421 2407/2736/2422 2479/2833/2483 
f 2479/2833/2483 2475/2829/2480 2406/2733/2421 
f 2479/2833/2483 2480/2834/2484 2476/2830/2481 
f 2476/2830/2481 2475/2829/2480 2479/2833/2483 
f 2477/2831/2482 2476/2830/2481 2480/2834/2484 
f 2480/2834/2484 2481/2835/2485 2477/2831/2482 
f 2481/2835/2485 2482/2836/2486 2478/2832/2365 
f 2478/2832/2365 2477/2831/2482 2481/2835/2485 
f 2410/2738/2425 2483/2837/2487 2479/2833/2483 
f 2479/2833/2483 2407/2736/2422 2410/2738/2425 
f 2484/2838/2488 2480/2834/2484 2479/2833/2483 
f 2479/2833/2483 2483/2837/2487 2484/2838/2488 
f 2480/2834/2484 2484/2838/2488 2485/2839/2489 
f 2485/2839/2489 2481/2835/2485 2480/2834/2484 
f 2486/2840/2357 2482/2836/2486 2481/2835/2485 
f 2481/2835/2485 2485/2839/2489 2486/2840/2357 
f 2483/2837/2487 2410/2738/2425 2412/2739/2427 
f 2412/2739/2427 2487/2841/2490 2483/2837/2487 
f 2484/2838/2488 2483/2837/2487 2487/2841/2490 
f 2487/2841/2490 2488/2842/2491 2484/2838/2488 
f 2484/2838/2488 2488/2842/2491 2489/2843/2492 
f 2489/2843/2492 2485/2839/2489 2484/2838/2488 
f 2490/2844/2493 2486/2840/2357 2485/2839/2489 
f 2485/2839/2489 2489/2843/2492 2490/2844/2493 
f 2487/2841/2490 2412/2739/2427 2376/2704/2391 
f 2376/2704/2391 2491/2845/2494 2487/2841/2490 
f 2491/2845/2494 2492/2846/2495 2488/2842/2491 
f 2488/2842/2491 2487/2841/2490 2491/2845/2494 
f 2493/2847/2496 2489/2843/2492 2488/2842/2491 
f 2488/2842/2491 2492/2846/2495 2493/2847/2496 
f 2494/2848/2349 2490/2844/2493 2489/2843/2492 
f 2489/2843/2492 2493/2847/2496 2494/2848/2349 
f 2375/2705/2390 2416/2765/2431 2491/2845/2494 
f 2491/2845/2494 2376/2704/2391 2375/2705/2390 
f 2491/2845/2494 2416/2765/2431 2418/2767/2433 
f 2418/2767/2433 2492/2846/2495 2491/2845/2494 
f 2418/2767/2433 2420/2769/2435 2493/2847/2496 
f 2493/2847/2496 2492/2846/2495 2418/2767/2433 
f 2420/2769/2435 2422/2771/2345 2494/2848/2349 
f 2494/2848/2349 2493/2847/2496 2420/2769/2435 
f 2442/2863/2452 2446/2862/2317 2450/2861/2316 
f 2438/2864/2325 2442/2863/2452 2450/2861/2316 
f 2438/2864/2325 2450/2861/2316 2454/2860/2389 
f 2458/2859/2465 2462/2858/2381 2466/2857/2472 
f 2454/2860/2389 2458/2859/2465 2466/2857/2472 
f 2438/2864/2325 2454/2860/2389 2466/2857/2472 
f 2434/2865/2329 2438/2864/2325 2466/2857/2472 
f 2434/2865/2329 2466/2857/2472 2470/2856/2373 
f 2434/2865/2329 2470/2856/2373 2474/2855/2479 
f 2430/2866/2333 2434/2865/2329 2474/2855/2479 
f 2426/2867/2439 2430/2866/2333 2474/2855/2479 
f 2478/2854/2365 2482/2852/2486 2486/2851/2357 
f 2474/2855/2479 2478/2854/2365 2486/2851/2357 
f 2426/2867/2439 2474/2855/2479 2486/2851/2357 
f 2490/2850/2493 2494/2849/2349 2422/2853/2345 
f 2486/2851/2357 2490/2850/2493 2422/2853/2345 
f 2426/2867/2439 2486/2851/2357 2422/2853/2345 
f 2421/2868/2341 2426/2867/2439 2422/2853/2345 
# 472 faces

